Fecha,Precipitacion_mm,Temperatura_C,Humedad_Relativa_%,Velocidad_Viento_m_s,Humedad_Suelo_Superficie_m3_m3,Humedad_Suelo_Raices_m3_m3,Radiacion_Solar_MJ_m2
2011-08-07,2.74,23.21,80.23,0.14,0.40706443786621094,0.41491444905598956,17.71
2011-08-08,0.09,24.3,72.49,0.16,0.4022388458251953,0.4101524353027344,22.82
2011-08-09,0.51,24.05,74.14,0.69,0.38283856709798175,0.4029528299967448,20.17
2011-08-10,0.61,24.17,70.63,0.47,0.3707459767659505,0.395999272664388,19.85
2011-08-11,0.57,24.4,69.13,0.14,0.36030324300130206,0.38922373453776044,20.64
2011-08-12,0.27,23.3,74.33,0.15,0.35097821553548175,0.38287989298502606,16.33
2011-08-13,3.44,22.77,77.78,0.9,0.3590373992919922,0.3779792785644531,18.82
2011-08-14,3.58,22.86,80.57,0.96,0.3817850748697917,0.37457529703776044,18.95
2011-08-15,2.36,23.09,80.14,0.34,0.38088734944661456,0.37214024861653644,17.77
2011-08-16,4.98,22.74,80.46,0.39,0.4030628204345703,0.37151654561360675,19.0
2011-08-17,5.07,22.58,81.48,0.22,0.4076118469238281,0.37267621358235675,20.02
2011-08-18,7.84,22.98,80.84,0.2,0.4349772135416667,0.3787759145100911,17.85
2011-08-19,10.22,22.17,88.1,0.2,0.45697593688964844,0.399044672648112,15.57
2011-08-20,4.21,22.22,86.46,0.14,0.4486509958902995,0.41725730895996094,16.47
2011-08-21,1.86,22.71,80.8,0.43,0.4391180674235026,0.4213250478108724,19.15
2011-08-22,1.6,22.84,79.38,0.24,0.4214528401692708,0.41792551676432294,19.71
2011-08-23,4.65,22.32,83.62,0.59,0.425991694132487,0.41391754150390625,16.71
2011-08-24,22.11,21.97,86.23,0.69,0.4679876963297526,0.4529914855957031,12.91
2011-08-25,6.97,22.45,84.33,0.28,0.47130393981933594,0.46078745524088544,14.43
2011-08-26,16.01,23.32,81.09,0.32,0.4635569254557292,0.4608580271402995,17.64
2011-08-27,12.27,22.85,82.34,0.09,0.4490655263264974,0.4588921864827474,17.22
2011-08-28,7.48,22.73,83.44,0.49,0.45693079630533856,0.46300633748372394,16.99
2011-08-29,4.09,22.8,81.07,0.12,0.4291954040527344,0.4511648813883464,14.5
2011-08-30,1.39,23.35,79.69,0.36,0.4376182556152344,0.4439493815104167,19.34
2011-08-31,0.53,24.18,74.88,0.41,0.4260323842366536,0.4363994598388672,20.96
2011-09-01,1.23,24.23,76.67,0.19,0.4134712219238281,0.4282004038492839,17.12
2011-09-02,3.71,23.34,75.59,0.33,0.41656748453776044,0.4223670959472656,13.02
2011-09-03,5.5,22.39,80.26,0.53,0.4332574208577474,0.42064666748046875,15.29
2011-09-04,1.42,22.74,77.0,0.05,0.4418786366780599,0.42489178975423175,20.5
2011-09-05,0.89,23.26,74.83,0.17,0.42218271891276044,0.42224375406901044,21.15
2011-09-06,0.29,24.31,69.36,0.44,0.40510813395182294,0.4161211649576823,24.42
2011-09-07,1.15,24.66,69.56,0.87,0.3870340983072917,0.4079119364420573,21.49
2011-09-08,11.14,22.88,83.69,0.4,0.3952903747558594,0.40153249104817706,17.78
2011-09-09,20.72,21.04,89.84,0.54,0.45786603291829425,0.4533729553222656,12.79
2011-09-10,29.56,22.04,85.11,0.35,0.44944000244140625,0.4679114023844401,14.62
2011-09-11,6.26,22.2,85.48,0.44,0.4641774495442708,0.45972251892089844,17.18
2011-09-12,9.33,22.33,85.48,0.36,0.4719594319661458,0.4612159729003906,14.26
2011-09-13,8.87,23.11,81.57,0.15,0.465091069539388,0.4710502624511719,13.93
2011-09-14,14.32,23.44,81.73,0.4,0.4372844696044922,0.45792388916015625,19.72
2011-09-15,4.83,23.29,78.76,0.09,0.4687945048014323,0.4713560740152995,20.43
2011-09-16,12.49,22.94,84.09,0.68,0.44834327697753906,0.4627087910970052,17.53
2011-09-17,18.53,22.0,84.79,0.48,0.4668172200520833,0.45715904235839844,18.36
2011-09-18,20.29,21.71,87.49,0.14,0.4605216979980469,0.45639801025390625,11.52
2011-09-19,12.78,22.02,85.31,0.23,0.46741612752278644,0.4560864766438802,19.83
2011-09-20,24.99,21.95,84.31,0.26,0.4591693878173828,0.4683036804199219,16.87
2011-09-21,2.87,22.99,81.48,0.33,0.4541422526041667,0.4529673258463542,20.41
2011-09-22,0.99,22.93,78.36,0.56,0.44365374247233075,0.4452095031738281,19.23
2011-09-23,1.12,22.91,81.93,1.11,0.4304491678873698,0.4379889170328776,19.36
2011-09-24,5.44,22.83,84.91,0.8,0.43463579813639325,0.4323234558105469,16.41
2011-09-25,15.02,22.15,90.56,0.23,0.46621068318684894,0.4450060526529948,12.67
2011-09-26,2.47,22.1,85.57,0.67,0.458889643351237,0.4678427378336589,14.36
2011-09-27,9.73,23.39,83.06,0.1,0.45888710021972656,0.4653511047363281,20.07
2011-09-28,2.12,23.5,82.27,0.22,0.46066538492838544,0.4697532653808594,21.06
2011-09-29,6.79,23.38,82.44,0.15,0.46592140197753906,0.4632886250813802,18.63
2011-09-30,9.5,23.05,82.07,0.17,0.4337304433186849,0.4592094421386719,20.42
2011-10-01,6.94,22.95,84.86,0.02,0.4558919270833333,0.4505011240641276,18.35
2011-10-02,1.61,22.97,81.95,0.29,0.45650672912597656,0.4524879455566406,19.32
2011-10-03,3.66,23.08,83.15,0.93,0.445770263671875,0.447265625,19.75
2011-10-04,7.63,22.5,87.01,0.46,0.45484034220377606,0.4454447428385417,19.36
2011-10-05,15.15,21.94,86.21,0.06,0.4754416147867839,0.46853892008463544,17.36
2011-10-06,11.95,21.78,88.03,0.29,0.4637928009033203,0.4674695332845052,16.74
2011-10-07,12.98,21.73,89.02,0.42,0.4417603810628255,0.46549733479817706,13.03
2011-10-08,5.38,22.43,85.46,0.44,0.45518747965494794,0.4528605143229167,17.1
2011-10-09,5.85,21.67,89.71,0.52,0.46582921346028644,0.4534066518147786,10.16
2011-10-10,16.25,21.81,88.15,0.17,0.4645620981852214,0.4678535461425781,11.85
2011-10-11,15.69,21.85,89.4,0.1,0.4703184763590495,0.46765581766764325,15.46
2011-10-12,27.52,21.35,90.99,0.11,0.4584229787190755,0.4605592091878255,12.85
2011-10-13,7.86,20.93,90.79,0.53,0.463382085164388,0.4691333770751953,10.53
2011-10-14,17.86,21.77,87.54,0.17,0.46709950764973956,0.4687703450520833,16.69
2011-10-15,45.24,20.89,93.68,0.37,0.4703330993652344,0.47426414489746094,9.84
2011-10-16,13.88,20.74,89.86,0.3,0.4826132456461589,0.47000567118326825,10.7
2011-10-17,21.98,20.59,90.78,0.75,0.47049204508463544,0.47391510009765625,10.87
2011-10-18,21.11,19.38,93.57,1.04,0.4699026743570964,0.4729576110839844,4.59
2011-10-19,5.3,19.54,90.14,0.71,0.4774163564046224,0.47400538126627606,10.93
2011-10-20,10.12,20.48,86.29,0.49,0.4731915791829427,0.4707266489664714,16.65
2011-10-21,10.13,19.6,88.47,0.64,0.44661585489908856,0.466372807820638,17.13
2011-10-22,3.97,20.13,82.2,0.69,0.4650217692057292,0.46259816487630206,19.83
2011-10-23,1.19,21.48,77.87,0.08,0.4474627176920573,0.4563344319661458,19.43
2011-10-24,5.21,21.2,87.21,0.77,0.45404052734375,0.450775146484375,15.52
2011-10-25,2.76,21.36,85.6,0.85,0.4562829335530599,0.4507891337076823,14.69
2011-10-26,7.03,21.36,87.52,0.06,0.45542144775390625,0.449405034383138,13.86
2011-10-27,6.03,21.38,87.96,0.24,0.4720147450764974,0.4601796468098958,10.1
2011-10-28,5.26,22.14,87.01,0.23,0.4715569814046224,0.4654089609781901,16.98
2011-10-29,12.93,21.68,89.18,0.28,0.4645983378092448,0.4673608144124349,14.45
2011-10-30,12.96,20.88,89.14,0.32,0.4733568827311198,0.4676748911539714,14.93
2011-10-31,3.09,21.23,87.01,0.14,0.4730122884114583,0.474456787109375,12.56
2011-11-01,6.45,21.61,86.73,0.31,0.47136561075846356,0.46921412150065106,15.13
2011-11-02,3.21,22.15,84.44,0.26,0.4647757212320964,0.46749114990234375,18.44
2011-11-03,2.73,22.69,83.69,0.05,0.4605674743652344,0.461422602335612,17.11
2011-11-04,7.55,21.97,86.5,0.52,0.46033350626627606,0.4570763905843099,17.78
2011-11-05,2.04,21.7,85.96,0.15,0.4629599253336589,0.46192169189453125,17.87
2011-11-06,9.48,22.23,86.08,0.19,0.4712104797363281,0.4616508483886719,14.84
2011-11-07,12.04,21.91,87.03,0.32,0.46434466044108075,0.47171592712402344,14.36
2011-11-08,15.12,21.76,87.78,0.2,0.4639110565185547,0.46978314717610675,12.93
2011-11-09,14.27,21.39,91.0,0.44,0.44766998291015625,0.4665342966715495,10.54
2011-11-10,12.91,21.58,88.83,0.2,0.47964223225911456,0.4810689290364583,14.13
2011-11-11,7.66,21.69,87.3,0.13,0.4778645833333333,0.4781901041666667,14.78
2011-11-12,4.22,21.66,86.6,0.73,0.4720935821533203,0.47616322835286456,15.74
2011-11-13,12.04,21.14,90.58,0.84,0.466183344523112,0.473416010538737,13.35
2011-11-14,4.78,21.62,86.55,0.48,0.4417126973470052,0.461184819539388,15.06
2011-11-15,2.13,21.88,85.04,0.85,0.4565308888753255,0.4546152750651042,16.71
2011-11-16,4.62,21.61,87.83,0.93,0.4570503234863281,0.4507973988850911,16.1
2011-11-17,6.57,21.27,87.16,0.37,0.4632879892985026,0.45280011494954425,16.88
2011-11-18,19.17,21.06,86.06,0.15,0.4835198720296224,0.47931671142578125,14.29
2011-11-19,25.56,20.78,89.59,0.64,0.43439356486002606,0.4548575083414714,9.62
2011-11-20,3.66,21.31,85.16,0.88,0.4512990315755208,0.4398447672526042,18.59
2011-11-21,5.33,20.95,88.27,1.22,0.44945526123046875,0.4373009999593099,17.09
2011-11-22,1.47,21.0,83.97,0.67,0.44922447204589844,0.43884849548339844,20.27
2011-11-23,8.84,21.24,87.56,0.35,0.4520606994628906,0.4378623962402344,11.51
2011-11-24,13.73,21.01,89.91,0.19,0.4782867431640625,0.4584808349609375,11.48
2011-11-25,23.12,21.2,90.57,0.04,0.4539635976155599,0.47931861877441406,10.03
2011-11-26,6.96,21.57,87.66,0.07,0.43950653076171875,0.4589544932047526,13.56
2011-11-27,12.07,21.5,87.47,0.06,0.4673194885253906,0.46026357014973956,12.93
2011-11-28,34.78,20.74,94.36,0.11,0.4700431823730469,0.4795366923014323,8.18
2011-11-29,44.07,20.6,91.05,0.48,0.4626293182373047,0.46849950154622394,11.33
2011-11-30,23.88,20.89,92.47,0.52,0.4745489756266276,0.4564342498779297,11.54
2011-12-01,7.14,21.0,90.12,1.06,0.43218040466308594,0.4607226053873698,15.5
2011-12-02,24.66,21.23,91.19,1.22,0.4499797821044922,0.4683081309000651,16.23
2011-12-03,9.15,21.09,89.83,1.49,0.4623406728108724,0.4606558481852214,15.6
2011-12-04,17.21,20.42,91.59,1.48,0.47579193115234375,0.47558339436848956,12.52
2011-12-05,11.55,20.73,90.16,1.03,0.4664293924967448,0.4675299326578776,15.02
2011-12-06,8.5,21.24,89.23,0.89,0.48034413655598956,0.47611236572265625,16.36
2011-12-07,23.73,20.39,93.88,0.79,0.45482126871744794,0.4741598765055339,9.61
2011-12-08,18.42,20.74,92.22,0.34,0.4555918375651042,0.4764569600423177,9.79
2011-12-09,11.78,21.11,87.07,0.23,0.4542357126871745,0.4614429473876953,13.3
2011-12-10,13.56,21.1,90.61,0.62,0.4707908630371094,0.479336420694987,10.69
2011-12-11,6.94,21.28,86.83,0.49,0.47400665283203125,0.4790789286295573,15.36
2011-12-12,23.6,21.24,90.73,0.46,0.47912851969401044,0.484134038289388,11.55
2011-12-13,25.0,21.09,91.74,0.76,0.46375401814778644,0.4535204569498698,12.8
2011-12-14,9.98,21.1,91.63,0.92,0.4729270935058594,0.458828608194987,11.69
2011-12-15,25.07,20.34,94.01,1.06,0.4651629130045573,0.47638893127441406,8.26
2011-12-16,12.12,20.35,91.59,1.31,0.4691734313964844,0.4638385772705078,11.11
2011-12-17,3.43,20.32,88.94,1.49,0.4686133066813151,0.4658120473225911,15.2
2011-12-18,4.79,20.5,88.94,1.46,0.46451250712076825,0.4611123402913411,16.11
2011-12-19,6.57,20.24,89.0,1.68,0.46913401285807294,0.4622669219970703,13.66
2011-12-20,0.12,19.63,74.92,1.45,0.4564952850341797,0.4626299540201823,17.42
2011-12-21,4.3,20.62,85.45,1.71,0.4563922882080078,0.4560750325520833,16.48
2011-12-22,2.99,20.64,85.81,1.67,0.4513193766276042,0.4522533416748047,17.55
2011-12-23,12.64,20.96,88.82,1.72,0.47306569417317706,0.4592755635579427,12.66
2011-12-24,0.88,20.44,73.6,1.64,0.46025848388671875,0.4642658233642578,17.98
2011-12-25,0.23,19.84,79.99,1.62,0.437777837117513,0.4523162841796875,20.19
2011-12-26,0.29,19.96,81.21,1.53,0.4235992431640625,0.4418474833170573,18.79
2011-12-27,3.36,19.72,86.97,1.46,0.41826438903808594,0.4333515167236328,16.64
2011-12-28,2.3,20.78,84.93,0.99,0.43327967325846356,0.42984898885091144,15.31
2011-12-29,3.54,21.05,89.47,1.13,0.4413261413574219,0.4297313690185547,12.99
2011-12-30,1.03,21.24,84.63,1.49,0.43330637613932294,0.4299017588297526,17.0
2011-12-31,2.1,20.66,87.42,1.61,0.4215386708577474,0.4256172180175781,15.52
2012-01-01,2.77,20.91,78.74,1.84,0.4360186258951823,0.42436854044596356,17.69
2012-01-02,3.21,19.94,86.57,1.67,0.42685508728027344,0.4219678243001302,14.11
2012-01-03,5.35,20.47,90.09,1.12,0.4377981821695964,0.4219207763671875,13.64
2012-01-04,3.21,20.33,85.25,1.69,0.44560686747233075,0.4277362823486328,17.83
2012-01-05,13.24,20.32,86.68,1.69,0.46480687459309894,0.4370644887288411,13.92
2012-01-06,2.29,20.23,84.91,1.69,0.4593340555826823,0.4509239196777344,17.64
2012-01-07,1.67,20.12,84.66,1.61,0.44402313232421875,0.4433085123697917,15.76
2012-01-08,0.4,20.2,80.69,1.55,0.4299386342366536,0.4359486897786458,19.33
2012-01-09,0.73,20.01,80.33,1.37,0.4141610463460286,0.4273840586344401,19.86
2012-01-10,2.85,20.31,86.95,1.29,0.41393597920735675,0.42028363545735675,17.12
2012-01-11,7.3,21.19,87.24,1.42,0.44891611735026044,0.423675537109375,16.26
2012-01-12,1.99,20.09,86.01,1.51,0.43428929646809894,0.42631085713704425,14.99
2012-01-13,1.31,20.45,82.49,1.48,0.43005816141764325,0.42373085021972656,16.79
2012-01-14,0.06,20.83,78.04,1.34,0.41393089294433594,0.41887537638346356,19.55
2012-01-15,3.23,19.86,83.71,1.81,0.4002583821614583,0.41206804911295575,15.46
2012-01-16,2.56,19.04,83.14,1.77,0.4187062581380208,0.4090493520100911,15.44
2012-01-17,6.97,19.58,81.51,1.85,0.4444936116536458,0.4148139953613281,12.98
2012-01-18,8.57,20.0,81.59,1.7,0.4525941212972005,0.42558924357096356,19.37
2012-01-19,2.78,19.9,80.85,1.5,0.4469598134358724,0.4316825866699219,20.57
2012-01-20,1.21,18.97,75.82,1.77,0.43030865987141925,0.42723719278971356,19.67
2012-01-21,2.12,19.08,77.86,1.6,0.4203529357910156,0.420654296875,21.32
2012-01-22,13.35,19.81,84.69,1.48,0.45147260030110675,0.42518170674641925,16.88
2012-01-23,15.25,20.24,87.05,1.45,0.47297922770182294,0.45137914021809894,15.21
2012-01-24,22.74,20.39,88.96,1.47,0.46473948160807294,0.45883623758951825,14.39
2012-01-25,26.18,20.19,90.04,1.58,0.4604714711507161,0.46369043986002606,12.29
2012-01-26,5.33,19.13,85.22,1.81,0.4708690643310547,0.4667193094889323,14.9
2012-01-27,8.89,19.65,87.27,1.57,0.47467676798502606,0.46799341837565106,15.82
2012-01-28,12.33,20.4,86.41,1.79,0.48297373453776044,0.47754542032877606,14.88
2012-01-29,11.52,19.71,86.99,1.91,0.4812628428141276,0.479312260945638,13.08
2012-01-30,5.38,19.25,85.4,1.85,0.47148704528808594,0.4728323618570964,13.55
2012-01-31,8.2,19.74,85.54,2.0,0.4756622314453125,0.47162310282389325,13.1
2012-02-01,2.39,19.9,78.68,1.93,0.4629096984863281,0.46840540568033856,19.33
2012-02-02,0.4,19.45,75.0,1.59,0.44391632080078125,0.45568084716796875,21.89
2012-02-03,0.31,19.7,76.36,1.66,0.4262860616048177,0.4424794514973958,21.24
2012-02-04,2.08,20.29,81.66,1.48,0.41753514607747394,0.4319610595703125,19.32
2012-02-05,8.78,21.15,84.08,1.1,0.4466940561930339,0.4296404520670573,15.47
2012-02-06,7.06,22.36,83.59,0.76,0.4531472524007161,0.4361349741617839,15.25
2012-02-07,7.92,21.82,88.09,1.44,0.46499379475911456,0.44889386494954425,16.38
2012-02-08,9.0,21.66,86.12,1.81,0.4709218343098958,0.4625988006591797,17.33
2012-02-09,1.94,20.67,84.22,1.46,0.4594046274820964,0.45990435282389325,14.63
2012-02-10,2.11,21.8,79.18,1.17,0.44629478454589844,0.4525636037190755,20.58
2012-02-11,3.41,21.76,81.75,1.24,0.4460837046305339,0.44544347127278644,18.79
2012-02-12,1.16,21.45,77.11,1.51,0.4372240702311198,0.4402109781901042,22.3
2012-02-13,3.03,20.43,78.95,1.73,0.4298566182454427,0.4329274495442708,20.16
2012-02-14,1.41,20.53,75.35,1.63,0.4265626271565755,0.42768605550130206,22.79
2012-02-15,0.0,20.35,67.33,1.65,0.4045085906982422,0.4203802744547526,24.4
2012-02-16,0.01,20.05,67.64,1.6,0.3836250305175781,0.41108449300130206,24.52
2012-02-17,1.41,19.86,74.27,1.27,0.37047068277994794,0.4023431142171224,22.47
2012-02-18,4.42,20.63,80.35,1.31,0.3907248179117839,0.3971265157063802,18.91
2012-02-19,2.9,20.93,80.8,1.44,0.40169334411621094,0.39502843221028644,19.97
2012-02-20,0.37,20.9,73.7,1.18,0.3927478790283203,0.3926677703857422,23.92
2012-02-21,0.19,20.72,69.91,1.37,0.3719031016031901,0.3876578013102214,23.72
2012-02-22,0.0,20.23,65.21,1.52,0.3513450622558594,0.38139979044596356,25.4
2012-02-23,0.0,20.64,63.43,1.51,0.33245213826497394,0.3744366963704427,25.21
2012-02-24,0.13,21.01,72.46,1.53,0.3168799082438151,0.3676465352376302,22.89
2012-02-25,1.18,21.33,75.61,1.95,0.309939702351888,0.3617719014485677,22.08
2012-02-26,2.02,20.04,77.25,2.05,0.3096173604329427,0.3570760091145833,19.13
2012-02-27,3.62,19.81,77.58,2.13,0.3256340026855469,0.3539886474609375,20.2
2012-02-28,5.43,19.56,80.86,2.06,0.35122426350911456,0.35211181640625,16.36
2012-02-29,6.74,20.41,79.53,1.69,0.3812243143717448,0.3524831136067708,18.64
2012-03-01,6.66,21.09,75.39,1.79,0.42337926228841144,0.3633677164713542,23.7
2012-03-02,10.11,21.16,81.51,1.71,0.4206727345784505,0.3722375233968099,17.88
2012-03-03,11.45,21.57,83.91,1.46,0.4377676645914714,0.40713755289713544,17.69
2012-03-04,4.42,22.07,80.05,1.07,0.4424152374267578,0.4168109893798828,18.68
2012-03-05,9.39,21.7,83.61,1.72,0.4554595947265625,0.4260985056559245,16.44
2012-03-06,8.04,20.87,80.7,2.09,0.45989354451497394,0.4356066385904948,18.28
2012-03-07,9.81,20.42,80.69,2.19,0.4589099884033203,0.4373620351155599,19.58
2012-03-08,3.68,20.28,74.89,2.07,0.448910395304362,0.4374135335286458,21.96
2012-03-09,28.71,20.37,83.05,1.57,0.4629535675048828,0.44176292419433594,19.24
2012-03-10,35.55,21.06,85.44,1.31,0.45443280537923175,0.45804913838704425,20.57
2012-03-11,43.66,20.85,88.52,1.52,0.4568443298339844,0.4638500213623047,17.45
2012-03-12,46.16,20.98,87.8,1.78,0.47028477986653644,0.4733587900797526,17.29
2012-03-13,32.34,20.96,87.21,1.6,0.4726702372233073,0.4730733235677083,16.76
2012-03-14,38.13,21.3,84.82,1.6,0.4474163055419922,0.4568551381429036,18.47
2012-03-15,10.43,21.33,85.81,1.49,0.47050921122233075,0.4479910532633464,17.21
2012-03-16,14.38,21.34,87.23,1.33,0.4827079772949219,0.46953582763671875,15.44
2012-03-17,33.87,20.88,90.07,1.08,0.4636516571044922,0.4759559631347656,10.93
2012-03-18,41.4,20.57,91.26,1.24,0.4640846252441406,0.4748007456461589,9.34
2012-03-19,9.6,20.01,86.16,1.52,0.48038482666015625,0.47881126403808594,12.03
2012-03-20,19.82,20.52,86.38,1.34,0.4778188069661458,0.48113441467285156,18.15
2012-03-21,7.52,20.82,86.17,1.08,0.4669850667317708,0.46539878845214844,16.11
2012-03-22,27.76,20.89,88.02,1.24,0.4715862274169922,0.4624487559000651,15.23
2012-03-23,22.0,20.64,90.6,0.98,0.4696973164876302,0.47149912516276044,13.3
2012-03-24,12.77,21.07,86.96,0.83,0.47156016031901044,0.4758370717366536,18.3
2012-03-25,12.06,21.46,86.76,0.68,0.4503517150878906,0.4599183400472005,17.64
2012-03-26,23.5,21.69,84.26,0.25,0.4376506805419922,0.46666208902994794,17.71
2012-03-27,8.05,21.77,85.2,0.76,0.46393903096516925,0.4524008433024089,16.37
2012-03-28,18.56,21.53,88.53,1.61,0.4721088409423828,0.4672342936197917,17.56
2012-03-29,8.16,21.43,86.53,1.16,0.4702014923095703,0.46791839599609375,15.33
2012-03-30,4.89,22.72,83.38,0.66,0.4732379913330078,0.472625732421875,13.8
2012-03-31,4.31,23.31,81.19,0.5,0.462890625,0.4666601816813151,16.51
2012-04-01,1.78,23.39,77.99,0.07,0.4590644836425781,0.46191978454589844,14.32
2012-04-02,5.91,23.15,80.09,0.21,0.4632854461669922,0.459713617960612,12.68
2012-04-03,13.34,22.82,83.66,0.44,0.46539878845214844,0.4646523793538411,13.93
2012-04-04,11.29,22.43,87.63,0.71,0.4398358662923177,0.4593029022216797,17.13
2012-04-05,5.68,22.46,84.15,0.43,0.47234853108723956,0.46925608317057294,17.88
2012-04-06,8.1,21.78,88.41,0.2,0.47585296630859375,0.47005971272786456,11.32
2012-04-07,20.24,21.68,86.2,0.3,0.4680194854736328,0.4778525034586589,13.32
2012-04-08,9.45,21.17,88.82,0.69,0.4742616017659505,0.4715843200683594,11.53
2012-04-09,35.42,20.39,92.11,0.85,0.466522216796875,0.47667185465494794,9.51
2012-04-10,13.06,21.08,86.29,0.98,0.4706846872965495,0.4740130106608073,16.64
2012-04-11,7.93,21.38,85.89,0.52,0.45117759704589844,0.4390252431233724,16.19
2012-04-12,19.66,21.35,88.74,0.3,0.4760519663492839,0.4638315836588542,14.42
2012-04-13,19.91,21.64,88.66,0.3,0.4666525522867839,0.47972361246744794,17.51
2012-04-14,10.81,21.16,91.25,0.82,0.4670124053955078,0.4727929433186849,11.52
2012-04-15,15.36,21.02,84.59,1.53,0.4576861063639323,0.47023963928222656,15.41
2012-04-16,10.9,21.62,84.15,1.41,0.48069318135579425,0.4767557779947917,19.18
2012-04-17,28.65,21.03,90.53,1.03,0.46090443929036456,0.46544520060221356,12.18
2012-04-18,23.05,21.22,91.11,0.68,0.46625391642252606,0.4550514221191406,13.03
2012-04-19,17.03,21.23,90.93,0.59,0.46817906697591144,0.47564951578776044,10.3
2012-04-20,7.31,21.92,88.17,0.11,0.4436086018880208,0.4599081675211589,16.99
2012-04-21,9.48,22.28,86.27,0.06,0.47177569071451825,0.4593219757080078,15.32
2012-04-22,10.67,21.86,86.02,0.38,0.4763959248860677,0.4719200134277344,16.95
2012-04-23,18.48,22.48,82.87,0.09,0.4667472839355469,0.47449302673339844,17.31
2012-04-24,35.23,22.29,87.28,0.05,0.45270729064941406,0.4714152018229167,13.87
2012-04-25,12.11,22.23,87.39,0.17,0.47992897033691406,0.47212855021158856,16.57
2012-04-26,44.5,22.17,90.25,0.88,0.46821022033691406,0.4726886749267578,14.45
2012-04-27,13.3,22.28,87.49,0.37,0.4811236063639323,0.470547358194987,11.82
2012-04-28,8.42,22.05,89.11,0.94,0.479522705078125,0.47725995381673175,17.85
2012-04-29,5.79,21.99,89.51,0.54,0.4776140848795573,0.4750162760416667,14.1
2012-04-30,12.86,22.4,89.67,0.72,0.4658222198486328,0.4738457997639974,14.67
2012-05-01,13.38,22.16,90.68,0.62,0.4572747548421224,0.4710381825764974,13.12
2012-05-02,34.84,21.6,92.45,0.41,0.4622154235839844,0.4782880147298177,8.31
2012-05-03,8.75,22.26,85.59,0.36,0.4630502065022786,0.4679374694824219,16.82
2012-05-04,13.41,22.58,85.44,0.32,0.45873069763183594,0.47119903564453125,12.26
2012-05-05,4.14,22.17,86.02,0.61,0.46476173400878906,0.46126747131347656,13.81
2012-05-06,11.85,21.81,86.62,0.36,0.4759381612141927,0.4633903503417969,15.62
2012-05-07,19.69,21.31,91.37,0.34,0.46824391682942706,0.4762439727783203,10.4
2012-05-08,11.21,21.24,89.76,0.25,0.4703572591145833,0.472500483194987,12.55
2012-05-09,7.34,22.71,83.09,0.14,0.4328804016113281,0.4584344228108724,17.24
2012-05-10,27.02,22.27,86.93,0.17,0.4734121958414714,0.4793968200683594,17.43
2012-05-11,11.5,22.33,87.66,0.65,0.457424799601237,0.46205774943033856,15.59
2012-05-12,16.21,21.86,89.38,0.78,0.4643669128417969,0.4767462412516276,15.7
2012-05-13,12.81,21.69,88.85,0.71,0.4417076110839844,0.44171142578125,17.37
2012-05-14,8.92,21.81,86.67,0.78,0.47481536865234375,0.45840199788411456,18.75
2012-05-15,5.21,22.27,84.45,0.83,0.4706306457519531,0.46825281778971356,20.89
2012-05-16,8.14,22.58,86.41,0.96,0.4655933380126953,0.46413103739420575,21.94
2012-05-17,17.09,23.07,86.96,0.66,0.44853655497233075,0.4656454722086589,20.93
2012-05-18,18.56,23.24,89.03,0.39,0.45485369364420575,0.4705727895100911,20.42
2012-05-19,14.93,22.59,88.22,0.5,0.4691918690999349,0.4781328837076823,18.86
2012-05-20,7.25,22.01,83.87,0.32,0.4552593231201172,0.46565691630045575,18.08
2012-05-21,21.56,22.36,88.64,0.54,0.4774513244628906,0.4808368682861328,18.76
2012-05-22,6.19,22.83,83.16,0.31,0.45676740010579425,0.46637407938639325,19.9
2012-05-23,11.42,23.31,86.19,0.02,0.4664293924967448,0.4661267598470052,19.41
2012-05-24,5.62,23.32,85.47,0.55,0.467251459757487,0.4750518798828125,21.87
2012-05-25,13.0,22.9,87.14,0.54,0.46668434143066406,0.4703286488850911,15.39
2012-05-26,12.65,22.5,86.59,0.15,0.4775511423746745,0.47875213623046875,14.43
2012-05-27,8.58,23.57,83.87,0.29,0.46569188435872394,0.47449620564778644,17.14
2012-05-28,0.83,23.49,79.84,0.44,0.4227155049641927,0.4579671223958333,20.41
2012-05-29,1.72,23.3,83.18,0.4,0.418453852335612,0.4433002471923828,17.61
2012-05-30,13.08,23.92,84.16,0.3,0.43436749776204425,0.4417724609375,17.06
2012-05-31,4.1,23.64,81.67,0.22,0.4486033121744792,0.458010991414388,15.77
2012-06-01,4.15,24.08,79.3,0.11,0.459530512491862,0.4556407928466797,18.06
2012-06-02,6.6,23.67,81.35,0.25,0.4595254262288411,0.45523516337076825,21.14
2012-06-03,3.02,23.58,83.15,0.41,0.4644018809000651,0.46140797932942706,21.98
2012-06-04,0.63,23.39,78.86,0.88,0.4454231262207031,0.4547239939371745,23.62
2012-06-05,0.56,23.46,77.53,0.51,0.4270922342936198,0.44453684488932294,24.02
2012-06-06,1.5,24.07,77.65,0.5,0.41454505920410156,0.43472735087076825,22.7
2012-06-07,0.47,23.73,74.94,0.64,0.40903472900390625,0.4266592661539714,22.23
2012-06-08,2.91,23.34,83.63,0.9,0.401156743367513,0.4191150665283203,17.4
2012-06-09,5.84,23.34,86.84,0.62,0.4191913604736328,0.41550763448079425,13.99
2012-06-10,2.94,22.86,83.22,1.22,0.439849853515625,0.42056719462076825,19.9
2012-06-11,3.76,22.56,86.88,0.95,0.4312928517659505,0.42069053649902344,15.52
2012-06-12,4.58,22.85,86.74,0.25,0.44288889567057294,0.42315673828125,12.4
2012-06-13,14.4,22.49,86.99,0.18,0.4662322998046875,0.4448998769124349,14.91
2012-06-14,8.21,22.55,87.53,0.09,0.4660053253173828,0.4605369567871094,14.03
2012-06-15,14.45,22.7,85.57,0.21,0.4712473551432292,0.4682362874348958,16.13
2012-06-16,23.59,22.48,85.94,0.61,0.4636739095052083,0.4713446299235026,14.82
2012-06-17,12.46,21.83,87.36,0.28,0.4735005696614583,0.4694283803304036,13.64
2012-06-18,11.85,22.87,76.71,0.02,0.4624430338541667,0.4726848602294922,20.18
2012-06-19,0.35,23.84,78.96,0.47,0.45384979248046875,0.4620215098063151,22.61
2012-06-20,0.76,23.81,82.17,0.26,0.43602244059244794,0.4507745107014974,22.44
2012-06-21,0.72,23.38,81.21,0.21,0.42260487874348956,0.4402351379394531,20.94
2012-06-22,1.89,23.69,77.88,0.26,0.41372044881184894,0.43120765686035156,22.66
2012-06-23,3.46,23.21,79.45,0.4,0.4208666483561198,0.42481040954589844,19.84
2012-06-24,2.36,22.74,85.54,0.44,0.4222342173258464,0.4213263193766276,20.37
2012-06-25,2.88,22.95,79.6,0.11,0.42067845662434894,0.417965571085612,18.64
2012-06-26,2.72,22.68,81.41,0.4,0.4248186747233073,0.4163595835367839,16.84
2012-06-27,0.73,22.73,78.67,0.35,0.41887982686360675,0.41461753845214844,18.63
2012-06-28,2.98,22.96,77.93,0.98,0.40961774190266925,0.41104888916015625,19.9
2012-06-29,1.88,21.68,80.76,1.24,0.4140466054280599,0.4083372751871745,19.92
2012-06-30,6.35,22.01,85.24,0.81,0.42159589131673175,0.4063409169514974,17.78
2012-07-01,7.14,21.96,86.03,0.88,0.4414501190185547,0.41165415445963544,14.98
2012-07-02,0.95,22.44,78.84,1.19,0.4408226013183594,0.42290814717610675,19.89
2012-07-03,4.73,21.86,84.18,1.18,0.42835044860839844,0.4211743672688802,15.34
2012-07-04,11.66,21.48,89.22,1.2,0.46532758076985675,0.43570709228515625,11.31
2012-07-05,4.14,21.89,85.93,0.83,0.45997873942057294,0.44761212666829425,15.4
2012-07-06,5.67,22.48,82.6,0.73,0.4556090037027995,0.4467264811197917,17.44
2012-07-07,4.41,22.09,80.42,1.15,0.4592018127441406,0.44977696736653644,18.15
2012-07-08,4.16,22.25,82.21,1.31,0.4516213734944661,0.4463329315185547,22.48
2012-07-09,4.4,22.97,82.21,0.92,0.4463418324788411,0.4415448506673177,18.53
2012-07-10,0.34,23.69,75.9,0.78,0.4394041697184245,0.4389731089274089,20.0
2012-07-11,1.35,22.45,78.46,1.28,0.42084503173828125,0.4311561584472656,18.2
2012-07-12,11.47,22.2,86.16,1.23,0.453125,0.4327494303385417,16.87
2012-07-13,13.7,22.04,88.46,0.88,0.4682076772054036,0.44989458719889325,13.67
2012-07-14,12.14,22.67,82.52,0.22,0.45734532674153644,0.44890785217285156,15.38
2012-07-15,0.88,23.47,75.18,0.93,0.4524065653483073,0.4525299072265625,21.96
2012-07-16,2.11,22.78,79.62,1.17,0.43673451741536456,0.4439614613850911,20.55
2012-07-17,9.83,23.37,81.21,0.77,0.4396584828694661,0.4409046173095703,16.22
2012-07-18,6.6,21.85,86.79,1.1,0.4558531443277995,0.45372962951660156,13.44
2012-07-19,9.75,22.53,86.2,1.32,0.47243817647298175,0.4596977233886719,15.85
2012-07-20,2.08,22.84,80.16,0.76,0.4604562123616536,0.4608103434244792,18.27
2012-07-21,9.7,22.91,82.42,0.32,0.46492449442545575,0.4562835693359375,18.62
2012-07-22,5.09,23.44,77.37,0.59,0.4634246826171875,0.45919354756673175,18.24
2012-07-23,2.02,23.19,75.18,1.37,0.4529272715250651,0.45491600036621094,19.76
2012-07-24,7.51,22.16,84.85,1.02,0.4508139292399089,0.4485937754313151,15.41
2012-07-25,5.51,23.41,77.32,0.67,0.4683990478515625,0.45892588297526044,19.8
2012-07-26,2.61,23.42,79.11,1.21,0.44878578186035156,0.4524923960367839,20.65
2012-07-27,3.16,22.63,81.34,1.46,0.4439595540364583,0.4459654490152995,19.46
2012-07-28,8.23,22.76,82.99,1.2,0.4587319691975911,0.44624773661295575,20.34
2012-07-29,2.85,22.94,80.87,1.11,0.453396479288737,0.4486217498779297,17.91
2012-07-30,3.72,22.84,77.74,1.24,0.4510211944580078,0.4465618133544922,19.16
2012-07-31,8.96,23.0,79.91,0.54,0.4524682362874349,0.4436664581298828,18.31
2012-08-01,3.63,23.63,78.8,0.16,0.45645713806152344,0.4500865936279297,17.6
2012-08-02,3.01,23.28,78.73,0.24,0.4513072967529297,0.44713401794433594,19.16
2012-08-03,9.49,22.72,84.66,1.0,0.46641095479329425,0.450164794921875,18.04
2012-08-04,2.24,22.57,81.0,1.09,0.45583470662434894,0.4528954823811849,21.79
2012-08-05,1.29,23.51,76.92,0.47,0.4398994445800781,0.44522730509440106,16.4
2012-08-06,9.29,23.16,82.09,0.39,0.45265960693359375,0.44136683146158856,14.62
2012-08-07,9.15,22.66,82.87,0.9,0.4290313720703125,0.44564056396484375,18.81
2012-08-08,8.04,22.93,81.42,0.15,0.4443003336588542,0.4376564025878906,16.9
2012-08-09,3.12,23.4,77.34,0.6,0.4584515889485677,0.4469127655029297,16.02
2012-08-10,6.8,24.2,73.79,0.27,0.45816675821940106,0.44647661844889325,18.6
2012-08-11,4.33,24.06,72.4,0.78,0.45894432067871094,0.4523328145345052,21.3
2012-08-12,2.66,22.31,79.48,1.34,0.44489606221516925,0.44699668884277344,20.48
2012-08-13,11.87,23.29,80.37,0.36,0.4489631652832031,0.44357872009277344,17.88
2012-08-14,22.23,22.44,85.23,0.4,0.46756426493326825,0.4669818878173828,12.42
2012-08-15,6.31,22.65,82.21,0.59,0.47388776143391925,0.4754861195882161,16.95
2012-08-16,0.58,23.49,74.06,0.91,0.45936838785807294,0.4662068684895833,21.46
2012-08-17,1.1,23.21,75.92,1.05,0.4394416809082031,0.4515571594238281,20.31
2012-08-18,2.16,22.67,80.59,0.59,0.4279797871907552,0.43979962666829425,16.39
2012-08-19,11.05,23.36,76.1,0.2,0.43712488810221356,0.43517812093098956,17.72
2012-08-20,4.09,23.38,78.33,0.63,0.44784100850423175,0.45237286885579425,20.09
2012-08-21,8.28,22.2,83.55,1.14,0.46537526448567706,0.4529730478922526,20.32
2012-08-22,18.07,22.82,82.82,0.83,0.4639746348063151,0.45834096272786456,19.3
2012-08-23,15.12,22.16,86.89,0.22,0.43622080485026044,0.4452889760335286,15.21
2012-08-24,25.23,21.6,84.61,0.73,0.4671942392985026,0.45814259847005206,15.87
2012-08-25,3.63,21.71,85.88,0.58,0.4669272104899089,0.46532313028971356,11.73
2012-08-26,6.38,23.46,81.42,0.33,0.4650115966796875,0.4606011708577474,19.9
2012-08-27,1.04,23.4,74.42,0.1,0.4590269724527995,0.45920244852701825,13.69
2012-08-28,5.85,23.96,74.02,0.1,0.45474497477213544,0.45255597432454425,15.8
2012-08-29,1.07,23.78,76.79,0.25,0.4538389841715495,0.45251019795735675,18.78
2012-08-30,0.68,23.85,76.84,0.5,0.43601036071777344,0.4452412923177083,19.94
2012-08-31,2.65,23.0,82.59,0.77,0.42665672302246094,0.43696149190266925,18.13
2012-09-01,1.92,22.88,79.32,0.82,0.4310588836669922,0.4321473439534505,16.97
2012-09-02,7.68,23.24,80.96,0.68,0.4393018086751302,0.42926470438639325,18.25
2012-09-03,13.91,23.41,80.1,0.27,0.4536609649658203,0.4400634765625,16.73
2012-09-04,4.9,23.21,76.97,0.15,0.4222698211669922,0.4512500762939453,19.83
2012-09-05,1.47,23.31,75.61,0.22,0.4131355285644531,0.4367319742838542,20.51
2012-09-06,16.89,23.41,76.05,0.17,0.46884727478027344,0.4500001271565755,18.02
2012-09-07,7.0,24.27,71.65,0.29,0.46996116638183594,0.4637139638264974,22.75
2012-09-08,0.56,24.07,70.47,0.17,0.4543310801188151,0.4606831868489583,21.52
2012-09-09,0.14,24.47,67.3,0.29,0.4327748616536458,0.4497019449869792,20.03
2012-09-10,0.5,23.74,75.48,1.17,0.41742706298828125,0.4388834635416667,21.26
2012-09-11,4.38,22.26,81.41,1.37,0.4224122365315755,0.43028004964192706,18.61
2012-09-12,4.95,22.35,81.91,1.28,0.4358838399251302,0.42741139729817706,16.97
2012-09-13,10.16,22.35,83.3,0.43,0.45006688435872394,0.434573491414388,13.18
2012-09-14,8.95,23.45,79.9,0.23,0.44400978088378906,0.45330174763997394,14.87
2012-09-15,1.12,24.35,73.35,0.13,0.4504547119140625,0.45644060770670575,21.39
2012-09-16,0.21,24.59,69.72,0.63,0.42999267578125,0.44503339131673175,22.36
2012-09-17,1.29,23.91,72.11,0.44,0.4166189829508464,0.4346504211425781,17.58
2012-09-18,1.07,23.15,74.76,0.26,0.41156768798828125,0.42738914489746094,18.4
2012-09-19,2.34,23.55,77.21,0.46,0.4088319142659505,0.4207407633463542,19.1
2012-09-20,1.1,23.61,72.71,0.95,0.4064598083496094,0.41539637247721356,20.95
2012-09-21,2.98,24.21,70.88,0.36,0.3995075225830078,0.4094047546386719,19.0
2012-09-22,6.03,23.62,75.26,0.32,0.4168999989827474,0.4062754313151042,19.72
2012-09-23,4.2,23.86,73.07,0.39,0.44065411885579425,0.4132499694824219,20.05
2012-09-24,6.05,22.93,78.19,0.82,0.44133567810058594,0.4179541269938151,18.53
2012-09-25,6.98,22.1,82.68,0.16,0.4459209442138672,0.4225838979085286,14.11
2012-09-26,9.65,23.05,76.63,0.19,0.4523156483968099,0.4359881083170573,18.43
2012-09-27,6.11,23.02,74.67,0.1,0.45150502522786456,0.4463081359863281,16.16
2012-09-28,6.22,23.61,73.68,0.28,0.4611002604166667,0.4480234781901042,14.02
2012-09-29,2.67,23.75,71.14,0.57,0.45371437072753906,0.44839922587076825,14.64
2012-09-30,3.09,24.29,69.31,0.33,0.4455038706461589,0.4432423909505208,16.93
2012-10-01,3.45,24.3,69.67,0.4,0.45028050740559894,0.4422601064046224,20.88
2012-10-02,2.62,23.47,74.72,0.9,0.4323285420735677,0.4364356994628906,20.37
2012-10-03,1.65,23.66,72.95,1.02,0.4284311930338542,0.4300638834635417,20.23
2012-10-04,3.25,23.02,80.58,1.01,0.4224853515625,0.42438379923502606,16.69
2012-10-05,30.69,21.97,88.88,0.04,0.4430077870686849,0.44885826110839844,11.05
2012-10-06,43.46,21.26,90.68,0.36,0.46739959716796875,0.47580591837565106,7.75
2012-10-07,7.7,21.81,87.76,0.24,0.48045603434244794,0.4801737467447917,11.94
2012-10-08,14.67,22.12,86.33,0.14,0.4553534189860026,0.4709930419921875,13.21
2012-10-09,5.4,22.53,83.81,0.17,0.4613666534423828,0.45637766520182294,14.59
2012-10-10,4.19,22.69,81.34,0.86,0.46515337626139325,0.45611572265625,19.47
2012-10-11,4.87,22.77,82.74,0.86,0.4528738657633464,0.4513702392578125,20.77
2012-10-12,16.3,22.05,87.24,0.16,0.47156651814778644,0.45914777119954425,18.09
2012-10-13,10.21,21.39,88.91,0.23,0.44211705525716144,0.4660835266113281,14.39
2012-10-14,10.44,21.76,88.41,0.32,0.4675865173339844,0.455535888671875,15.65
2012-10-15,13.18,21.39,90.0,0.71,0.4833049774169922,0.4716981252034505,12.77
2012-10-16,14.33,20.99,90.32,0.67,0.461514155069987,0.4765052795410156,9.03
2012-10-17,14.4,21.26,89.81,0.6,0.4584738413492839,0.45966657002766925,16.5
2012-10-18,34.67,21.4,88.56,0.24,0.4740161895751953,0.4591840108235677,13.65
2012-10-19,39.36,21.03,92.71,0.13,0.4619038899739583,0.4634100596110026,10.96
2012-10-20,9.77,21.12,89.0,0.21,0.44418589274088544,0.4421488444010417,13.77
2012-10-21,4.13,21.21,88.02,0.37,0.454376220703125,0.4397767384847005,11.43
2012-10-22,3.32,20.94,88.79,0.71,0.4603048960367839,0.443203608194987,9.41
2012-10-23,9.35,21.3,88.39,0.75,0.47133636474609375,0.4516290028889974,11.06
2012-10-24,6.81,21.07,88.08,1.18,0.46994972229003906,0.4608173370361328,14.0
2012-10-25,4.27,21.12,86.15,0.88,0.4683062235514323,0.4633344014485677,15.12
2012-10-26,2.64,22.2,84.12,0.35,0.4617258707682292,0.4592405954996745,15.32
2012-10-27,6.84,22.34,86.61,0.15,0.45840708414713544,0.45366986592610675,14.58
2012-10-28,8.08,22.28,83.64,0.31,0.4735107421875,0.4611460367838542,16.4
2012-10-29,16.98,21.84,85.84,0.48,0.46919695536295575,0.4683939615885417,14.42
2012-10-30,14.21,21.73,87.7,0.03,0.4800599416097005,0.47434361775716144,13.62
2012-10-31,8.39,22.54,84.47,0.17,0.4785277048746745,0.4780832926432292,17.05
2012-11-01,12.01,21.95,88.19,0.75,0.4550342559814453,0.4684804280598958,16.56
2012-11-02,5.42,22.2,86.63,0.84,0.4635397593180339,0.46228663126627606,17.89
2012-11-03,2.47,22.09,84.87,1.03,0.4651864369710286,0.4637095133463542,17.46
2012-11-04,0.14,21.57,82.99,1.24,0.4467690785725911,0.4562085469563802,19.6
2012-11-05,0.92,22.11,84.45,1.07,0.4316476186116536,0.4462178548177083,19.02
2012-11-06,0.79,22.49,83.9,0.58,0.423031489054362,0.4379202524820964,18.12
2012-11-07,0.97,22.55,81.97,0.34,0.4155082702636719,0.4309221903483073,16.94
2012-11-08,0.45,22.57,81.16,0.67,0.40929222106933594,0.4247474670410156,20.57
2012-11-09,0.22,21.65,76.35,1.32,0.3975626627604167,0.41782251993815106,21.07
2012-11-10,5.56,21.75,83.5,1.34,0.39664459228515625,0.411166508992513,18.5
2012-11-11,3.91,21.51,83.24,1.34,0.430694580078125,0.4112904866536458,19.43
2012-11-12,9.71,21.35,88.62,0.85,0.4527575174967448,0.4197896321614583,13.02
2012-11-13,4.83,22.11,85.7,0.28,0.4494069417317708,0.4331544240315755,18.47
2012-11-14,6.91,21.91,87.06,0.35,0.4586569468180339,0.43961524963378906,16.08
2012-11-15,8.1,21.62,89.3,0.45,0.4686851501464844,0.45066388448079425,12.51
2012-11-16,24.13,21.29,91.57,0.21,0.4759407043457031,0.4710572560628255,10.33
2012-11-17,20.06,21.7,88.12,0.2,0.47039349873860675,0.47453880310058594,13.29
2012-11-18,15.17,21.65,88.56,0.09,0.4592151641845703,0.47418848673502606,11.29
2012-11-19,3.99,22.02,86.79,0.43,0.464962641398112,0.46513621012369794,18.84
2012-11-20,1.01,22.33,82.27,0.75,0.447357177734375,0.45733896891276044,21.11
2012-11-21,1.6,22.14,86.27,0.71,0.43724822998046875,0.4481271107991536,17.38
2012-11-22,9.66,21.99,88.01,0.12,0.453671137491862,0.44409815470377606,15.99
2012-11-23,5.34,21.88,88.64,0.13,0.4694989522298177,0.4582023620605469,13.94
2012-11-24,3.71,22.27,88.05,0.93,0.46532249450683594,0.46205711364746094,17.41
2012-11-25,2.42,21.54,86.75,1.38,0.4575653076171875,0.459930419921875,17.11
2012-11-26,3.56,22.04,83.36,1.39,0.46001116434733075,0.45765431722005206,16.79
2012-11-27,1.94,21.91,81.44,1.53,0.45313390096028644,0.45455296834309894,17.92
2012-11-28,0.34,21.42,81.95,1.48,0.4344107309977214,0.44781239827473956,19.34
2012-11-29,1.53,21.01,83.76,1.39,0.4240709940592448,0.4394957224527995,18.23
2012-11-30,2.66,21.4,84.25,1.22,0.4291070302327474,0.43396886189778644,17.28
2012-12-01,3.96,21.53,85.21,0.9,0.4349664052327474,0.43111419677734375,17.91
2012-12-02,19.27,21.18,84.49,0.76,0.4686482747395833,0.4642041524251302,18.51
2012-12-03,25.55,21.07,79.8,0.52,0.4749437967936198,0.4775091807047526,18.13
2012-12-04,0.33,21.55,77.16,0.94,0.45726458231608075,0.4694093068440755,21.18
2012-12-05,3.18,21.58,83.01,0.38,0.4503955841064453,0.4588737487792969,17.59
2012-12-06,2.53,21.66,85.6,0.12,0.45316505432128906,0.45444361368815106,16.23
2012-12-07,2.01,22.04,84.23,0.14,0.4450696309407552,0.45014063517252606,16.54
2012-12-08,3.43,22.45,85.91,0.79,0.4480457305908203,0.44635963439941406,17.04
2012-12-09,3.2,22.08,86.29,1.16,0.44641749064127606,0.4442494710286458,16.19
2012-12-10,1.52,21.78,83.96,1.39,0.44639333089192706,0.44330088297526044,17.46
2012-12-11,1.68,21.77,83.29,1.66,0.438442866007487,0.43988800048828125,18.53
2012-12-12,1.58,21.25,83.77,1.55,0.42914581298828125,0.4351418813069661,16.02
2012-12-13,8.55,21.04,88.91,1.47,0.44968096415201825,0.4345588684082031,13.33
2012-12-14,5.38,21.24,88.83,1.04,0.4619649251302083,0.44605064392089844,15.44
2012-12-15,6.81,21.37,84.6,0.63,0.4659156799316406,0.4521217346191406,18.92
2012-12-16,1.66,20.87,81.39,0.92,0.4571431477864583,0.45530064900716144,20.71
2012-12-17,1.26,20.74,83.01,1.27,0.4433606465657552,0.4495919545491536,19.08
2012-12-18,1.74,20.77,82.94,1.01,0.4334526062011719,0.4430440266927083,17.88
2012-12-19,8.0,21.54,85.43,1.17,0.4560222625732422,0.44272422790527344,16.75
2012-12-20,10.71,20.7,89.96,1.43,0.45844777425130206,0.4524517059326172,12.03
2012-12-21,3.62,20.75,87.12,1.25,0.4237174987792969,0.4475250244140625,13.17
2012-12-22,10.13,20.91,89.29,1.02,0.4658730824788411,0.4491233825683594,10.95
2012-12-23,19.23,20.65,93.02,1.27,0.4635486602783203,0.4665648142496745,11.26
2012-12-24,8.9,21.05,91.03,0.96,0.4797445933024089,0.47159385681152344,11.24
2012-12-25,2.17,22.35,85.98,0.59,0.4706433614095052,0.4743264516194661,13.73
2012-12-26,0.39,22.57,82.07,1.02,0.4547386169433594,0.4657300313313802,18.08
2012-12-27,1.95,22.01,83.82,1.22,0.441989262898763,0.45466868082682294,14.13
2012-12-28,0.29,21.34,75.79,1.46,0.4394995371500651,0.4473673502604167,18.38
2012-12-29,1.34,20.94,82.74,1.46,0.4241294860839844,0.4388141632080078,19.56
2012-12-30,0.31,21.1,80.39,1.55,0.41790135701497394,0.431552251180013,18.29
2012-12-31,1.56,20.27,82.26,1.76,0.40737469991048175,0.4245077768961589,16.73
2013-01-01,1.53,20.52,82.84,1.68,0.4117196400960286,0.4194571177164714,18.39
2013-01-02,0.4,20.84,79.05,1.21,0.3992760976155599,0.41438865661621094,19.45
2013-01-03,0.81,21.06,82.81,1.38,0.39104779561360675,0.40887896219889325,18.67
2013-01-04,0.26,20.67,80.24,1.58,0.3804155985514323,0.40362103780110675,18.83
2013-01-05,0.18,20.5,78.92,1.64,0.3689740498860677,0.3979930877685547,19.22
2013-01-06,0.11,20.77,73.96,1.57,0.35710779825846356,0.3921496073404948,20.32
2013-01-07,0.39,21.08,78.96,1.63,0.34576861063639325,0.38611920674641925,21.05
2013-01-08,0.56,21.5,74.95,1.75,0.338382085164388,0.3804556528727214,21.35
2013-01-09,0.23,21.31,77.12,1.82,0.3277384440104167,0.3749135335286458,19.72
2013-01-10,0.33,20.64,74.49,1.88,0.3189385732014974,0.3698202768961589,19.82
2013-01-11,0.31,19.92,75.62,2.0,0.30949656168619794,0.3647651672363281,21.15
2013-01-12,3.05,20.01,82.16,1.76,0.3083413441975911,0.3602593739827474,19.52
2013-01-13,4.63,20.55,82.97,1.48,0.35271326700846356,0.35785484313964844,19.67
2013-01-14,3.84,20.54,83.58,1.51,0.36687342325846356,0.3567797342936198,18.32
2013-01-15,2.83,20.07,80.57,1.46,0.3820813496907552,0.35684776306152344,20.54
2013-01-16,6.57,20.33,81.47,1.4,0.39139556884765625,0.35753631591796875,18.18
2013-01-17,2.88,20.52,80.7,1.13,0.411410649617513,0.3637682596842448,17.82
2013-01-18,3.88,20.8,81.25,1.14,0.3994916280110677,0.36742401123046875,17.78
2013-01-19,7.82,20.24,87.87,1.74,0.4341163635253906,0.3775259653727214,12.09
2013-01-20,4.29,20.68,82.02,1.54,0.43372472127278644,0.3919963836669922,17.13
2013-01-21,3.99,20.59,83.48,1.45,0.4242261250813802,0.3966318766276042,16.57
2013-01-22,2.84,20.7,86.44,1.53,0.4251416524251302,0.39940770467122394,15.26
2013-01-23,4.53,20.05,89.4,1.56,0.4230143229166667,0.40158843994140625,9.88
2013-01-24,6.39,21.42,84.64,1.27,0.4447479248046875,0.41021283467610675,15.92
2013-01-25,1.93,21.1,79.5,1.42,0.43349774678548175,0.4156684875488281,18.06
2013-01-26,3.27,20.86,82.69,1.78,0.4328327178955078,0.41528574625651044,17.72
2013-01-27,5.51,20.63,84.21,1.67,0.42995643615722656,0.4144598642985026,17.58
2013-01-28,4.7,20.83,84.22,1.85,0.4403839111328125,0.41876792907714844,15.93
2013-01-29,10.51,20.73,86.46,1.96,0.45962778727213544,0.43041038513183594,14.67
2013-01-30,3.43,20.95,82.82,1.58,0.4499225616455078,0.43513743082682294,20.45
2013-01-31,4.22,21.46,82.53,1.67,0.44768015543619794,0.43244489034016925,20.11
2013-02-01,6.04,20.44,82.32,2.09,0.4457823435465495,0.4308897654215495,18.28
2013-02-02,3.6,20.14,81.77,1.77,0.4465618133544922,0.43183644612630206,16.5
2013-02-03,4.98,20.95,80.41,1.2,0.4400952657063802,0.4294567108154297,18.21
2013-02-04,6.85,21.43,83.68,1.56,0.4508705139160156,0.4325249989827474,15.86
2013-02-05,6.58,20.82,84.97,1.72,0.45595550537109375,0.43846702575683594,15.26
2013-02-06,2.18,21.13,80.32,1.31,0.4482949574788411,0.4385846455891927,19.34
2013-02-07,3.69,21.2,80.96,1.37,0.4408976236979167,0.4329516092936198,18.18
2013-02-08,10.28,21.22,88.72,1.27,0.45429420471191406,0.4338722229003906,15.01
2013-02-09,8.29,21.0,83.19,1.69,0.4685535430908203,0.45069313049316406,16.83
2013-02-10,4.54,20.51,78.57,1.82,0.4580434163411458,0.4484100341796875,17.62
2013-02-11,7.25,20.1,82.64,1.88,0.4546038309733073,0.4437796274820964,19.08
2013-02-12,3.56,20.8,74.24,1.95,0.45706748962402344,0.44799232482910156,23.43
2013-02-13,1.47,19.67,76.14,1.54,0.4309132893880208,0.4382464090983073,22.54
2013-02-14,1.26,21.27,72.07,0.78,0.4198017120361328,0.4294579823811849,21.4
2013-02-15,1.91,21.94,74.71,0.68,0.4156983693440755,0.422604242960612,18.91
2013-02-16,2.42,22.81,78.09,0.85,0.4168516794840495,0.4178733825683594,20.27
2013-02-17,6.94,21.96,81.41,1.31,0.4338359832763672,0.4169273376464844,16.92
2013-02-18,1.48,20.45,78.8,1.91,0.4319947560628255,0.4204883575439453,17.24
2013-02-19,11.81,21.15,83.82,1.87,0.4468059539794922,0.4233074188232422,16.52
2013-02-20,2.08,21.49,78.83,1.79,0.4498310089111328,0.4379571278889974,19.87
2013-02-21,1.95,20.91,81.64,1.65,0.42632293701171875,0.42998504638671875,19.59
2013-02-22,3.19,21.77,78.92,1.57,0.4329242706298828,0.42545318603515625,22.09
2013-02-23,1.76,21.62,81.23,1.68,0.41863123575846356,0.4204521179199219,19.57
2013-02-24,1.72,21.73,80.2,1.24,0.4097614288330078,0.41497357686360675,21.33
2013-02-25,1.41,22.91,76.07,1.24,0.40592193603515625,0.4096209208170573,23.11
2013-02-26,1.02,23.18,75.36,0.97,0.39171282450358075,0.40355173746744794,19.06
2013-02-27,2.06,22.91,79.12,1.24,0.3912576039632161,0.3981774648030599,21.97
2013-02-28,1.17,23.37,77.36,1.03,0.3803863525390625,0.3925940195719401,21.09
2013-03-01,4.97,23.83,78.95,0.48,0.39824485778808594,0.38855743408203125,17.64
2013-03-02,7.31,22.72,84.95,0.41,0.41350555419921875,0.3883247375488281,14.23
2013-03-03,2.75,22.67,82.9,0.17,0.4298413594563802,0.39699363708496094,14.4
2013-03-04,15.13,21.77,89.68,1.08,0.4669087727864583,0.41875648498535156,13.68
2013-03-05,11.01,22.18,89.6,1.46,0.4709358215332031,0.44396209716796875,13.73
2013-03-06,6.13,22.06,87.95,1.33,0.4673608144124349,0.4517097473144531,14.94
2013-03-07,5.85,22.6,86.74,1.12,0.4602368672688802,0.4484965006510417,18.35
2013-03-08,3.37,22.21,86.19,1.56,0.4542217254638672,0.44606971740722656,18.3
2013-03-09,7.06,22.1,84.79,1.43,0.4514026641845703,0.44242604573567706,17.2
2013-03-10,7.17,22.05,87.24,1.25,0.4627367655436198,0.4487660725911458,14.68
2013-03-11,12.08,21.97,89.46,1.47,0.472564697265625,0.45671653747558594,14.09
2013-03-12,16.22,21.67,91.6,1.49,0.45923614501953125,0.45598920186360675,13.56
2013-03-13,30.81,21.73,91.09,1.37,0.464114507039388,0.4530353546142578,12.97
2013-03-14,35.5,21.53,90.86,1.5,0.4725608825683594,0.45741526285807294,13.09
2013-03-15,57.26,20.96,93.96,1.24,0.46938832600911456,0.46596209208170575,9.62
2013-03-16,68.79,20.71,93.49,1.43,0.4757200876871745,0.4747823079427083,6.92
2013-03-17,37.36,20.93,92.79,1.53,0.4549070994059245,0.476162592569987,8.96
2013-03-18,8.13,21.21,91.12,1.37,0.48058636983235675,0.47637176513671875,12.17
2013-03-19,9.43,21.54,89.61,1.09,0.48141733805338544,0.4801095326741536,16.23
2013-03-20,4.97,21.82,88.17,0.94,0.474551518758138,0.47529029846191406,15.8
2013-03-21,4.89,21.95,87.42,0.45,0.4684308369954427,0.468417485555013,15.01
2013-03-22,13.21,21.72,89.51,0.45,0.4634895324707031,0.46947606404622394,10.42
2013-03-23,4.79,22.0,87.7,1.12,0.4435221354166667,0.4618536631266276,17.92
2013-03-24,4.92,22.51,85.66,0.7,0.45456886291503906,0.4551900227864583,19.4
2013-03-25,4.37,23.2,83.78,0.36,0.4633312225341797,0.4561176300048828,19.57
2013-03-26,5.38,22.93,85.3,0.89,0.46226946512858075,0.45545387268066406,20.19
2013-03-27,6.3,22.32,87.27,1.21,0.4614124298095703,0.4555899302164714,18.65
2013-03-28,5.01,21.6,87.02,1.58,0.46942583719889325,0.4619630177815755,15.78
2013-03-29,33.32,21.49,90.88,1.54,0.46317164103190106,0.4712594350179036,11.77
2013-03-30,45.13,21.44,92.25,1.43,0.45826085408528644,0.46616172790527344,10.92
2013-03-31,56.76,21.59,92.25,1.37,0.46082178751627606,0.4635168711344401,10.45
2013-04-01,11.0,21.68,88.74,1.25,0.4707959493001302,0.4467735290527344,15.94
2013-04-02,16.19,22.18,87.8,0.93,0.47236188252766925,0.46128209431966144,16.82
2013-04-03,8.22,22.88,85.68,0.47,0.45422108968098956,0.46430206298828125,16.32
2013-04-04,3.57,22.6,88.3,0.97,0.46364784240722656,0.4606342315673828,19.52
2013-04-05,2.61,22.58,86.13,0.96,0.4581960042317708,0.4556922912597656,17.31
2013-04-06,5.33,23.4,85.33,0.46,0.452389399210612,0.4500020345052083,18.39
2013-04-07,10.35,22.59,87.73,0.9,0.4651940663655599,0.46710840861002606,16.91
2013-04-08,9.34,22.24,88.62,1.49,0.43427785237630206,0.4605255126953125,16.14
2013-04-09,2.43,22.35,86.65,1.39,0.4324868520100911,0.4478600819905599,17.94
2013-04-10,22.36,22.37,89.79,1.13,0.4694569905598958,0.4603697458902995,13.45
2013-04-11,12.15,22.46,87.92,1.0,0.4511057535807292,0.4648609161376953,16.23
2013-04-12,5.88,22.95,84.67,0.95,0.47095362345377606,0.4688428243001302,19.09
2013-04-13,5.85,22.54,87.37,1.16,0.4753214518229167,0.47315088907877606,16.24
2013-04-14,6.83,23.01,86.91,0.9,0.4697074890136719,0.4684569040934245,16.9
2013-04-15,3.49,23.32,87.52,0.65,0.4665050506591797,0.4677740732828776,19.19
2013-04-16,8.54,22.98,89.98,0.8,0.4735069274902344,0.46645164489746094,15.65
2013-04-17,47.38,21.68,92.74,1.15,0.462493896484375,0.4760475158691406,10.31
2013-04-18,100.94,21.53,92.22,0.75,0.4668966929117839,0.466586430867513,7.96
2013-04-19,14.13,21.22,92.06,0.73,0.4719835917154948,0.4570935567220052,9.25
2013-04-20,12.94,21.28,90.15,0.65,0.4691041310628255,0.4734961191813151,10.92
2013-04-21,25.21,21.26,91.68,0.62,0.4583384195963542,0.4671154022216797,13.14
2013-04-22,14.69,21.35,88.7,0.73,0.48175938924153644,0.47750409444173175,18.56
2013-04-23,15.89,22.05,89.47,0.77,0.474087397257487,0.48154958089192706,19.17
2013-04-24,17.68,21.54,92.33,0.88,0.4604644775390625,0.4675445556640625,12.77
2013-04-25,13.0,21.68,89.63,1.32,0.4565633138020833,0.46909840901692706,19.97
2013-04-26,28.0,21.47,91.48,1.53,0.46059735616048175,0.4728005727132161,14.2
2013-04-27,26.99,20.82,91.39,1.36,0.45569419860839844,0.4661070505777995,11.62
2013-04-28,25.23,20.91,92.08,1.09,0.4807860056559245,0.4627450307210286,13.89
2013-04-29,24.27,21.83,91.01,0.76,0.46865272521972656,0.47227032979329425,18.09
2013-04-30,20.36,22.48,88.31,0.31,0.4535230000813802,0.46051915486653644,17.25
2013-05-01,10.86,22.22,90.16,0.63,0.4637336730957031,0.4654273986816406,13.92
2013-05-02,50.29,21.46,90.78,0.31,0.4482504526774089,0.4674479166666667,11.75
2013-05-03,25.73,21.07,90.88,0.5,0.4589468638102214,0.4742787679036458,10.26
2013-05-04,10.0,21.65,87.18,0.2,0.4603525797526042,0.4655068715413411,19.59
2013-05-05,11.84,21.77,88.31,0.32,0.48475201924641925,0.48075421651204425,14.71
2013-05-06,12.71,21.26,91.14,0.15,0.47446123758951825,0.4800834655761719,14.6
2013-05-07,9.66,21.83,88.27,0.54,0.45101038614908856,0.4670677185058594,13.22
2013-05-08,11.04,21.87,88.86,0.77,0.4708436330159505,0.4735558827718099,12.01
2013-05-09,10.17,22.1,88.86,0.74,0.45036951700846356,0.4615802764892578,14.29
2013-05-10,25.15,21.89,90.67,0.48,0.4608580271402995,0.4738623301188151,11.91
2013-05-11,26.41,21.87,92.15,0.87,0.4670308430989583,0.4678764343261719,14.12
2013-05-12,2.8,22.23,85.14,1.1,0.4510186513264974,0.4663079579671224,20.53
2013-05-13,2.95,22.16,84.36,1.24,0.4521350860595703,0.4551645914713542,21.35
2013-05-14,3.25,22.54,86.43,1.42,0.45044199625651044,0.44953346252441406,18.65
2013-05-15,3.73,22.47,84.65,1.57,0.4543081919352214,0.4485899607340495,17.53
2013-05-16,14.26,22.11,89.63,1.23,0.4616387685139974,0.4501152038574219,18.3
2013-05-17,17.07,22.42,89.56,0.8,0.4700018564860026,0.46966997782389325,17.1
2013-05-18,11.87,22.36,88.55,0.82,0.4827404022216797,0.4798755645751953,18.77
2013-05-19,12.43,22.51,90.56,0.78,0.4855950673421224,0.4818013509114583,12.81
2013-05-20,24.19,22.16,92.38,0.97,0.4537270863850911,0.47750409444173175,10.16
2013-05-21,37.5,21.91,91.09,0.41,0.4518089294433594,0.4618244171142578,9.36
2013-05-22,51.84,21.48,92.64,0.25,0.47046470642089844,0.4697214762369792,5.57
2013-05-23,9.58,22.14,89.67,0.44,0.46240806579589844,0.47131983439127606,12.1
2013-05-24,9.77,22.11,88.28,0.48,0.4597918192545573,0.4629650115966797,12.99
2013-05-25,13.15,22.46,89.96,0.85,0.48130226135253906,0.47303199768066406,17.61
2013-05-26,3.35,22.8,83.71,0.94,0.47004254659016925,0.4738597869873047,18.97
2013-05-27,3.73,22.56,83.96,0.81,0.45766131083170575,0.4613170623779297,20.5
2013-05-28,7.57,22.25,86.4,0.81,0.47034772237141925,0.46054840087890625,14.04
2013-05-29,9.3,22.5,88.08,0.05,0.476443608601888,0.46706390380859375,14.9
2013-05-30,9.69,22.38,88.34,0.42,0.4805596669514974,0.47400983174641925,13.54
2013-05-31,4.67,22.58,84.58,0.07,0.47103118896484375,0.4727776845296224,16.82
2013-06-01,25.4,22.17,87.59,0.21,0.477081298828125,0.4764747619628906,14.01
2013-06-02,9.12,23.09,83.93,0.33,0.4716332753499349,0.4770965576171875,19.55
2013-06-03,2.59,23.05,86.12,0.69,0.4261608123779297,0.4589856465657552,22.23
2013-06-04,7.66,24.12,83.14,0.16,0.437469482421875,0.44807879130045575,19.69
2013-06-05,17.48,23.59,83.65,0.14,0.4690043131510417,0.4728037516276042,20.89
2013-06-06,8.52,23.13,85.86,0.26,0.4429588317871094,0.4637317657470703,19.37
2013-06-07,1.09,23.4,79.28,0.81,0.4535821278889974,0.45705731709798175,18.28
2013-06-08,2.51,22.99,83.44,0.7,0.4449297587076823,0.4505443572998047,18.89
2013-06-09,0.95,23.62,80.71,0.63,0.4373130798339844,0.4447441101074219,20.38
2013-06-10,3.3,22.69,83.23,1.05,0.4296760559082031,0.4380950927734375,17.61
2013-06-11,5.67,22.34,84.56,0.96,0.4472942352294922,0.435879389444987,15.0
2013-06-12,7.47,22.05,87.85,0.7,0.46605873107910156,0.4448172251383464,11.51
2013-06-13,1.96,22.37,87.19,1.05,0.46045494079589844,0.45536549886067706,15.34
2013-06-14,3.23,22.63,86.73,0.92,0.4490305582682292,0.4512646993001302,15.91
2013-06-15,9.71,22.85,86.15,0.39,0.47118059794108075,0.4569193522135417,13.95
2013-06-16,3.54,23.38,84.08,0.76,0.4667491912841797,0.46291478474934894,18.2
2013-06-17,1.68,22.64,83.11,1.42,0.4540271759033203,0.45701154073079425,20.58
2013-06-18,5.39,22.73,85.66,1.4,0.4474353790283203,0.4492759704589844,20.94
2013-06-19,13.34,23.01,86.91,0.78,0.43498675028483075,0.4519418080647786,19.65
2013-06-20,19.3,22.41,89.99,0.58,0.4622580210367839,0.4655558268229167,13.57
2013-06-21,8.9,21.68,86.77,1.07,0.4557781219482422,0.461880366007487,14.24
2013-06-22,3.73,22.1,82.01,1.4,0.469387690226237,0.467281977335612,19.92
2013-06-23,0.46,21.84,82.02,1.12,0.4451408386230469,0.45864295959472656,17.74
2013-06-24,1.74,22.5,83.79,0.88,0.4357961018880208,0.4489269256591797,18.15
2013-06-25,3.29,22.39,87.0,0.82,0.4362602233886719,0.4420655568440755,15.12
2013-06-26,5.64,22.69,84.75,0.91,0.44983164469401044,0.44029680887858075,16.87
2013-06-27,16.55,22.7,87.61,0.49,0.475521723429362,0.4579486846923828,17.18
2013-06-28,12.8,22.72,85.78,0.46,0.45072301228841144,0.46165720621744794,16.65
2013-06-29,18.54,21.72,88.71,0.05,0.4656079610188802,0.4715919494628906,11.46
2013-06-30,10.13,22.16,88.26,0.7,0.4808788299560547,0.4762980143229167,18.37
2013-07-01,4.84,22.35,86.92,0.11,0.4716116587320964,0.47329966227213544,16.35
2013-07-02,0.53,22.98,78.15,0.57,0.4590568542480469,0.46696217854817706,23.58
2013-07-03,0.4,22.4,76.38,1.27,0.43764368693033856,0.4532400767008464,22.77
2013-07-04,6.51,22.27,84.16,1.03,0.4307746887207031,0.44139671325683594,18.87
2013-07-05,4.11,22.15,80.68,0.93,0.457485834757487,0.44536781311035156,21.22
2013-07-06,8.37,21.65,87.19,1.07,0.4514942169189453,0.44357935587565106,18.22
2013-07-07,10.64,22.47,86.37,0.64,0.47359466552734375,0.4597949981689453,16.6
2013-07-08,1.21,23.43,79.77,0.48,0.46089617411295575,0.4655621846516927,18.65
2013-07-09,0.57,23.44,76.98,1.06,0.4433644612630208,0.4556388854980469,21.53
2013-07-10,2.04,22.72,81.83,0.65,0.4344857533772786,0.445620854695638,19.37
2013-07-11,8.41,22.9,81.06,0.37,0.43923187255859375,0.43947792053222656,17.09
2013-07-12,0.37,22.69,74.79,0.89,0.4495747884114583,0.44708506266276044,23.12
2013-07-13,1.25,23.64,65.95,0.54,0.4236914316813151,0.43897247314453125,22.53
2013-07-14,2.93,22.17,83.96,1.11,0.425387700398763,0.4311224619547526,19.82
2013-07-15,4.96,23.26,84.77,0.49,0.4329649607340495,0.4275658925374349,17.72
2013-07-16,3.04,23.54,82.53,0.62,0.44039662679036456,0.4287579854329427,14.23
2013-07-17,1.05,22.84,80.42,1.08,0.4328467051188151,0.42937660217285156,16.87
2013-07-18,2.09,22.93,81.23,0.95,0.4260876973470052,0.42608642578125,18.79
2013-07-19,3.64,22.85,77.31,1.06,0.4258721669514974,0.4227377573649089,22.05
2013-07-20,5.63,21.92,80.92,1.28,0.4311370849609375,0.4206644694010417,16.97
2013-07-21,12.55,21.52,87.94,1.26,0.4644006093343099,0.4352118174235026,14.09
2013-07-22,4.65,22.46,83.76,1.05,0.46264902750651044,0.45083872477213544,19.27
2013-07-23,1.82,23.1,79.35,1.03,0.4467487335205078,0.4456768035888672,21.14
2013-07-24,4.26,22.51,81.02,1.32,0.43980852762858075,0.43875694274902344,19.93
2013-07-25,1.88,23.15,74.25,1.2,0.4401588439941406,0.436611811319987,19.17
2013-07-26,1.22,22.98,78.05,1.07,0.42583147684733075,0.4309336344401042,17.03
2013-07-27,10.77,22.57,86.24,0.53,0.4487590789794922,0.4302438100179036,12.57
2013-07-28,1.86,23.92,73.05,0.08,0.45177459716796875,0.44173304239908856,19.49
2013-07-29,0.28,24.35,67.55,0.25,0.43168195088704425,0.43564097086588544,21.58
2013-07-30,2.22,23.69,73.57,0.11,0.4167970021565755,0.42704518636067706,16.86
2013-07-31,0.7,23.91,71.27,0.53,0.4145030975341797,0.42140452067057294,19.68
2013-08-01,2.69,22.72,81.29,0.72,0.408810297648112,0.41539955139160156,16.8
2013-08-02,2.3,23.4,75.51,0.9,0.4105904897054036,0.4116535186767578,19.6
2013-08-03,3.94,23.34,75.03,1.29,0.4097131093343099,0.40769068400065106,21.24
2013-08-04,2.57,23.36,71.47,1.24,0.4234148661295573,0.4069741566975911,16.81
2013-08-05,0.15,24.19,61.53,1.29,0.4037628173828125,0.4046579996744792,21.82
2013-08-06,0.58,23.38,68.85,1.35,0.38083775838216144,0.39774640401204425,21.22
2013-08-07,6.25,23.35,78.83,0.99,0.3844280242919922,0.3917439778645833,18.12
2013-08-08,5.29,22.84,83.3,0.38,0.4311167399088542,0.39673105875651044,14.75
2013-08-09,1.63,22.57,81.93,0.41,0.4160950978597005,0.39978790283203125,16.83
2013-08-10,12.25,22.41,86.88,0.67,0.4274921417236328,0.40012041727701825,15.23
2013-08-11,8.82,21.98,86.95,0.23,0.4508431752522786,0.4328498840332031,12.25
2013-08-12,9.74,21.61,88.62,0.71,0.4710578918457031,0.44617652893066406,11.53
2013-08-13,21.42,21.82,85.76,0.04,0.47280629475911456,0.4614785512288411,10.79
2013-08-14,1.17,22.91,78.63,0.88,0.4626363118489583,0.4647928873697917,23.44
2013-08-15,3.55,23.64,76.22,0.66,0.44080162048339844,0.45126914978027344,21.62
2013-08-16,7.91,22.3,86.44,1.02,0.45736440022786456,0.44646962483723956,15.59
2013-08-17,4.67,22.72,84.05,0.45,0.46495691935221356,0.4562835693359375,16.73
2013-08-18,0.44,23.33,75.33,0.58,0.4494832356770833,0.45171165466308594,21.45
2013-08-19,3.01,23.17,78.72,0.53,0.4320214589436849,0.4418570200602214,16.78
2013-08-20,15.21,23.12,81.26,0.19,0.45114898681640625,0.44031842549641925,16.75
2013-08-21,30.04,23.01,81.81,0.4,0.44220542907714844,0.4663950602213542,15.42
2013-08-22,5.2,23.25,79.83,0.71,0.4522393544514974,0.45177586873372394,20.69
2013-08-23,1.89,22.99,73.82,0.67,0.4504191080729167,0.4478772481282552,23.15
2013-08-24,7.93,22.5,80.32,1.12,0.458987553914388,0.4459082285563151,18.72
2013-08-25,2.06,22.23,80.58,1.07,0.4525012969970703,0.44812774658203125,20.03
2013-08-26,1.82,22.73,79.36,0.1,0.4395001729329427,0.44268035888671875,15.61
2013-08-27,0.65,22.83,77.28,0.32,0.4309775034586589,0.4371255238850911,16.31
2013-08-28,11.0,23.45,76.11,0.21,0.4540557861328125,0.43659019470214844,19.37
2013-08-29,6.73,23.47,76.91,0.21,0.46095848083496094,0.4494056701660156,20.41
2013-08-30,11.01,22.71,79.98,0.63,0.43142064412434894,0.45006052652994794,16.85
2013-08-31,18.65,22.59,80.06,0.3,0.4639625549316406,0.46956952412923175,18.54
2013-09-01,7.21,23.07,79.35,0.39,0.4362373352050781,0.4555784861246745,17.69
2013-09-02,10.15,22.61,81.14,0.39,0.45698801676432294,0.44858678181966144,18.32
2013-09-03,8.25,22.27,86.51,0.54,0.45908228556315106,0.4660695393880208,17.59
2013-09-04,45.61,21.39,89.01,0.16,0.47126134236653644,0.4664592742919922,10.47
2013-09-05,6.88,22.37,82.02,0.23,0.460781733194987,0.4510313669840495,16.55
2013-09-06,5.76,22.19,84.15,0.53,0.4650402069091797,0.4535910288492839,16.46
2013-09-07,15.7,21.83,85.37,0.63,0.42679595947265625,0.4636656443277995,15.69
2013-09-08,13.34,22.62,81.85,0.15,0.42952919006347656,0.4449227650960286,17.54
2013-09-09,5.96,22.46,85.84,0.16,0.4575297037760417,0.46656545003255206,17.26
2013-09-10,7.33,22.5,85.06,0.07,0.46211496988932294,0.4629090627034505,19.31
2013-09-11,14.02,22.19,86.67,0.3,0.4671090443929036,0.4737110137939453,18.25
2013-09-12,1.71,22.0,84.39,0.24,0.4305426279703776,0.4583212534586589,13.48
2013-09-13,11.26,21.73,85.61,0.14,0.45609792073567706,0.4493865966796875,18.24
2013-09-14,3.99,22.14,83.8,0.2,0.4668528238932292,0.4593302408854167,16.61
2013-09-15,3.95,22.9,83.8,0.35,0.4582678476969401,0.45726585388183594,18.54
2013-09-16,4.03,23.69,80.88,0.24,0.46391932169596356,0.45635541280110675,17.43
2013-09-17,1.71,24.02,75.23,0.71,0.45040448506673175,0.4536692301432292,20.94
2013-09-18,3.19,23.25,76.38,0.32,0.44027964274088544,0.44652366638183594,19.25
2013-09-19,10.47,22.49,87.57,0.25,0.47316614786783856,0.4534587860107422,10.68
2013-09-20,10.12,23.16,83.86,0.24,0.4584210713704427,0.4647471110026042,15.83
2013-09-21,1.56,23.86,76.4,0.15,0.4332567850748698,0.45767974853515625,21.82
2013-09-22,0.86,23.97,77.11,0.29,0.4300975799560547,0.44677480061848956,20.52
2013-09-23,0.78,24.61,70.68,0.12,0.4170392354329427,0.437286376953125,21.94
2013-09-24,0.23,24.19,74.01,0.08,0.40674781799316406,0.4283593495686849,18.64
2013-09-25,1.19,23.94,78.13,0.34,0.3973337809244792,0.42064348856608075,17.93
2013-09-26,8.9,23.23,83.38,0.31,0.4192911783854167,0.4163500467936198,13.13
2013-09-27,7.26,23.0,81.21,0.39,0.4593029022216797,0.4289569854736328,13.72
2013-09-28,4.51,22.59,83.52,0.69,0.4600594838460286,0.44220415751139325,10.68
2013-09-29,3.72,22.26,84.02,0.49,0.4570630391438802,0.4475841522216797,12.34
2013-09-30,6.48,21.89,86.23,0.24,0.46610132853190106,0.4531675974527995,10.7
2013-10-01,3.57,22.22,84.67,0.54,0.4623667399088542,0.4577655792236328,17.94
2013-10-02,0.19,22.62,72.18,1.07,0.4478594462076823,0.45351918538411456,23.91
2013-10-03,3.49,22.35,83.63,0.85,0.43560028076171875,0.44423675537109375,18.95
2013-10-04,5.19,22.36,86.06,0.54,0.45020612080891925,0.4414526621500651,14.44
2013-10-05,2.86,22.74,81.29,0.08,0.45532480875651044,0.4446818033854167,14.71
2013-10-06,5.99,23.45,80.15,0.18,0.44991493225097656,0.44376055399576825,20.77
2013-10-07,0.69,23.39,76.61,0.04,0.44940821329752606,0.44642066955566406,18.32
2013-10-08,0.59,23.87,72.91,0.39,0.4319114685058594,0.4404684702555339,16.84
2013-10-09,3.45,23.64,76.89,0.61,0.4278971354166667,0.4337647755940755,15.7
2013-10-10,1.97,23.38,76.93,0.34,0.4363238016764323,0.43166859944661456,15.75
2013-10-11,6.3,22.46,84.19,0.17,0.45139312744140625,0.4333152770996094,13.73
2013-10-12,7.77,22.79,82.7,0.09,0.4549121856689453,0.4389495849609375,17.86
2013-10-13,7.08,22.23,83.18,0.24,0.4648628234863281,0.45087114969889325,16.59
2013-10-14,9.15,22.43,85.31,0.15,0.4724540710449219,0.4583594004313151,14.06
2013-10-15,6.85,22.01,86.08,0.37,0.4744377136230469,0.4669532775878906,12.06
2013-10-16,16.71,21.51,83.81,0.3,0.4500414530436198,0.467410405476888,14.74
2013-10-17,4.27,22.0,85.09,0.28,0.46726417541503906,0.4617913564046224,15.42
2013-10-18,12.49,22.31,84.66,0.44,0.4818471272786458,0.47241783142089844,12.59
2013-10-19,9.02,23.01,85.16,0.14,0.4627037048339844,0.47330347696940106,16.87
2013-10-20,3.81,22.67,84.85,0.52,0.4452565511067708,0.459622065226237,17.45
2013-10-21,0.82,22.99,79.93,0.24,0.4435132344563802,0.4523855845133464,17.18
2013-10-22,4.99,22.13,86.45,0.29,0.4521401723225911,0.4483744303385417,13.3
2013-10-23,12.77,22.14,86.88,0.08,0.4743506113688151,0.4602425893147786,12.17
2013-10-24,1.24,23.18,78.73,0.23,0.4623533884684245,0.4693590799967448,15.98
2013-10-25,3.12,23.53,78.63,0.45,0.4515082041422526,0.46025848388671875,18.68
2013-10-26,11.51,23.0,85.69,0.26,0.46565691630045575,0.469265619913737,18.44
2013-10-27,3.94,22.58,83.83,0.14,0.46660486857096356,0.4675833384195964,17.75
2013-10-28,2.79,22.88,82.02,0.68,0.46090126037597656,0.4627799987792969,19.63
2013-10-29,0.76,22.31,82.59,1.38,0.4503885904947917,0.4571418762207031,20.89
2013-10-30,3.42,22.65,80.17,0.97,0.436770757039388,0.44844500223795575,19.5
2013-10-31,8.52,21.82,84.81,1.0,0.45056915283203125,0.4443810780843099,17.39
2013-11-01,16.68,20.78,89.11,0.21,0.4684123992919922,0.4693915049235026,16.1
2013-11-02,5.77,20.28,88.57,0.92,0.4525566101074219,0.46164703369140625,15.49
2013-11-03,2.25,20.46,85.54,0.56,0.46090126037597656,0.45891761779785156,14.05
2013-11-04,12.36,21.27,86.39,0.08,0.46661376953125,0.4576988220214844,13.67
2013-11-05,30.16,21.1,90.68,0.15,0.463134765625,0.47725995381673175,14.09
2013-11-06,22.58,21.18,91.39,0.29,0.4679857889811198,0.4721558888753255,11.65
2013-11-07,20.23,20.99,90.88,0.1,0.4642340342203776,0.4522546132405599,9.87
2013-11-08,5.73,20.98,88.13,0.33,0.4729156494140625,0.46426645914713544,10.64
2013-11-09,13.65,21.85,88.42,0.56,0.48021825154622394,0.46965662638346356,15.1
2013-11-10,2.18,21.68,84.12,1.21,0.46922047932942706,0.47506459554036456,17.36
2013-11-11,2.03,21.64,82.78,1.4,0.4566968282063802,0.46350669860839844,20.5
2013-11-12,2.12,21.95,84.29,1.19,0.4447174072265625,0.4524269104003906,18.38
2013-11-13,3.52,22.41,84.37,0.72,0.443484624226888,0.44487444559733075,17.87
2013-11-14,2.78,22.25,85.41,1.18,0.4503777821858724,0.4425849914550781,16.6
2013-11-15,0.38,22.24,83.29,1.27,0.437777837117513,0.43966039021809894,18.77
2013-11-16,1.58,22.83,82.86,0.99,0.42237218221028644,0.4332682291666667,19.95
2013-11-17,0.72,22.52,83.99,1.3,0.4152545928955078,0.4270814259847005,20.54
2013-11-18,0.88,22.23,75.74,0.78,0.4025999704996745,0.42031415303548175,22.37
2013-11-19,8.39,21.9,81.32,0.05,0.434146245320638,0.4171002705891927,19.27
2013-11-20,4.98,21.61,87.41,0.32,0.4463736216227214,0.42277971903483075,15.8
2013-11-21,4.22,21.63,85.89,0.73,0.4534626007080078,0.4314505259195964,16.63
2013-11-22,8.92,21.56,88.35,1.26,0.4556312561035156,0.4366931915283203,15.27
2013-11-23,10.65,21.69,86.77,1.06,0.4650249481201172,0.4522635142008464,15.38
2013-11-24,22.77,21.5,89.45,0.75,0.4640890757242839,0.4693463643391927,10.67
2013-11-25,8.43,21.85,86.78,0.75,0.47918446858723956,0.47846539815266925,15.92
2013-11-26,7.67,21.5,85.85,0.98,0.4802284240722656,0.4783490498860677,15.32
2013-11-27,5.32,21.72,82.41,0.87,0.4698925018310547,0.4731101989746094,18.72
2013-11-28,3.55,20.77,84.6,1.62,0.4690399169921875,0.47085126241048175,19.15
2013-11-29,4.69,20.27,84.75,1.67,0.4596087137858073,0.4634259541829427,17.98
2013-11-30,4.05,20.59,84.34,1.42,0.4638080596923828,0.46202341715494794,18.35
2013-12-01,3.16,20.75,84.12,1.08,0.45842425028483075,0.4591941833496094,17.97
2013-12-02,2.89,21.63,81.25,0.38,0.45454851786295575,0.4556897481282552,18.66
2013-12-03,2.35,22.1,79.89,0.1,0.4468485514322917,0.45108795166015625,16.59
2013-12-04,5.21,22.29,85.91,0.57,0.44996070861816406,0.4476178487141927,15.68
2013-12-05,9.05,21.41,88.62,1.29,0.47098859151204425,0.457339604695638,14.64
2013-12-06,6.92,21.55,84.08,1.5,0.4698619842529297,0.4648151397705078,17.9
2013-12-07,3.5,21.02,83.46,1.75,0.46616490681966144,0.46393775939941406,17.23
2013-12-08,6.03,20.5,83.05,1.6,0.4594135284423828,0.4586187998453776,17.66
2013-12-09,4.11,21.1,80.31,0.58,0.4652353922526042,0.4622764587402344,18.8
2013-12-10,6.84,22.08,81.48,0.62,0.4587364196777344,0.45732879638671875,15.85
2013-12-11,4.95,21.68,84.87,1.28,0.464694341023763,0.46024004618326825,13.8
2013-12-12,12.87,21.43,88.05,1.53,0.4642569224039714,0.46216456095377606,15.04
2013-12-13,28.03,21.21,89.99,1.52,0.47107505798339844,0.4693470001220703,11.19
2013-12-14,2.82,21.34,82.9,1.25,0.46868324279785156,0.4716358184814453,15.22
2013-12-15,4.42,21.81,82.32,1.17,0.4610602060953776,0.4604759216308594,16.76
2013-12-16,1.3,21.54,80.07,1.34,0.4560445149739583,0.455593744913737,17.85
2013-12-17,4.81,20.85,86.5,1.55,0.4478778839111328,0.4478753407796224,13.47
2013-12-18,16.0,21.14,83.85,1.62,0.4751351674397786,0.4731038411458333,14.88
2013-12-19,1.26,20.12,80.27,1.68,0.4563376108805339,0.46709760030110675,16.39
2013-12-20,2.35,20.78,69.15,1.65,0.45021692911783856,0.4560190836588542,18.64
2013-12-21,1.59,20.47,68.39,1.6,0.44301414489746094,0.4473349253336589,20.39
2013-12-22,0.39,20.02,73.5,1.61,0.4232947031656901,0.43805503845214844,20.66
2013-12-23,4.1,19.5,81.46,1.54,0.420199712117513,0.4296716054280599,17.78
2013-12-24,10.37,20.51,82.37,1.15,0.4503898620605469,0.4299023946126302,17.94
2013-12-25,18.37,20.79,81.9,0.51,0.46673583984375,0.45395469665527344,17.15
2013-12-26,4.08,21.15,76.02,0.33,0.4589029947916667,0.4584484100341797,18.14
2013-12-27,5.25,22.71,76.86,0.95,0.4628976186116536,0.4572029113769531,19.2
2013-12-28,2.9,21.63,81.76,1.51,0.45096906026204425,0.4528948465983073,17.2
2013-12-29,0.49,21.71,74.72,1.53,0.4397589365641276,0.446322758992513,19.29
2013-12-30,0.69,21.36,77.95,1.67,0.42223548889160156,0.4374491373697917,19.97
2013-12-31,2.47,21.18,80.56,1.72,0.41550572713216144,0.4292138417561849,17.12
2014-01-01,1.24,21.09,78.17,1.93,0.4203020731608073,0.4242674509684245,18.27
2014-01-02,2.62,20.44,80.4,1.53,0.41277122497558594,0.41920216878255206,19.09
2014-01-03,2.46,21.83,79.38,0.95,0.41503270467122394,0.415618896484375,15.33
2014-01-04,4.93,21.3,85.03,1.8,0.4334564208984375,0.4158477783203125,15.82
2014-01-05,4.1,21.36,83.68,1.2,0.4348500569661458,0.41887156168619794,15.12
2014-01-06,3.82,22.2,81.73,0.99,0.4416694641113281,0.4228808085123698,16.15
2014-01-07,6.24,21.41,85.78,1.01,0.4511884053548177,0.42818768819173175,12.64
2014-01-08,1.82,20.58,81.62,1.65,0.4423033396402995,0.43372154235839844,18.03
2014-01-09,0.9,20.7,69.57,1.82,0.43073272705078125,0.4304434458414714,20.56
2014-01-10,0.01,20.03,62.74,1.56,0.4075133005777995,0.4232921600341797,21.86
2014-01-11,0.0,21.04,60.34,1.42,0.3881511688232422,0.41420873006184894,22.85
2014-01-12,0.17,20.52,74.24,1.61,0.37325795491536456,0.4051888783772786,21.62
2014-01-13,1.43,20.19,77.27,1.51,0.36486053466796875,0.39729054768880206,20.06
2014-01-14,3.23,21.13,78.77,1.02,0.3699626922607422,0.39154052734375,17.32
2014-01-15,3.73,22.06,79.86,0.87,0.39186350504557294,0.38841819763183594,16.15
2014-01-16,2.56,22.14,78.81,0.84,0.40570513407389325,0.38794708251953125,17.34
2014-01-17,3.53,21.51,81.34,1.29,0.4078693389892578,0.38800048828125,17.59
2014-01-18,1.62,22.69,72.38,0.89,0.4017187754313151,0.38793055216471356,20.88
2014-01-19,5.59,22.9,79.98,1.08,0.41165415445963544,0.38735008239746094,18.07
2014-01-20,2.31,22.31,76.63,1.42,0.4184182484944661,0.3912340799967448,18.79
2014-01-21,7.13,21.44,82.61,1.32,0.4168160756429036,0.3922506968180339,16.07
2014-01-22,1.84,22.23,74.13,0.76,0.4266815185546875,0.4001700083414714,18.83
2014-01-23,2.37,21.56,76.97,1.63,0.4127076466878255,0.3998565673828125,17.61
2014-01-24,4.01,20.51,84.03,1.71,0.4117940266927083,0.3980566660563151,17.03
2014-01-25,5.47,20.62,80.72,1.65,0.4238166809082031,0.39964866638183594,17.54
2014-01-26,1.49,21.82,71.74,1.34,0.4237893422444661,0.40331776936848956,20.49
2014-01-27,2.9,21.39,75.84,1.26,0.4045886993408203,0.40029652913411456,19.32
2014-01-28,5.26,20.62,86.13,1.27,0.42870521545410156,0.40062522888183594,11.79
2014-01-29,5.77,21.48,81.47,1.5,0.4364776611328125,0.4079322814941406,20.23
2014-01-30,6.67,20.24,81.94,1.66,0.44230016072591144,0.41359583536783856,17.06
2014-01-31,2.98,19.61,80.16,1.67,0.4408887227376302,0.41909535725911456,17.89
2014-02-01,4.39,19.69,80.75,1.63,0.4325065612792969,0.41745249430338544,17.57
2014-02-02,1.42,21.23,76.68,1.04,0.4295050303141276,0.41675885518391925,18.55
2014-02-03,5.58,22.05,82.11,1.08,0.42984771728515625,0.4141133626302083,14.5
2014-02-04,9.93,21.23,83.01,1.64,0.4574909210205078,0.42614491780598956,17.64
2014-02-05,5.27,20.56,80.08,1.67,0.4493255615234375,0.4306646982828776,19.96
2014-02-06,5.67,20.38,80.81,1.36,0.4558703104654948,0.4348716735839844,17.23
2014-02-07,18.57,20.96,85.93,1.35,0.4499766031901042,0.43886439005533856,13.45
2014-02-08,18.12,21.61,84.6,1.5,0.469113032023112,0.449099858601888,17.7
2014-02-09,15.62,21.71,84.48,1.42,0.4729760487874349,0.45559247334798175,16.01
2014-02-10,5.93,21.82,80.54,1.4,0.469085693359375,0.465915044148763,19.47
2014-02-11,3.85,22.11,78.64,1.56,0.4570363362630208,0.4556102752685547,21.18
2014-02-12,2.34,21.8,78.49,1.2,0.4433269500732422,0.4477672576904297,18.97
2014-02-13,10.93,22.78,80.93,0.6,0.4593626658121745,0.4455515543619792,17.06
2014-02-14,10.29,23.44,77.94,0.71,0.4752489725748698,0.464752197265625,18.2
2014-02-15,1.59,22.46,76.0,1.42,0.45417531331380206,0.4575723012288411,20.46
2014-02-16,0.69,21.44,73.8,1.73,0.4356244405110677,0.4470132191975911,22.89
2014-02-17,2.42,20.95,74.6,1.94,0.4253794352213542,0.43634923299153644,22.14
2014-02-18,3.55,20.35,75.38,1.97,0.4269396464029948,0.4290924072265625,21.22
2014-02-19,6.21,20.13,78.19,1.58,0.4324963887532552,0.42527135213216144,17.56
2014-02-20,8.09,20.84,79.85,1.65,0.4539305369059245,0.4330698649088542,17.56
2014-02-21,7.93,21.04,76.9,1.8,0.4608592987060547,0.447292963663737,20.37
2014-02-22,11.26,20.67,82.18,1.76,0.46184349060058594,0.4511426289876302,16.72
2014-02-23,11.22,21.15,82.19,1.78,0.4521973927815755,0.44528643290201825,16.34
2014-02-24,11.06,20.88,82.87,1.37,0.45725250244140625,0.4480737050374349,17.15
2014-02-25,5.48,20.98,85.29,1.36,0.4372609456380208,0.44386736551920575,13.4
2014-02-26,9.99,21.51,85.25,1.14,0.4611663818359375,0.44067128499348956,17.66
2014-02-27,20.56,22.03,84.57,0.69,0.4683653513590495,0.4677359263102214,16.4
2014-02-28,23.36,21.69,86.28,0.77,0.46305211385091144,0.4558391571044922,16.79
2014-03-01,8.35,21.61,86.76,1.16,0.4609839121500651,0.4621111551920573,18.83
2014-03-02,1.68,20.82,80.24,1.5,0.4606545766194661,0.45884068806966144,23.65
2014-03-03,1.45,20.87,72.31,1.47,0.44129498799641925,0.44758351643880206,20.78
2014-03-04,10.76,21.16,80.22,1.41,0.4445209503173828,0.4396737416585286,19.78
2014-03-05,5.52,21.13,84.61,1.2,0.4668629964192708,0.4546642303466797,16.56
2014-03-06,5.24,21.92,83.2,0.62,0.4613291422526042,0.455746332804362,15.83
2014-03-07,12.7,21.85,85.09,0.22,0.43540700276692706,0.45441309611002606,14.89
2014-03-08,7.15,21.41,91.66,0.52,0.4663308461507161,0.4504273732503255,11.32
2014-03-09,4.6,21.16,86.35,1.46,0.46880531311035156,0.4596576690673828,17.9
2014-03-10,4.63,21.02,79.78,1.56,0.46273231506347656,0.4590129852294922,20.44
2014-03-11,2.03,20.98,76.67,1.02,0.44503339131673175,0.45166015625,23.46
2014-03-12,1.55,22.0,76.48,0.72,0.434295654296875,0.44252459208170575,22.46
2014-03-13,3.69,22.59,78.81,0.64,0.4293066660563151,0.4350198109944661,20.72
2014-03-14,6.49,21.65,84.94,1.5,0.4543679555257161,0.4364159901936849,18.85
2014-03-15,5.42,21.72,78.29,1.73,0.45632171630859375,0.44390233357747394,22.54
2014-03-16,5.46,21.22,78.11,1.48,0.4435780843098958,0.4415582021077474,22.65
2014-03-17,1.58,22.73,72.49,0.75,0.4443174997965495,0.4416344960530599,23.58
2014-03-18,16.28,23.95,78.44,0.79,0.458187739054362,0.4461816151936849,17.84
2014-03-19,9.89,23.67,77.95,1.05,0.45740636189778644,0.4560832977294922,23.1
2014-03-20,2.16,22.61,80.88,1.54,0.44056065877278644,0.44910748799641925,21.19
2014-03-21,3.53,22.75,79.95,1.67,0.43996556599934894,0.4421234130859375,21.75
2014-03-22,2.34,23.1,76.24,1.21,0.4391797383626302,0.43758392333984375,22.63
2014-03-23,21.45,23.64,79.5,1.09,0.43880271911621094,0.43525950113932294,22.0
2014-03-24,30.07,22.97,84.34,0.91,0.4527689615885417,0.46843210856119794,14.82
2014-03-25,10.82,23.24,79.04,0.58,0.4734344482421875,0.472564697265625,20.6
2014-03-26,11.02,22.63,83.61,1.22,0.4447867075602214,0.45131810506184894,16.0
2014-03-27,0.78,22.0,72.85,1.89,0.4244556427001953,0.43033599853515625,20.81
2014-03-28,0.49,21.87,72.15,2.02,0.4039662679036458,0.4226824442545573,24.39
2014-03-29,0.28,21.49,69.88,1.5,0.38345591227213544,0.4140707651774089,26.99
2014-03-30,2.23,22.03,76.03,1.51,0.37380091349283856,0.4059130350748698,23.97
2014-03-31,4.31,22.2,78.62,1.5,0.3897533416748047,0.4008172353108724,19.35
2014-04-01,11.46,22.26,78.42,1.44,0.41386159261067706,0.3989702860514323,21.03
2014-04-02,23.1,22.31,83.19,1.1,0.4653879801432292,0.4274285634358724,18.16
2014-04-03,74.06,21.9,89.03,1.08,0.4652220408121745,0.466830571492513,15.03
2014-04-04,24.88,21.78,89.56,1.25,0.4723631540934245,0.4603595733642578,13.97
2014-04-05,19.34,22.44,85.3,1.01,0.4607810974121094,0.44643402099609375,18.07
2014-04-06,16.21,22.61,84.51,0.78,0.4518445332845052,0.4687480926513672,17.36
2014-04-07,12.08,23.45,85.92,0.72,0.47037188212076825,0.4762503306070964,18.97
2014-04-08,4.63,24.0,80.06,0.76,0.47001012166341144,0.47497304280598956,21.8
2014-04-09,4.18,23.75,80.85,0.62,0.45673561096191406,0.46318689982096356,22.02
2014-04-10,1.5,23.44,74.64,1.35,0.4540386199951172,0.45710500081380206,23.33
2014-04-11,1.12,22.21,76.81,1.92,0.4302527109781901,0.4463551839192708,22.29
2014-04-12,5.34,21.67,80.89,1.55,0.423977533976237,0.43657366434733075,21.36
2014-04-13,6.05,22.37,80.52,1.06,0.4546527862548828,0.4393755594889323,18.37
2014-04-14,5.85,22.67,78.99,1.11,0.45192527770996094,0.44130706787109375,18.9
2014-04-15,3.15,22.84,79.45,0.78,0.4497578938802083,0.4442545572916667,20.93
2014-04-16,9.04,22.31,87.3,0.96,0.46700096130371094,0.44889386494954425,17.27
2014-04-17,10.92,22.28,86.1,1.69,0.4734935760498047,0.4608084360758464,18.25
2014-04-18,8.59,22.07,86.28,1.52,0.47357940673828125,0.4659951527913411,17.13
2014-04-19,26.3,22.36,89.39,1.19,0.47057469685872394,0.47028541564941406,14.93
2014-04-20,12.95,22.56,86.67,0.84,0.4696795145670573,0.4706427256266276,15.64
2014-04-21,25.69,23.0,89.18,1.02,0.47682825724283856,0.4765491485595703,16.46
2014-04-22,14.61,22.8,86.46,0.32,0.4640045166015625,0.46891148885091144,13.47
2014-04-23,13.34,22.51,86.7,0.29,0.47711944580078125,0.47531890869140625,13.87
2014-04-24,21.69,22.45,89.49,0.39,0.4658641815185547,0.46961402893066406,13.67
2014-04-25,27.46,22.47,89.19,0.52,0.4717140197753906,0.4594135284423828,11.52
2014-04-26,15.34,22.85,89.4,0.22,0.47218958536783856,0.4758262634277344,12.67
2014-04-27,14.07,22.08,87.83,0.16,0.473513921101888,0.468597412109375,14.68
2014-04-28,17.21,22.92,84.38,0.49,0.47123273213704425,0.47948582967122394,19.13
2014-04-29,15.84,23.42,83.41,0.64,0.4705982208251953,0.46544329325358075,17.76
2014-04-30,35.57,22.6,89.8,0.79,0.4571971893310547,0.47223790486653644,13.42
2014-05-01,20.43,21.92,90.77,1.18,0.46698888142903644,0.47211456298828125,16.65
2014-05-02,18.28,22.09,90.03,0.82,0.46351051330566406,0.47405052185058594,12.92
2014-05-03,24.44,22.86,88.07,0.26,0.4783159891764323,0.4833990732828776,16.97
2014-05-04,27.43,22.44,89.54,0.45,0.4771849314371745,0.47951634724934894,15.88
2014-05-05,9.2,22.56,88.33,0.41,0.46986961364746094,0.4790293375651042,16.02
2014-05-06,22.79,22.81,87.79,0.4,0.44024022420247394,0.45943260192871094,17.88
2014-05-07,27.46,22.19,91.77,0.51,0.4730389912923177,0.47742335001627606,11.9
2014-05-08,19.73,21.74,91.17,0.67,0.45076560974121094,0.44446372985839844,12.27
2014-05-09,61.78,21.41,92.08,0.78,0.46251360575358075,0.4761269887288411,16.03
2014-05-10,74.53,20.96,90.04,0.6,0.4630928039550781,0.4757556915283203,18.09
2014-05-11,30.4,20.9,88.72,0.6,0.4788748423258464,0.48296864827473956,20.88
2014-05-12,11.66,21.56,84.13,0.27,0.4669850667317708,0.47306378682454425,20.94
2014-05-13,9.54,22.87,84.21,0.78,0.4752209981282552,0.4710642496744792,21.61
2014-05-14,8.99,22.8,89.0,1.03,0.47825050354003906,0.47448984781901044,16.51
2014-05-15,5.79,22.77,90.37,0.79,0.4750658671061198,0.4741891225179036,12.53
2014-05-16,4.37,22.18,89.69,0.89,0.46834246317545575,0.4693921407063802,16.71
2014-05-17,23.28,22.28,92.01,1.06,0.4701010386149089,0.4702949523925781,15.72
2014-05-18,25.87,21.94,91.52,0.67,0.4523417154947917,0.47447458902994794,10.11
2014-05-19,37.76,22.32,89.48,0.59,0.4667975107828776,0.4749259948730469,9.42
2014-05-20,15.39,22.7,88.17,0.38,0.4643484751383464,0.47339757283528644,13.18
2014-05-21,20.17,21.97,89.67,0.35,0.4637489318847656,0.44652684529622394,14.49
2014-05-22,19.13,22.44,87.82,0.97,0.4465096791585286,0.4683068593343099,16.5
2014-05-23,7.6,21.89,88.52,0.88,0.4683984120686849,0.4604479471842448,15.28
2014-05-24,2.81,22.64,85.05,0.81,0.46434974670410156,0.46296946207682294,20.48
2014-05-25,2.23,22.47,82.45,1.28,0.45275433858235675,0.4559478759765625,22.1
2014-05-26,7.11,22.12,85.98,1.22,0.44719378153483075,0.4480597178141276,19.84
2014-05-27,20.68,22.64,88.33,1.14,0.45797093709309894,0.46288808186848956,17.03
2014-05-28,8.52,22.46,87.69,0.77,0.475277582804362,0.46530596415201825,12.6
2014-05-29,11.37,22.09,89.97,0.59,0.46938514709472656,0.4714558919270833,9.11
2014-05-30,12.36,22.2,89.94,0.59,0.4650611877441406,0.46626726786295575,13.07
2014-05-31,7.46,22.85,85.76,0.69,0.4673919677734375,0.47114308675130206,18.45
2014-06-01,2.49,23.23,84.5,0.5,0.4614105224609375,0.47098859151204425,18.09
2014-06-02,5.06,23.42,87.52,0.82,0.4573078155517578,0.4605706532796224,18.26
2014-06-03,1.1,23.37,84.29,0.56,0.4554449717203776,0.45728810628255206,22.25
2014-06-04,1.25,23.42,81.45,0.57,0.4370613098144531,0.448703130086263,24.65
2014-06-05,13.53,24.03,84.27,0.64,0.4372577667236328,0.4426155090332031,20.75
2014-06-06,7.9,23.31,83.18,0.74,0.4250653584798177,0.4555498758951823,22.24
2014-06-07,3.41,23.27,84.06,1.0,0.4327596028645833,0.4429512023925781,21.72
2014-06-08,8.05,22.8,88.49,0.83,0.4406744639078776,0.4376233418782552,16.26
2014-06-09,1.43,23.07,84.25,0.63,0.4515673319498698,0.4433752695719401,19.41
2014-06-10,2.3,23.35,83.58,0.67,0.43704795837402344,0.4394721984863281,17.73
2014-06-11,0.82,23.13,83.59,1.02,0.4328136444091797,0.4351234436035156,18.36
2014-06-12,3.25,23.01,84.31,1.12,0.4205830891927083,0.4293937683105469,19.63
2014-06-13,7.33,22.8,86.85,0.77,0.45349756876627606,0.4302247365315755,14.68
2014-06-14,10.14,22.57,89.02,0.8,0.4680277506510417,0.44262123107910156,12.91
2014-06-15,5.77,23.19,87.05,0.86,0.4675223032633464,0.4572868347167969,14.94
2014-06-16,9.57,23.05,86.94,0.79,0.4724260965983073,0.46300697326660156,14.66
2014-06-17,12.96,22.97,85.4,0.82,0.47932179768880206,0.47286415100097656,13.52
2014-06-18,7.68,22.66,85.47,0.92,0.4414927164713542,0.4591229756673177,13.7
2014-06-19,2.13,22.61,84.98,0.77,0.4614219665527344,0.4573173522949219,16.87
2014-06-20,2.53,23.37,84.44,0.49,0.4439233144124349,0.451171875,17.01
2014-06-21,1.21,24.06,78.7,0.24,0.4412994384765625,0.4455210367838542,16.78
2014-06-22,0.42,23.72,77.12,0.72,0.4306329091389974,0.4394448598225911,18.16
2014-06-23,3.07,22.79,86.09,1.09,0.42285601298014325,0.4327888488769531,14.32
2014-06-24,0.58,22.76,82.59,1.28,0.4283262888590495,0.4292062123616536,18.25
2014-06-25,3.53,21.98,84.44,1.3,0.41902414957682294,0.4242668151855469,14.73
2014-06-26,0.65,23.12,75.69,0.93,0.42404429117838544,0.4218972524007161,19.68
2014-06-27,0.64,22.74,72.64,1.27,0.4063517252604167,0.4166666666666667,18.53
2014-06-28,5.0,22.25,83.28,1.23,0.4128602345784505,0.41156450907389325,19.41
2014-06-29,2.82,22.93,80.03,1.18,0.4298572540283203,0.41193580627441406,15.88
2014-06-30,1.95,22.58,82.55,1.21,0.41629600524902344,0.4110908508300781,18.13
2014-07-01,4.59,22.83,85.87,0.18,0.4194170633951823,0.4089037577311198,11.34
2014-07-02,3.58,23.58,79.41,0.72,0.4309164683024089,0.41120338439941406,18.37
2014-07-03,1.12,22.62,79.24,1.23,0.4251524607340495,0.41214625040690106,22.66
2014-07-04,3.62,22.96,79.63,1.19,0.42211151123046875,0.40975697835286456,22.72
2014-07-05,2.21,22.54,80.82,1.27,0.4157613118489583,0.40743573506673175,17.81
2014-07-06,5.18,22.1,80.28,1.35,0.421963373819987,0.406070073445638,18.64
2014-07-07,3.5,23.38,78.09,1.04,0.4219799041748047,0.4064451853434245,19.05
2014-07-08,7.47,22.6,83.74,1.35,0.4318052927652995,0.40769513448079425,15.79
2014-07-09,7.08,22.19,83.58,1.54,0.44853973388671875,0.4223639170328776,19.67
2014-07-10,9.54,22.6,81.51,1.4,0.4603284200032552,0.4364356994628906,18.03
2014-07-11,3.75,22.31,80.71,1.23,0.4450244903564453,0.437106450398763,17.09
2014-07-12,9.94,22.86,83.32,0.86,0.4657293955485026,0.44447962443033856,11.28
2014-07-13,8.02,23.37,80.95,1.05,0.4656232198079427,0.4519246419270833,18.34
2014-07-14,2.53,23.14,80.23,0.9,0.4518413543701172,0.44595591227213544,18.82
2014-07-15,0.17,24.01,72.63,0.57,0.4326101938883464,0.4374656677246094,20.39
2014-07-16,1.32,24.51,72.72,0.46,0.4162883758544922,0.4277337392171224,18.19
2014-07-17,0.3,24.47,69.97,0.64,0.4068063100179036,0.4201215108235677,20.29
2014-07-18,0.1,24.6,64.62,0.64,0.38988304138183594,0.41144561767578125,22.18
2014-07-19,3.53,23.47,75.89,1.09,0.3809986114501953,0.40283203125,18.94
2014-07-20,0.97,24.16,73.03,0.86,0.39061609903971356,0.398013432820638,20.77
2014-07-21,4.32,23.49,81.47,0.89,0.3883819580078125,0.39307912190755206,16.11
2014-07-22,1.02,24.06,69.43,1.2,0.39717864990234375,0.3913523356119792,22.13
2014-07-23,0.98,23.15,70.72,1.35,0.3826611836751302,0.3866539001464844,22.42
2014-07-24,3.85,23.41,77.93,1.34,0.376678466796875,0.38147735595703125,20.5
2014-07-25,0.65,23.71,71.99,1.23,0.38000742594401044,0.3780892690022786,22.27
2014-07-26,1.51,23.06,74.13,1.19,0.3610757191975911,0.37318166097005206,20.15
2014-07-27,17.8,22.2,87.24,0.76,0.4418805440266927,0.3827597300211589,11.35
2014-07-28,5.6,22.78,80.91,1.26,0.4497884114583333,0.4088643391927083,17.81
2014-07-29,0.81,23.27,75.08,0.83,0.43359820048014325,0.41377003987630206,19.66
2014-07-30,3.07,23.79,78.83,0.59,0.41576194763183594,0.4097913106282552,17.21
2014-07-31,2.88,24.34,74.27,0.39,0.41855494181315106,0.40690358479817706,19.12
2014-08-01,0.67,24.21,72.8,0.87,0.4116827646891276,0.404205322265625,21.6
2014-08-02,3.41,24.14,75.67,0.22,0.3972358703613281,0.39852460225423175,18.45
2014-08-03,6.34,23.25,78.29,0.49,0.4296875,0.3994630177815755,16.66
2014-08-04,0.5,23.39,71.2,1.17,0.4191506703694661,0.4017314910888672,22.6
2014-08-05,0.36,23.0,72.39,1.26,0.3903363545735677,0.3960857391357422,22.83
2014-08-06,1.34,23.8,72.9,0.75,0.3721758524576823,0.3887227376302083,21.22
2014-08-07,3.33,23.84,76.22,0.46,0.38197962443033856,0.38305028279622394,17.88
2014-08-08,12.77,22.68,82.58,0.43,0.4110329945882161,0.382205327351888,15.65
2014-08-09,4.4,23.41,78.24,0.48,0.44399579366048175,0.40665626525878906,19.73
2014-08-10,2.93,23.19,77.27,0.7,0.4246826171875,0.4069531758626302,17.79
2014-08-11,1.13,23.11,76.7,1.06,0.41738128662109375,0.4044036865234375,23.26
2014-08-12,2.26,23.5,76.8,0.71,0.40174102783203125,0.39888890584309894,20.35
2014-08-13,1.72,23.66,73.43,0.66,0.3984190622965495,0.3941949208577474,18.57
2014-08-14,3.03,22.51,79.67,1.26,0.3975048065185547,0.3903026580810547,17.61
2014-08-15,10.37,22.92,82.08,1.16,0.42415618896484375,0.3910961151123047,18.18
2014-08-16,2.63,23.23,81.26,1.15,0.4313189188639323,0.40396563212076825,19.26
2014-08-17,4.95,24.05,74.96,0.81,0.42824236551920575,0.40446917215983075,19.58
2014-08-18,13.25,23.17,81.31,0.68,0.4325853983561198,0.4101543426513672,14.75
2014-08-19,16.71,22.34,82.47,0.98,0.4575875600179036,0.4331067403157552,13.92
2014-08-20,2.59,23.25,73.53,0.96,0.44939104715983075,0.43461863199869794,17.91
2014-08-21,8.86,22.62,80.14,1.21,0.4498284657796224,0.43176714579264325,18.77
2014-08-22,6.99,22.85,80.53,0.66,0.4577770233154297,0.4398784637451172,18.52
2014-08-23,16.98,22.2,85.29,0.57,0.43994712829589844,0.438931147257487,19.76
2014-08-24,7.53,22.32,85.36,0.43,0.47030385335286456,0.44862937927246094,13.22
2014-08-25,19.13,22.51,87.61,0.27,0.4577821095784505,0.4587847391764323,16.22
2014-08-26,10.25,22.7,85.54,0.34,0.4652061462402344,0.4692363739013672,18.13
2014-08-27,8.58,22.68,79.95,0.13,0.46482404073079425,0.46560096740722656,19.75
2014-08-28,14.91,22.14,83.51,0.17,0.4703807830810547,0.4684823354085286,15.19
2014-08-29,2.48,23.45,74.12,0.64,0.4674002329508464,0.46946080525716144,19.39
2014-08-30,0.85,23.42,75.14,0.8,0.4439245859781901,0.4568195343017578,22.85
2014-08-31,0.87,23.34,71.06,1.0,0.4278024037679036,0.443576176961263,22.49
2014-09-01,0.57,23.22,78.66,0.87,0.4153118133544922,0.4324563344319661,20.27
2014-09-02,2.26,23.33,83.06,0.81,0.4081427256266276,0.42371241251627606,16.47
2014-09-03,6.04,23.16,84.02,0.54,0.42034912109375,0.4189109802246094,15.5
2014-09-04,6.58,22.7,84.51,0.54,0.44806861877441406,0.4233894348144531,14.87
2014-09-05,1.03,23.74,73.97,0.51,0.4448998769124349,0.43207422892252606,22.09
2014-09-06,8.0,23.94,76.72,0.54,0.43465105692545575,0.42820103963216144,18.75
2014-09-07,9.01,24.24,72.12,0.14,0.4632498423258464,0.44577916463216144,19.07
2014-09-08,6.77,23.87,75.29,0.15,0.4597434997558594,0.44846661885579425,14.91
2014-09-09,1.53,23.99,75.88,0.44,0.4524923960367839,0.4505055745442708,19.76
2014-09-10,1.01,23.68,75.53,0.91,0.4354877471923828,0.4426593780517578,19.19
2014-09-11,4.36,23.11,78.57,0.87,0.44220225016276044,0.4373480478922526,16.78
2014-09-12,4.86,23.08,78.02,0.55,0.4488932291666667,0.4382254282633464,16.62
2014-09-13,7.53,22.54,78.89,0.81,0.4533882141113281,0.4406572977701823,14.86
2014-09-14,8.02,22.93,79.6,0.88,0.4649607340494792,0.45156097412109375,15.74
2014-09-15,6.35,22.84,79.81,0.66,0.45758819580078125,0.45102564493815106,13.87
2014-09-16,6.29,23.46,78.4,0.34,0.46556536356608075,0.4548206329345703,16.46
2014-09-17,0.78,23.64,72.34,0.39,0.4494444529215495,0.4513874053955078,17.96
2014-09-18,6.61,22.71,81.95,0.54,0.44927978515625,0.4444255828857422,13.91
2014-09-19,6.07,22.81,81.47,0.6,0.4553476969401042,0.44677289326985675,19.54
2014-09-20,9.05,22.56,82.17,0.12,0.4235070546468099,0.4428564707438151,17.14
2014-09-21,12.57,21.85,86.34,0.52,0.46142832438151044,0.44701194763183594,15.5
2014-09-22,13.69,22.59,84.01,0.06,0.45706812540690106,0.4622211456298828,13.55
2014-09-23,23.25,21.68,88.72,0.3,0.47148386637369794,0.4738604227701823,13.33
2014-09-24,9.97,22.94,82.6,0.02,0.43344561258951825,0.436737060546875,18.08
2014-09-25,15.79,22.79,84.26,0.12,0.4633140563964844,0.4471670786539714,16.1
2014-09-26,12.19,22.26,85.14,0.61,0.4503135681152344,0.46409352620442706,16.07
2014-09-27,4.93,23.03,80.6,0.25,0.4606424967447917,0.4528369903564453,18.92
2014-09-28,1.63,23.05,75.95,0.37,0.45160992940266925,0.4478098551432292,18.59
2014-09-29,0.8,23.98,74.59,0.24,0.43726539611816406,0.4405632019042969,16.92
2014-09-30,0.69,24.51,74.43,0.11,0.4228738149007161,0.4330889383951823,19.79
2014-10-01,0.41,24.27,71.01,0.39,0.409573237101237,0.4253622690836589,19.93
2014-10-02,0.54,23.7,73.51,1.02,0.39562098185221356,0.4175281524658203,21.1
2014-10-03,3.02,23.15,77.03,1.03,0.3892224629720052,0.41037940979003906,16.83
2014-10-04,10.76,22.85,83.12,0.89,0.43036333719889325,0.4100151062011719,15.45
2014-10-05,11.61,22.88,85.24,0.56,0.4571342468261719,0.42699305216471356,14.14
2014-10-06,26.08,22.12,86.99,0.25,0.4682502746582031,0.46816126505533856,10.52
2014-10-07,12.29,22.27,87.89,0.49,0.48574193318684894,0.4818731943766276,10.31
2014-10-08,11.35,21.79,90.05,0.22,0.46970876057942706,0.4799639383951823,8.28
2014-10-09,24.8,21.24,91.82,0.5,0.4848461151123047,0.47568511962890625,9.84
2014-10-10,23.05,20.98,88.85,0.36,0.47036298116048175,0.4631856282552083,16.56
2014-10-11,6.64,21.69,89.15,0.18,0.4721914927164714,0.4562238057454427,10.8
2014-10-12,6.74,22.51,85.74,0.07,0.47113037109375,0.4608472188313802,13.63
2014-10-13,14.65,22.23,87.13,0.44,0.46905771891276044,0.4721978505452474,12.3
2014-10-14,3.1,22.2,82.86,0.38,0.44683265686035156,0.4601917266845703,13.0
2014-10-15,2.14,23.15,76.88,0.02,0.44502003987630206,0.45083045959472656,17.18
2014-10-16,5.15,22.95,83.96,0.19,0.44995752970377606,0.4452521006266276,16.52
2014-10-17,11.51,22.43,86.18,0.18,0.46532567342122394,0.4556280771891276,13.44
2014-10-18,6.37,22.37,84.55,0.18,0.4663492838541667,0.4717725118001302,13.07
2014-10-19,4.08,21.86,85.41,0.46,0.4741039276123047,0.4727102915445964,10.25
2014-10-20,9.44,21.86,86.38,0.19,0.47815704345703125,0.47602272033691406,9.91
2014-10-21,4.35,22.56,81.5,0.24,0.4685649871826172,0.4738515218098958,14.75
2014-10-22,7.16,23.02,80.65,0.17,0.4569861094156901,0.4692128499348958,15.64
2014-10-23,1.53,22.83,81.55,0.18,0.4206555684407552,0.45459874471028644,18.88
2014-10-24,1.7,22.96,79.3,0.15,0.4302361806233724,0.44424883524576825,21.36
2014-10-25,15.97,22.0,85.13,0.15,0.45376841227213544,0.4454644521077474,18.95
2014-10-26,55.11,21.48,84.85,0.39,0.4639574686686198,0.4782155354817708,18.36
2014-10-27,54.77,20.67,91.65,0.41,0.4548047383626302,0.46356773376464844,5.95
2014-10-28,4.58,22.24,85.0,0.65,0.4384301503499349,0.43595314025878906,19.69
2014-10-29,2.26,22.19,84.47,0.86,0.44292767842610675,0.43274688720703125,20.41
2014-10-30,5.71,22.32,86.08,0.17,0.45301373799641925,0.4331124623616536,14.43
2014-10-31,6.6,22.25,86.55,0.43,0.4643910725911458,0.4469064076741536,13.2
2014-11-01,7.07,22.33,87.71,0.19,0.461642583211263,0.44958941141764325,15.24
2014-11-02,1.9,22.63,82.41,0.8,0.4589544932047526,0.45319875081380206,17.72
2014-11-03,2.03,21.95,83.53,1.49,0.44485219319661456,0.4468218485514323,19.09
2014-11-04,1.05,21.85,81.13,1.33,0.43555768330891925,0.4394982655843099,21.14
2014-11-05,4.43,21.7,81.81,0.07,0.4324029286702474,0.4324785868326823,19.18
2014-11-06,5.7,21.87,81.89,0.08,0.4484697977701823,0.43141746520996094,18.9
2014-11-07,8.95,21.63,84.87,0.19,0.46300315856933594,0.44121551513671875,17.88
2014-11-08,5.77,21.83,85.77,0.28,0.46454429626464844,0.4507363637288411,18.6
2014-11-09,8.01,22.33,86.4,0.38,0.4715290069580078,0.4594535827636719,11.84
2014-11-10,12.18,22.03,89.75,0.03,0.4740142822265625,0.4701226552327474,8.62
2014-11-11,12.03,21.59,90.39,0.02,0.4359029134114583,0.45842870076497394,15.83
2014-11-12,19.01,21.4,90.7,0.53,0.44084421793619794,0.4698905944824219,14.6
2014-11-13,12.82,21.17,88.98,0.31,0.46253013610839844,0.46199607849121094,13.47
2014-11-14,7.97,21.46,84.65,0.41,0.47342681884765625,0.47641563415527344,18.65
2014-11-15,4.23,21.68,84.4,0.87,0.4661070505777995,0.4673296610514323,17.47
2014-11-16,4.99,21.34,85.94,1.23,0.46970367431640625,0.4643516540527344,15.64
2014-11-17,0.75,22.41,80.71,0.82,0.4550558725992839,0.4599119822184245,18.82
2014-11-18,1.7,22.52,82.29,0.89,0.44079844156901044,0.4503612518310547,19.13
2014-11-19,1.64,21.86,84.44,1.21,0.4364554087320964,0.44301096598307294,18.8
2014-11-20,2.45,21.72,82.23,1.11,0.4365526835123698,0.43746693929036456,19.53
2014-11-21,1.99,21.31,83.92,1.1,0.4278424580891927,0.43254852294921875,19.11
2014-11-22,4.19,21.45,86.55,1.11,0.4286181131998698,0.42836634318033856,18.17
2014-11-23,2.97,22.21,84.0,0.9,0.43817710876464844,0.4277852376302083,18.17
2014-11-24,2.04,22.18,83.94,1.17,0.4339834849039714,0.42724609375,17.1
2014-11-25,1.1,21.86,84.12,1.25,0.4267425537109375,0.425143559773763,16.82
2014-11-26,2.52,21.74,84.76,0.88,0.41996510823567706,0.42143821716308594,18.85
2014-11-27,4.76,21.56,86.47,1.23,0.4334252675374349,0.4196281433105469,18.48
2014-11-28,1.84,21.25,83.4,1.35,0.4309546152750651,0.4207452138264974,18.11
2014-11-29,13.39,21.35,88.13,1.41,0.43704668680826825,0.42084821065266925,16.48
2014-11-30,16.94,21.76,89.27,1.4,0.4454669952392578,0.4523003896077474,13.74
2014-12-01,18.16,21.92,86.22,1.49,0.44468434651692706,0.4616991678873698,16.64
2014-12-02,7.06,21.38,86.82,1.35,0.4674752553304036,0.4584948221842448,14.43
2014-12-03,5.71,21.92,85.44,0.81,0.461184819539388,0.4581921895345052,14.04
2014-12-04,5.91,22.4,85.82,0.52,0.4700876871744792,0.4623877207438151,13.17
2014-12-05,17.03,21.74,91.27,0.54,0.4648354848225911,0.4700940450032552,8.85
2014-12-06,18.41,21.01,91.7,0.92,0.47741953531901044,0.4775994618733724,11.07
2014-12-07,4.13,20.98,89.36,0.76,0.439547856648763,0.4617595672607422,10.56
2014-12-08,14.33,20.84,91.48,0.93,0.46507835388183594,0.4641736348470052,11.72
2014-12-09,20.01,20.7,92.49,1.09,0.45865758260091144,0.4650402069091797,10.99
2014-12-10,8.95,20.99,89.93,0.67,0.4389044443766276,0.44076283772786456,12.62
2014-12-11,31.04,20.68,93.85,0.87,0.46364275614420575,0.4648749033610026,8.14
2014-12-12,17.74,21.23,89.68,0.89,0.45018895467122394,0.45451927185058594,13.43
2014-12-13,9.65,21.35,87.7,0.54,0.4705657958984375,0.4529228210449219,14.73
2014-12-14,6.74,21.13,89.46,0.47,0.4716663360595703,0.45874786376953125,10.99
2014-12-15,3.85,21.04,84.63,0.11,0.46580060323079425,0.4627246856689453,16.64
2014-12-16,2.12,22.2,84.17,0.66,0.4592914581298828,0.4601885477701823,18.98
2014-12-17,1.39,21.67,81.31,1.11,0.4494253794352214,0.4540882110595703,20.68
2014-12-18,1.3,21.42,81.89,1.32,0.433499018351237,0.44572703043619794,18.47
2014-12-19,3.43,20.65,86.29,1.46,0.43243153889973956,0.4390106201171875,15.61
2014-12-20,2.31,20.68,86.7,1.42,0.4429238637288411,0.4367758433024089,15.07
2014-12-21,0.57,20.55,82.28,1.34,0.43328603108723956,0.4345652262369792,16.48
2014-12-22,0.06,20.54,79.72,1.16,0.41682688395182294,0.4290122985839844,20.13
2014-12-23,0.68,21.23,80.1,1.11,0.40193812052408856,0.4216391245524089,19.06
2014-12-24,0.04,21.93,75.48,1.13,0.3930543263753255,0.4148095448811849,20.27
2014-12-25,0.11,20.57,81.95,1.57,0.3797950744628906,0.40761693318684894,17.29
2014-12-26,0.63,20.86,76.43,1.74,0.37251027425130206,0.4011974334716797,20.15
2014-12-27,0.99,20.8,83.35,1.62,0.36339759826660156,0.39472325642903644,19.07
2014-12-28,0.8,20.84,82.89,1.61,0.36241912841796875,0.389499028523763,16.71
2014-12-29,2.03,21.24,86.24,1.73,0.3623364766438802,0.38519032796223956,16.35
2014-12-30,0.81,21.34,83.92,1.56,0.36211395263671875,0.3815727233886719,18.48
2014-12-31,0.22,21.14,79.48,1.72,0.3532549540201823,0.37723541259765625,19.38
2015-01-01,0.1,20.23,77.28,1.68,0.3393077850341797,0.37220509847005206,19.95
2015-01-02,0.1,20.7,77.13,1.69,0.3269062042236328,0.36702601114908856,18.6
2015-01-03,1.74,20.73,79.07,2.06,0.3238239288330078,0.36231422424316406,17.64
2015-01-04,0.08,20.18,68.0,1.67,0.319363276163737,0.3581307729085286,20.26
2015-01-05,0.54,20.27,77.05,1.91,0.308376948038737,0.35325368245442706,18.06
2015-01-06,1.2,20.27,76.41,2.02,0.3068046569824219,0.349212646484375,18.43
2015-01-07,0.57,19.87,77.11,1.86,0.30172157287597656,0.34534645080566406,19.28
2015-01-08,7.25,19.71,84.47,1.83,0.30877049763997394,0.34189478556315106,17.08
2015-01-09,4.96,20.34,84.09,1.63,0.3684609731038411,0.3413244883219401,17.73
2015-01-10,3.27,21.13,83.42,1.75,0.3970216115315755,0.34395726521809894,18.84
2015-01-11,1.97,21.76,82.62,1.76,0.3812885284423828,0.34573936462402344,18.64
2015-01-12,4.72,21.87,81.54,1.76,0.40140533447265625,0.34798749287923175,18.87
2015-01-13,4.78,21.57,84.97,1.42,0.40064048767089844,0.3517017364501953,17.26
2015-01-14,6.82,22.08,85.72,1.11,0.4237174987792969,0.3599923451741536,16.31
2015-01-15,8.17,21.71,85.81,1.14,0.43912188212076825,0.37831751505533856,18.35
2015-01-16,12.61,22.18,85.91,0.88,0.4562295277913411,0.40581385294596356,16.53
2015-01-17,10.12,21.62,88.16,1.31,0.4630025227864583,0.43304189046223956,16.16
2015-01-18,2.3,21.39,84.59,1.5,0.447509765625,0.4353345235188802,16.27
2015-01-19,0.96,20.94,77.14,1.68,0.43426259358723956,0.4293073018391927,17.65
2015-01-20,0.83,19.92,80.27,1.45,0.41408030192057294,0.4212347666422526,15.97
2015-01-21,2.52,20.78,84.76,1.22,0.41288121541341144,0.41487375895182294,13.96
2015-01-22,4.26,20.34,88.0,1.5,0.42802174886067706,0.41273752848307294,14.08
2015-01-23,5.69,20.67,86.23,1.48,0.4448630015055339,0.4176921844482422,14.86
2015-01-24,2.52,20.91,83.23,1.16,0.4349740346272786,0.42004839579264325,16.41
2015-01-25,2.17,21.25,82.1,1.33,0.43048095703125,0.4180615743001302,16.95
2015-01-26,1.97,21.13,80.53,1.11,0.42183558146158856,0.4145062764485677,18.78
2015-01-27,2.36,22.29,77.93,0.78,0.41988245646158856,0.41086705525716144,19.45
2015-01-28,8.97,21.73,81.26,1.29,0.4433968861897786,0.4156780242919922,15.6
2015-01-29,3.52,20.74,77.91,1.41,0.4375495910644531,0.4201304117838542,19.85
2015-01-30,12.14,20.53,83.15,1.46,0.44129498799641925,0.42182668050130206,17.23
2015-01-31,13.41,21.04,87.33,1.38,0.4503154754638672,0.4423681894938151,13.65
2015-02-01,17.31,21.04,88.63,1.66,0.4580179850260417,0.4438730875651042,13.84
2015-02-02,12.54,21.11,86.85,1.46,0.4478753407796224,0.44553565979003906,15.26
2015-02-03,10.33,21.72,85.05,1.29,0.4652252197265625,0.4616235097249349,17.86
2015-02-04,5.54,21.03,82.78,1.65,0.4681555430094401,0.46321678161621094,17.9
2015-02-05,25.29,22.38,80.51,0.98,0.46550877888997394,0.4602622985839844,20.67
2015-02-06,8.51,22.89,77.33,0.49,0.4437268575032552,0.45835431416829425,17.7
2015-02-07,16.98,21.2,85.51,1.24,0.4777685801188151,0.4755350748697917,14.88
2015-02-08,8.23,21.06,80.19,1.09,0.4658546447753906,0.4719219207763672,18.93
2015-02-09,12.34,22.0,78.55,0.19,0.43261464436848956,0.4532178243001302,18.33
2015-02-10,12.59,21.22,85.64,0.49,0.48408953348795575,0.4728323618570964,16.85
2015-02-11,17.11,21.03,85.8,0.09,0.46251869201660156,0.46669769287109375,15.89
2015-02-12,2.08,21.56,85.03,0.93,0.4564654032389323,0.45368385314941406,18.38
2015-02-13,18.27,21.67,88.18,1.2,0.47774378458658856,0.4739538828531901,13.62
2015-02-14,5.91,22.52,84.76,1.27,0.4673474629720052,0.4721794128417969,17.54
2015-02-15,4.24,21.92,85.03,1.82,0.47011057535807294,0.4714883168538411,17.29
2015-02-16,0.67,21.19,73.06,1.76,0.4508736928304036,0.46108118693033856,23.22
2015-02-17,1.12,20.91,77.63,1.38,0.4305432637532552,0.44703420003255206,23.64
2015-02-18,2.03,21.74,81.24,0.78,0.42478179931640625,0.43674596150716144,18.95
2015-02-19,4.39,22.42,82.72,1.0,0.4341716766357422,0.4312267303466797,16.67
2015-02-20,5.83,21.73,78.82,1.56,0.4531517028808594,0.4353993733723958,20.48
2015-02-21,3.5,21.39,74.1,1.81,0.4471556345621745,0.4374224344889323,21.13
2015-02-22,0.97,21.25,76.51,1.93,0.42713483174641925,0.43371836344401044,21.41
2015-02-23,2.08,21.4,75.49,2.03,0.41799036661783856,0.426693598429362,21.52
2015-02-24,10.58,21.13,82.64,1.77,0.4317391713460286,0.422573725382487,18.41
2015-02-25,2.64,21.53,79.42,1.22,0.4476337432861328,0.43453407287597656,21.61
2015-02-26,5.11,21.79,80.36,1.1,0.4437141418457031,0.4344959259033203,19.1
2015-02-27,5.98,22.47,79.53,1.18,0.4574158986409505,0.44209925333658856,20.26
2015-02-28,5.76,22.07,83.54,1.75,0.45133209228515625,0.4426930745442708,19.26
2015-03-01,0.57,21.59,70.68,2.02,0.44261614481608075,0.44269688924153644,23.78
2015-03-02,2.93,20.15,79.29,1.93,0.4212811787923177,0.4337838490804036,21.41
2015-03-03,3.76,20.32,78.3,2.09,0.4375286102294922,0.4305572509765625,21.4
2015-03-04,1.2,20.85,72.37,1.81,0.42272694905598956,0.42670949300130206,24.61
2015-03-05,3.38,21.72,76.54,1.89,0.4192644755045573,0.4206066131591797,22.66
2015-03-06,17.54,20.75,84.93,2.09,0.44819005330403644,0.4232940673828125,17.14
2015-03-07,8.24,20.87,76.23,1.88,0.42673365275065106,0.4388116200764974,24.22
2015-03-08,7.26,20.5,80.16,2.03,0.4445177714029948,0.43388938903808594,16.53
2015-03-09,4.31,20.35,82.4,1.92,0.4540608723958333,0.4410362243652344,15.3
2015-03-10,9.16,21.23,81.32,1.63,0.4571145375569661,0.4437255859375,19.44
2015-03-11,10.64,22.12,82.55,1.9,0.4651807149251302,0.45606740315755206,20.23
2015-03-12,7.74,21.62,81.33,1.93,0.4263153076171875,0.4423878987630208,17.79
2015-03-13,13.52,21.22,83.52,2.02,0.4699045817057292,0.44785817464192706,17.55
2015-03-14,16.2,21.35,82.25,1.99,0.47147560119628906,0.4657713572184245,18.38
2015-03-15,17.19,21.52,83.87,1.79,0.4624786376953125,0.45470555623372394,18.53
2015-03-16,16.43,21.28,86.03,1.62,0.47405052185058594,0.47266896565755206,15.0
2015-03-17,13.77,22.01,80.13,1.52,0.45829200744628906,0.4397589365641276,20.64
2015-03-18,11.0,21.75,80.3,1.18,0.4511159261067708,0.45627466837565106,17.71
2015-03-19,24.07,21.49,87.58,1.27,0.44623756408691406,0.4494024912516276,16.12
2015-03-20,39.94,21.03,92.18,1.01,0.47701390584309894,0.46147791544596356,11.32
2015-03-21,13.49,21.07,86.66,1.15,0.4767576853434245,0.4823557535807292,17.21
2015-03-22,3.73,21.4,80.83,0.91,0.46440760294596356,0.4723885854085286,21.24
2015-03-23,2.45,21.66,80.08,0.71,0.4587860107421875,0.4643777211507161,19.98
2015-03-24,1.5,22.54,79.9,0.85,0.44797833760579425,0.4564374287923177,21.35
2015-03-25,2.73,21.92,80.39,1.55,0.44233258565266925,0.4482777913411458,22.1
2015-03-26,2.76,22.31,76.67,1.31,0.4407494862874349,0.4423236846923828,23.36
2015-03-27,1.01,22.92,74.82,0.98,0.4251791636149089,0.43537330627441406,23.02
2015-03-28,13.97,23.2,84.16,0.9,0.44002405802408856,0.43350791931152344,16.24
2015-03-29,7.47,22.73,81.41,0.96,0.4255084991455078,0.450137456258138,18.66
2015-03-30,8.89,22.29,81.79,1.52,0.43647130330403644,0.44032541910807294,16.85
2015-03-31,3.46,22.14,77.83,1.19,0.4579143524169922,0.4468097686767578,21.43
2015-04-01,5.91,22.21,81.81,1.4,0.453976313273112,0.44571367899576825,18.56
2015-04-02,7.29,21.85,86.71,1.29,0.463897705078125,0.4502709706624349,14.1
2015-04-03,30.74,22.21,88.14,1.51,0.46282513936360675,0.46159617106119794,16.15
2015-04-04,47.9,21.44,89.64,1.34,0.4590721130371094,0.4762388865152995,13.55
2015-04-05,18.1,21.54,86.73,1.73,0.48395538330078125,0.48720423380533856,15.12
2015-04-06,19.18,21.32,86.59,1.76,0.4644591013590495,0.4483146667480469,14.11
2015-04-07,16.87,21.67,85.11,1.83,0.4784107208251953,0.4795824686686198,14.54
2015-04-08,19.67,21.1,89.01,1.48,0.4688822428385417,0.4691912333170573,10.75
2015-04-09,13.23,21.39,87.15,1.16,0.4661407470703125,0.44857533772786456,13.71
2015-04-10,4.45,22.01,86.3,1.08,0.4661629994710286,0.455654780069987,15.07
2015-04-11,11.25,22.28,86.62,0.96,0.4609762827555339,0.46832021077473956,14.39
2015-04-12,14.16,22.29,84.94,0.81,0.4430987040201823,0.4679431915283203,13.93
2015-04-13,12.23,22.01,86.86,0.94,0.480624516805013,0.47173817952473956,13.06
2015-04-14,49.74,21.92,90.33,1.04,0.4627265930175781,0.4782721201578776,13.63
2015-04-15,31.23,21.73,89.09,1.09,0.47576649983723956,0.48138682047526044,14.81
2015-04-16,32.16,21.61,88.39,1.07,0.4731864929199219,0.46453221638997394,13.51
2015-04-17,48.73,21.79,88.63,0.92,0.45763397216796875,0.47368494669596356,13.11
2015-04-18,22.36,21.65,88.09,0.89,0.4607899983723958,0.4723854064941406,15.43
2015-04-19,17.95,22.61,84.39,0.71,0.46496136983235675,0.4762503306070964,15.38
2015-04-20,23.51,22.93,84.41,0.51,0.4646504720052083,0.46651458740234375,14.19
2015-04-21,14.33,22.94,83.02,0.48,0.4405206044514974,0.44634373982747394,13.06
2015-04-22,2.42,22.37,80.38,1.29,0.4450842539469401,0.436187744140625,21.99
2015-04-23,1.64,22.98,79.86,1.03,0.4311014811197917,0.4302196502685547,22.67
2015-04-24,2.07,23.52,80.54,0.63,0.42497507731119794,0.4245891571044922,19.61
2015-04-25,4.76,24.14,80.95,0.37,0.43793805440266925,0.4224052429199219,21.15
2015-04-26,1.9,24.15,78.54,0.1,0.43218994140625,0.42166392008463544,18.85
2015-04-27,0.67,25.01,74.38,0.27,0.4140981038411458,0.41773223876953125,21.7
2015-04-28,0.1,25.79,66.02,0.22,0.3952719370524089,0.4107786814371745,24.44
2015-04-29,0.37,25.04,67.26,0.55,0.37388865152994794,0.4021917978922526,25.21
2015-04-30,0.6,25.34,70.83,0.26,0.3593451182047526,0.3939043680826823,22.34
2015-05-01,0.68,23.95,76.79,0.27,0.3498999277750651,0.3867982228597005,18.52
2015-05-02,9.6,24.36,77.8,0.6,0.3592306772867839,0.38115819295247394,23.4
2015-05-03,4.27,23.76,74.05,0.84,0.4290657043457031,0.38565699259440106,22.72
2015-05-04,1.42,24.02,73.65,0.36,0.41442616780598956,0.38802210489908856,21.43
2015-05-05,2.87,24.33,73.9,0.41,0.39560190836588544,0.3856646219889323,21.97
2015-05-06,23.65,23.65,79.69,0.79,0.4150505065917969,0.3889446258544922,19.44
2015-05-07,28.48,23.59,78.11,0.56,0.4690062204996745,0.4571342468261719,18.93
2015-05-08,10.24,23.57,80.91,0.56,0.4408162434895833,0.4562835693359375,16.56
2015-05-09,23.05,23.01,85.78,0.97,0.4463418324788411,0.4601141611735026,16.72
2015-05-10,15.68,23.02,82.99,1.12,0.4461905161539714,0.4620717366536458,18.31
2015-05-11,8.36,22.71,83.34,1.2,0.47048187255859375,0.46295420328776044,16.34
2015-05-12,4.05,23.08,79.78,1.58,0.4671471913655599,0.4677117665608724,21.36
2015-05-13,7.04,22.85,81.09,1.4,0.45721689860026044,0.45844459533691406,20.15
2015-05-14,11.4,22.67,84.72,1.55,0.47484715779622394,0.467709223429362,16.04
2015-05-15,4.22,22.01,84.24,1.28,0.4699567159016927,0.47074445088704425,14.15
2015-05-16,9.74,22.8,85.16,1.07,0.4721088409423828,0.4658985137939453,15.11
2015-05-17,8.64,22.14,86.89,1.13,0.4623940785725911,0.4685923258463542,12.52
2015-05-18,13.14,21.88,89.31,1.2,0.4518483479817708,0.45739173889160156,13.5
2015-05-19,14.7,22.79,88.41,0.55,0.4697717030843099,0.47736485799153644,14.01
2015-05-20,9.29,23.09,86.21,0.78,0.4434591929117839,0.45717112223307294,17.88
2015-05-21,4.88,23.45,84.75,0.54,0.4647375742594401,0.45459874471028644,14.45
2015-05-22,6.66,22.97,87.59,0.84,0.4663626352945964,0.4557177225748698,14.23
2015-05-23,1.55,22.94,83.86,1.46,0.45870335896809894,0.45834986368815106,17.54
2015-05-24,2.65,22.25,84.99,1.47,0.4456990559895833,0.450222651163737,12.6
2015-05-25,4.33,22.02,86.69,1.25,0.4545427958170573,0.4467334747314453,14.94
2015-05-26,14.74,22.01,87.84,1.36,0.4612814585367839,0.4511852264404297,17.91
2015-05-27,10.1,21.75,86.71,1.22,0.4716803232828776,0.47265179951985675,14.19
2015-05-28,8.57,22.07,87.65,0.51,0.4387779235839844,0.45340220133463544,10.9
2015-05-29,9.99,22.11,89.52,0.54,0.47537994384765625,0.45783424377441406,10.17
2015-05-30,9.66,22.58,87.05,0.75,0.47735150655110675,0.47022755940755206,14.92
2015-05-31,23.3,22.62,89.36,0.78,0.4769859313964844,0.47625287373860675,15.26
2015-06-01,14.66,23.3,86.29,0.35,0.4801781972249349,0.46788279215494794,13.73
2015-06-02,6.66,23.84,83.56,0.27,0.46954600016276044,0.4647986094156901,16.77
2015-06-03,1.41,24.4,79.43,0.04,0.46315765380859375,0.4627526601155599,15.77
2015-06-04,3.03,24.15,76.49,0.15,0.4460741678873698,0.4533608754475911,20.52
2015-06-05,0.67,24.23,72.01,0.12,0.442471186319987,0.44586753845214844,22.16
2015-06-06,4.84,23.59,78.04,0.29,0.4303302764892578,0.43813451131184894,17.72
2015-06-07,9.2,23.15,84.04,0.13,0.4682903289794922,0.44893137613932294,14.69
2015-06-08,1.53,22.92,81.66,0.1,0.4530811309814453,0.4548136393229167,14.13
2015-06-09,2.32,23.06,77.46,0.58,0.4513403574625651,0.4512519836425781,19.89
2015-06-10,3.19,22.78,81.06,0.85,0.4393609364827474,0.44545237223307294,20.88
2015-06-11,11.86,22.52,85.9,0.88,0.46657053629557294,0.4508444468180339,19.29
2015-06-12,14.7,23.37,84.82,0.82,0.4665819803873698,0.46410878499348956,19.45
2015-06-13,2.05,23.36,79.33,0.97,0.4345499674479167,0.4552014668782552,23.26
2015-06-14,3.48,22.99,82.3,1.14,0.43390337626139325,0.4451452891031901,20.94
2015-06-15,2.37,23.22,80.63,1.23,0.43735313415527344,0.4394086201985677,20.36
2015-06-16,2.47,23.17,81.55,1.36,0.43809763590494794,0.43550554911295575,14.93
2015-06-17,8.19,23.39,83.3,1.18,0.45363807678222656,0.4368432362874349,15.4
2015-06-18,0.44,23.56,75.0,1.39,0.4444739023844401,0.4423096974690755,19.69
2015-06-19,3.2,23.34,78.27,1.26,0.4289703369140625,0.4357744852701823,19.61
2015-06-20,5.6,23.48,77.0,1.43,0.445980707804362,0.4342772165934245,18.89
2015-06-21,9.51,23.08,79.02,1.35,0.4532763163248698,0.4375184377034505,18.05
2015-06-22,14.49,22.62,81.67,1.33,0.47111765543619794,0.46370379130045575,15.97
2015-06-23,12.35,22.99,83.88,1.06,0.4764105478922526,0.46501922607421875,14.7
2015-06-24,10.06,23.65,82.46,1.29,0.44406572977701825,0.4559485117594401,18.86
2015-06-25,7.16,23.74,78.91,1.38,0.46226056416829425,0.4544181823730469,19.13
2015-06-26,2.35,23.32,76.74,1.35,0.45771026611328125,0.45809046427408856,22.3
2015-06-27,6.47,23.82,78.91,1.12,0.46032269795735675,0.45448048909505206,19.95
2015-06-28,5.39,23.93,78.29,0.85,0.45604387919108075,0.4526023864746094,16.42
2015-06-29,1.66,24.12,67.86,1.64,0.4554951985677083,0.45435142517089844,20.38
2015-06-30,2.13,22.0,76.06,1.64,0.4354540506998698,0.44555409749348956,16.71
2015-07-01,3.91,23.22,76.15,1.31,0.4375114440917969,0.43915367126464844,21.13
2015-07-02,2.48,23.51,76.05,1.55,0.43497975667317706,0.4351520538330078,21.47
2015-07-03,0.45,23.29,70.49,1.74,0.42197100321451825,0.42937660217285156,24.71
2015-07-04,1.79,23.39,75.59,1.7,0.40072886149088544,0.42038408915201825,23.42
2015-07-05,4.06,23.07,77.72,1.82,0.402889887491862,0.4131908416748047,19.42
2015-07-06,15.1,22.79,81.71,1.76,0.4568004608154297,0.4273999532063802,17.36
2015-07-07,18.53,22.18,86.47,1.27,0.45923423767089844,0.4534314473470052,14.23
2015-07-08,9.58,21.71,88.73,0.98,0.462185541788737,0.4491628011067708,9.62
2015-07-09,13.81,21.61,87.77,1.24,0.4479789733886719,0.45636749267578125,11.19
2015-07-10,7.19,22.18,83.32,1.22,0.4679940541585286,0.45599619547526044,13.63
2015-07-11,11.33,22.24,86.65,1.12,0.46798261006673175,0.46997515360514325,13.37
2015-07-12,20.02,22.75,84.53,0.64,0.4632415771484375,0.4734293619791667,14.31
2015-07-13,10.23,22.93,84.84,0.73,0.4799582163492839,0.476504643758138,15.5
2015-07-14,1.36,22.36,83.8,1.1,0.4660574595133464,0.4726721445719401,14.91
2015-07-15,3.76,22.98,83.21,1.0,0.45522308349609375,0.4599997202555339,15.48
2015-07-16,2.95,22.73,84.77,1.11,0.4539101918538411,0.4528586069742839,17.25
2015-07-17,9.61,23.07,81.31,0.48,0.45577367146809894,0.44809532165527344,15.9
2015-07-18,12.08,22.4,88.24,0.73,0.4820067087809245,0.4710839589436849,10.43
2015-07-19,10.27,21.51,91.36,1.01,0.48186810811360675,0.47799428304036456,9.99
2015-07-20,5.65,21.8,88.23,0.92,0.473507563273112,0.4763336181640625,15.37
2015-07-21,3.83,22.7,83.87,0.98,0.4682737986246745,0.4703420003255208,20.15
2015-07-22,3.24,23.23,79.97,0.39,0.4598776499430339,0.46039263407389325,14.77
2015-07-23,2.78,23.82,72.05,0.55,0.4579760233561198,0.4554831186930339,19.36
2015-07-24,0.11,23.28,70.45,1.18,0.4348869323730469,0.4465904235839844,21.22
2015-07-25,0.5,23.19,71.11,1.4,0.4144128163655599,0.43494606018066406,23.56
2015-07-26,1.45,23.31,75.99,1.12,0.40174611409505206,0.4245109558105469,22.92
2015-07-27,0.96,24.75,71.64,0.87,0.39531580607096356,0.41638819376627606,21.76
2015-07-28,2.88,23.01,77.5,1.36,0.3889319101969401,0.4092286427815755,22.15
2015-07-29,3.49,24.26,70.78,1.15,0.41359837849934894,0.4053160349527995,20.4
2015-07-30,3.49,22.57,78.65,1.25,0.40324846903483075,0.40236790974934894,16.46
2015-07-31,9.07,23.22,81.71,0.72,0.4310404459635417,0.4029382069905599,15.6
2015-08-01,1.13,24.15,73.89,0.73,0.4386558532714844,0.41544151306152344,17.52
2015-08-02,1.07,23.1,75.94,1.18,0.4181111653645833,0.4143880208333333,17.88
2015-08-03,1.43,23.88,72.27,1.23,0.4058329264322917,0.40984217325846356,22.59
2015-08-04,1.33,24.28,73.72,1.24,0.3904501597086589,0.4037100474039714,21.27
2015-08-05,4.1,23.79,80.11,1.19,0.39619890848795575,0.3986523946126302,17.92
2015-08-06,2.42,24.27,76.59,0.91,0.4038581848144531,0.3964080810546875,21.71
2015-08-07,4.87,25.15,71.59,0.53,0.41959698994954425,0.39626439412434894,22.28
2015-08-08,6.64,24.99,72.2,0.24,0.40754954020182294,0.3952719370524089,18.82
2015-08-09,15.81,23.31,80.03,0.35,0.4618110656738281,0.43299420674641925,14.64
2015-08-10,5.5,23.44,76.94,0.37,0.45581690470377606,0.4387868245442708,16.83
2015-08-11,1.26,23.76,72.66,0.92,0.44281768798828125,0.4378032684326172,19.1
2015-08-12,4.98,23.51,79.85,1.09,0.4342842102050781,0.43095842997233075,17.57
2015-08-13,6.15,24.46,76.92,0.77,0.4443105061848958,0.43099339803059894,17.68
2015-08-14,2.24,24.59,73.24,0.82,0.4420026143391927,0.43384869893391925,19.44
2015-08-15,2.29,24.18,75.95,0.71,0.43204689025878906,0.4288768768310547,17.56
2015-08-16,1.7,24.58,72.75,0.68,0.4244810740152995,0.42383702596028644,17.34
2015-08-17,5.7,24.06,75.09,0.91,0.42466990152994794,0.4192969004313151,16.5
2015-08-18,8.66,23.75,80.66,0.93,0.45124371846516925,0.42652130126953125,16.56
2015-08-19,3.52,24.13,72.19,1.27,0.44979413350423175,0.43743133544921875,20.37
2015-08-20,2.63,24.45,69.96,1.21,0.42666053771972656,0.4291845957438151,22.42
2015-08-21,8.37,23.76,81.53,0.95,0.447265625,0.4279823303222656,15.74
2015-08-22,10.11,23.13,84.4,0.42,0.46266937255859375,0.4376913706461589,13.14
2015-08-23,9.95,24.2,79.01,0.61,0.4694525400797526,0.4494101206461589,16.46
2015-08-24,10.21,23.12,80.9,0.99,0.4357147216796875,0.4442284901936849,15.71
2015-08-25,2.07,24.05,76.45,0.42,0.44451904296875,0.4374828338623047,18.44
2015-08-26,0.78,24.4,72.28,0.64,0.431369145711263,0.4331595102945964,16.49
2015-08-27,7.88,23.47,81.03,1.16,0.4324881235758464,0.4282601674397786,17.26
2015-08-28,3.75,24.83,71.66,0.35,0.4456011454264323,0.4334055582682292,21.2
2015-08-29,18.47,25.49,70.7,0.23,0.4477240244547526,0.4360516866048177,20.75
2015-08-30,3.3,25.43,68.29,0.48,0.41499964396158856,0.4426898956298828,21.56
2015-08-31,0.86,25.66,61.37,0.27,0.4116497039794922,0.43008867899576825,18.0
2015-09-01,1.19,25.66,64.37,0.42,0.4038645426432292,0.4211985270182292,18.4
2015-09-02,0.63,24.81,68.33,0.51,0.39725685119628906,0.4136969248453776,18.16
2015-09-03,3.16,24.86,70.74,0.31,0.3938496907552083,0.40717442830403644,16.33
2015-09-04,5.01,24.74,69.12,0.37,0.40796343485514325,0.4038206736246745,17.52
2015-09-05,5.56,24.46,75.6,0.71,0.4296162923177083,0.405636469523112,16.31
2015-09-06,5.5,24.21,79.42,0.81,0.4427331288655599,0.41566721598307294,18.88
2015-09-07,3.48,23.88,79.89,0.89,0.4295756022135417,0.41808446248372394,20.92
2015-09-08,2.82,24.61,74.6,1.27,0.42858250935872394,0.41676076253255206,21.85
2015-09-09,1.54,24.57,72.51,1.21,0.4152018229166667,0.41326459248860675,22.34
2015-09-10,4.13,23.95,78.66,0.86,0.4109210968017578,0.4082215627034505,19.75
2015-09-11,10.96,22.84,84.36,0.49,0.4449075063069661,0.4104359944661458,13.34
2015-09-12,7.19,23.67,74.6,0.13,0.46271514892578125,0.43430010477701825,20.2
2015-09-13,4.1,24.31,74.24,0.46,0.451382319132487,0.43788401285807294,21.3
2015-09-14,2.4,25.14,69.39,0.66,0.4376386006673177,0.43445269266764325,21.19
2015-09-15,5.22,24.17,77.92,0.93,0.4384466807047526,0.42963091532389325,17.3
2015-09-16,6.4,24.37,77.23,0.4,0.44646135965983075,0.4330132802327474,17.0
2015-09-17,6.72,24.19,77.19,0.21,0.45209503173828125,0.4390417734781901,15.93
2015-09-18,16.98,22.88,85.01,0.24,0.4494241078694661,0.4420235951741536,14.03
2015-09-19,8.98,23.23,84.01,0.21,0.4743658701578776,0.46013641357421875,15.07
2015-09-20,8.86,23.56,82.45,0.36,0.4338804880777995,0.4544518788655599,15.92
2015-09-21,1.33,24.36,75.3,0.1,0.4399878184000651,0.4449342091878255,20.54
2015-09-22,2.38,24.93,73.22,0.19,0.4305260976155599,0.43671735127766925,20.4
2015-09-23,4.44,24.41,75.46,0.32,0.4343579610188802,0.4309501647949219,17.52
2015-09-24,4.57,24.15,77.11,0.35,0.44595082600911456,0.43099085489908856,16.99
2015-09-25,4.02,24.76,74.07,0.2,0.4444440205891927,0.4325707753499349,20.6
2015-09-26,1.32,25.22,70.06,0.13,0.43815867106119794,0.4320354461669922,22.37
2015-09-27,1.28,25.53,65.79,0.24,0.4245611826578776,0.4267813364664714,22.73
2015-09-28,0.7,26.08,65.12,0.49,0.4013710021972656,0.41863123575846356,22.56
2015-09-29,0.69,25.89,64.34,0.29,0.38720703125,0.4099585215250651,21.91
2015-09-30,1.05,25.07,67.56,0.35,0.37625694274902344,0.40201759338378906,20.98
2015-10-01,2.27,24.19,71.2,0.84,0.3733895619710286,0.3955554962158203,18.36
2015-10-02,9.27,22.21,80.55,0.91,0.43293317159016925,0.3975454966227214,14.35
2015-10-03,8.48,24.24,71.25,0.3,0.4278990427652995,0.4022146860758464,21.04
2015-10-04,17.74,23.52,78.88,0.52,0.4685821533203125,0.4483388264973958,20.52
2015-10-05,1.09,25.44,68.34,0.19,0.45041529337565106,0.4502220153808594,21.27
2015-10-06,0.55,25.54,67.73,0.38,0.4300759633382161,0.4398244222005208,19.92
2015-10-07,0.4,25.3,64.85,0.12,0.414065678914388,0.43000539143880206,18.67
2015-10-08,1.3,24.43,70.29,0.6,0.40421485900878906,0.4214833577473958,17.11
2015-10-09,1.63,24.6,68.47,0.79,0.40056800842285156,0.4144471486409505,17.19
2015-10-10,6.4,23.86,75.92,0.51,0.41404151916503906,0.41018231709798175,14.7
2015-10-11,8.27,23.08,81.16,0.19,0.4437071482340495,0.4171123504638672,13.43
2015-10-12,8.06,22.7,86.1,0.11,0.459872563680013,0.43378448486328125,10.22
2015-10-13,11.9,22.91,84.38,0.25,0.4678916931152344,0.4463812510172526,15.56
2015-10-14,13.87,22.63,89.66,0.38,0.4698384602864583,0.4607378641764323,14.99
2015-10-15,11.76,23.38,85.26,0.27,0.4533678690592448,0.45223744710286456,17.52
2015-10-16,0.69,24.11,75.28,0.26,0.4589773813883464,0.4598573048909505,22.01
2015-10-17,4.08,24.06,77.33,0.49,0.44202740987141925,0.44963328043619794,19.12
2015-10-18,9.87,24.01,78.19,0.11,0.4666455586751302,0.45585060119628906,21.01
2015-10-19,19.68,24.09,81.31,0.49,0.4629834493001302,0.45860926310221356,16.95
2015-10-20,24.2,24.18,78.43,0.29,0.4475282033284505,0.4621543884277344,20.52
2015-10-21,27.29,24.32,74.01,0.38,0.46379534403483075,0.45514806111653644,19.44
2015-10-22,4.38,24.13,74.84,0.19,0.45056406656901044,0.4431877136230469,18.83
2015-10-23,7.32,23.17,82.74,0.46,0.465731938680013,0.4469312032063802,16.96
2015-10-24,13.63,22.58,84.04,0.16,0.4802144368489583,0.46817906697591144,13.06
2015-10-25,10.91,22.59,81.05,0.23,0.4621194203694661,0.4714406331380208,16.0
2015-10-26,20.59,22.37,81.4,0.43,0.4374268849690755,0.44751739501953125,12.62
2015-10-27,8.57,22.69,84.37,0.13,0.45138104756673175,0.4388955434163411,10.7
2015-10-28,10.37,23.4,82.59,0.28,0.4659004211425781,0.44993019104003906,16.49
2015-10-29,8.31,22.84,87.79,0.66,0.47618548075358075,0.4694061279296875,15.33
2015-10-30,4.59,22.81,85.06,0.72,0.4722716013590495,0.4720357259114583,16.31
2015-10-31,1.53,23.1,81.77,0.92,0.459469477335612,0.466616948445638,21.21
2015-11-01,3.94,22.49,79.67,0.23,0.4457683563232422,0.4563922882080078,18.28
2015-11-02,9.77,21.67,87.46,0.14,0.47230275472005206,0.4586753845214844,15.07
2015-11-03,27.55,21.53,89.47,0.37,0.4546082814534505,0.46895599365234375,14.41
2015-11-04,17.29,22.0,89.4,0.34,0.4854227701822917,0.4762102762858073,10.94
2015-11-05,22.12,21.93,92.42,0.72,0.462649663289388,0.45603688557942706,13.41
2015-11-06,3.73,22.19,84.62,0.93,0.4665075937906901,0.46032269795735675,19.94
2015-11-07,2.05,22.08,82.94,0.93,0.4510987599690755,0.45370737711588544,21.71
2015-11-08,3.46,23.14,82.43,0.22,0.44558461507161456,0.44683392842610675,17.84
2015-11-09,5.12,23.52,81.42,0.4,0.4527581532796224,0.44476318359375,15.03
2015-11-10,2.13,23.01,81.34,0.72,0.45215924580891925,0.4480883280436198,15.69
2015-11-11,6.02,22.44,84.2,0.38,0.450351079305013,0.44588279724121094,14.8
2015-11-12,31.33,22.6,88.25,0.57,0.4580605824788411,0.4674390157063802,10.78
2015-11-13,6.66,22.32,88.03,0.85,0.47653452555338544,0.4719072977701823,15.76
2015-11-14,7.53,22.31,88.53,0.98,0.47783788045247394,0.4751110076904297,14.7
2015-11-15,13.5,22.17,89.9,1.07,0.45433934529622394,0.4678872426350911,10.81
2015-11-16,24.08,21.85,89.64,0.6,0.4669869740804036,0.4791495005289714,11.13
2015-11-17,15.81,22.47,85.15,0.19,0.484375,0.4812202453613281,12.18
2015-11-18,27.42,21.45,89.56,0.13,0.4763234456380208,0.4628639221191406,6.21
2015-11-19,6.44,21.27,90.15,0.81,0.47423871358235675,0.46921857198079425,7.15
2015-11-20,2.6,21.62,82.42,1.02,0.4685045878092448,0.4714221954345703,17.64
2015-11-21,0.26,22.06,74.07,0.89,0.451052983601888,0.4624093373616536,21.16
2015-11-22,0.94,21.76,82.9,1.02,0.4356587727864583,0.4510949452718099,20.31
2015-11-23,9.51,22.57,88.08,0.94,0.45312754313151044,0.44572194417317706,15.92
2015-11-24,6.93,22.23,88.1,1.14,0.47039159138997394,0.45780181884765625,16.63
2015-11-25,6.61,22.26,87.07,1.29,0.47057660420735675,0.46262550354003906,17.35
2015-11-26,1.99,22.09,84.86,1.33,0.4611765543619792,0.46126047770182294,17.62
2015-11-27,11.21,22.02,86.54,0.75,0.46375783284505206,0.4637718200683594,15.46
2015-11-28,5.6,22.34,80.76,0.27,0.4645551045735677,0.46215184529622394,15.24
2015-11-29,1.84,21.88,84.78,0.25,0.4617455800374349,0.4607855478922526,17.18
2015-11-30,2.49,23.49,74.37,0.19,0.44910430908203125,0.4536895751953125,19.84
2015-12-01,3.74,23.46,79.43,0.08,0.4488836924235026,0.447811762491862,13.55
2015-12-02,3.27,23.89,77.94,0.34,0.4500192006429036,0.44663747151692706,17.38
2015-12-03,9.92,23.04,81.2,0.89,0.4640509287516276,0.45020103454589844,15.49
2015-12-04,0.36,24.8,57.78,0.53,0.453732172648112,0.45637257893880206,16.2
2015-12-05,4.25,22.69,83.41,1.33,0.4420331319173177,0.4470787048339844,17.54
2015-12-06,2.17,21.72,83.16,1.4,0.44948450724283856,0.4448477427164714,15.89
2015-12-07,5.91,22.13,84.12,0.95,0.4501088460286458,0.44262059529622394,14.74
2015-12-08,2.03,22.86,80.73,0.49,0.4503974914550781,0.4443346659342448,12.66
2015-12-09,5.98,23.92,79.15,0.19,0.4499257405598958,0.44238917032877606,16.79
2015-12-10,1.94,24.36,74.87,0.07,0.45233599344889325,0.4451700846354167,19.56
2015-12-11,13.8,24.18,78.8,0.55,0.44509315490722656,0.4432506561279297,17.52
2015-12-12,18.51,23.53,80.7,0.52,0.4691416422526042,0.461822509765625,17.01
2015-12-13,14.44,22.61,83.58,0.64,0.44898033142089844,0.4633464813232422,12.8
2015-12-14,4.38,23.3,76.84,0.22,0.46050071716308594,0.4586232503255208,12.36
2015-12-15,5.39,23.14,77.96,0.33,0.46167627970377606,0.45866839090983075,14.8
2015-12-16,4.46,22.74,78.75,0.25,0.4659716288248698,0.4617754618326823,17.43
2015-12-17,3.51,23.11,76.52,0.25,0.46273231506347656,0.4615052541097005,17.83
2015-12-18,8.01,23.29,79.13,0.6,0.46426645914713544,0.4594249725341797,15.07
2015-12-19,4.6,22.42,81.93,1.26,0.4677117665608724,0.46494293212890625,16.3
2015-12-20,2.5,21.74,79.57,1.47,0.4604835510253906,0.46176910400390625,16.64
2015-12-21,1.01,21.67,77.96,1.56,0.44413503011067706,0.45403162638346356,18.64
2015-12-22,7.13,21.87,82.09,1.8,0.4463507334391276,0.44716835021972656,17.32
2015-12-23,1.87,21.75,77.49,1.47,0.45282618204752606,0.4505469004313151,18.66
2015-12-24,1.15,21.39,76.36,1.51,0.4360644022623698,0.44461695353190106,18.85
2015-12-25,0.98,20.92,74.84,1.7,0.42511940002441406,0.4372609456380208,18.98
2015-12-26,5.8,21.54,78.23,1.92,0.42621103922526044,0.430850346883138,19.61
2015-12-27,4.95,21.64,78.7,1.67,0.44567426045735675,0.4325002034505208,20.22
2015-12-28,2.46,21.85,77.22,1.04,0.4419657389322917,0.4342384338378906,18.61
2015-12-29,1.48,23.04,75.87,1.0,0.4300149281819661,0.431393305460612,20.69
2015-12-30,1.99,22.43,79.55,1.69,0.4203802744547526,0.42609214782714844,18.1
2015-12-31,6.19,21.92,79.93,1.7,0.42712656656901044,0.4223779042561849,17.5
2016-01-01,16.71,21.58,82.24,1.34,0.44847997029622394,0.44528643290201825,14.91
2016-01-02,10.75,22.14,79.38,0.74,0.44138018290201825,0.4494056701660156,14.85
2016-01-03,6.47,23.04,72.09,0.47,0.4422200520833333,0.44021034240722656,17.45
2016-01-04,1.54,23.71,68.95,0.09,0.4510211944580078,0.4445616404215495,19.53
2016-01-05,3.34,23.32,75.71,0.47,0.4448172251383464,0.4416484832763672,17.42
2016-01-06,13.93,22.78,83.71,0.67,0.454409917195638,0.4439442952473958,14.98
2016-01-07,5.42,23.03,80.93,0.55,0.43288103739420575,0.4471931457519531,14.45
2016-01-08,6.23,22.92,82.03,1.18,0.458157221476237,0.44641876220703125,17.79
2016-01-09,1.57,22.35,77.44,1.32,0.4533240000406901,0.44914690653483075,21.0
2016-01-10,1.74,22.1,73.37,1.18,0.4321282704671224,0.4424521128336589,19.24
2016-01-11,3.65,21.66,77.79,1.35,0.43573951721191406,0.43625640869140625,18.28
2016-01-12,2.23,22.65,73.48,1.04,0.43253835042317706,0.4327576955159505,19.85
2016-01-13,0.13,21.45,69.88,1.35,0.42293230692545575,0.428036371866862,20.24
2016-01-14,0.65,21.97,64.9,0.89,0.40253321329752606,0.42069244384765625,20.93
2016-01-15,0.13,22.93,65.36,0.87,0.3901971181233724,0.41290855407714844,22.14
2016-01-16,0.05,22.86,65.16,0.79,0.3747374216715495,0.40475018819173175,21.83
2016-01-17,0.0,23.25,64.72,0.58,0.3602212270100911,0.3967469533284505,22.59
2016-01-18,0.0,23.64,58.3,0.5,0.34613800048828125,0.3889427185058594,21.91
2016-01-19,0.47,21.74,72.55,1.65,0.3339983622233073,0.3816973368326823,18.48
2016-01-20,0.89,22.17,73.58,1.67,0.32994969685872394,0.375701904296875,21.53
2016-01-21,2.02,20.92,74.29,1.5,0.325161616007487,0.3700548807779948,19.55
2016-01-22,1.81,22.51,72.09,0.81,0.3321921030680339,0.36594581604003906,20.36
2016-01-23,0.47,24.21,62.98,0.12,0.33044179280598956,0.3621877034505208,21.14
2016-01-24,3.99,23.37,76.58,0.86,0.3304615020751953,0.3583965301513672,15.58
2016-01-25,1.21,22.48,75.94,1.74,0.348178227742513,0.3564656575520833,21.6
2016-01-26,0.33,21.01,66.5,1.56,0.33391443888346356,0.3529186248779297,22.53
2016-01-27,1.58,21.94,73.68,1.13,0.3215923309326172,0.34894688924153644,20.49
2016-01-28,0.79,24.15,65.1,0.31,0.3177019755045573,0.34575970967610675,20.04
2016-01-29,0.94,24.15,70.3,0.58,0.3112468719482422,0.3424275716145833,19.34
2016-01-30,1.53,22.57,76.03,1.71,0.3098163604736328,0.3393440246582031,19.54
2016-01-31,0.81,21.0,72.54,1.55,0.30338096618652344,0.33615557352701825,20.28
2016-02-01,2.78,22.3,69.9,0.97,0.29808298746744794,0.3329124450683594,22.04
2016-02-02,3.95,22.94,70.98,1.02,0.31358591715494794,0.3303368886311849,19.62
2016-02-03,2.03,22.53,74.53,1.56,0.3354256947835286,0.3287671407063802,19.9
2016-02-04,1.89,22.26,73.51,1.47,0.3353494008382161,0.32717005411783856,21.4
2016-02-05,1.79,21.78,72.63,1.41,0.3294353485107422,0.3252754211425781,20.55
2016-02-06,1.31,22.39,71.52,1.42,0.32701873779296875,0.32329559326171875,22.22
2016-02-07,1.86,23.86,69.41,0.71,0.3185405731201172,0.32102012634277344,20.02
2016-02-08,2.04,24.74,70.63,1.19,0.32310040791829425,0.3190205891927083,20.84
2016-02-09,1.0,24.29,72.69,0.99,0.3148206075032552,0.3169930775960286,17.36
2016-02-10,4.35,23.78,76.06,1.24,0.31475067138671875,0.31523577372233075,19.88
2016-02-11,3.65,23.06,72.68,2.03,0.35428301493326825,0.314578374226888,20.75
2016-02-12,4.18,21.72,74.26,1.73,0.3475812276204427,0.3140939076741536,18.53
2016-02-13,14.38,22.09,78.16,1.22,0.3950665791829427,0.31771596272786456,18.65
2016-02-14,23.79,21.75,82.69,1.77,0.4586588541666667,0.3935057322184245,16.72
2016-02-15,8.34,21.41,82.59,1.57,0.46124267578125,0.4246317545572917,14.81
2016-02-16,2.72,24.11,72.18,0.6,0.4405638376871745,0.4233023325602214,20.3
2016-02-17,2.45,24.62,75.7,1.02,0.4294598897298177,0.417385737101237,21.36
2016-02-18,6.89,23.19,81.08,1.7,0.44404029846191406,0.41875457763671875,18.75
2016-02-19,3.6,22.25,75.97,2.04,0.435977300008138,0.4190692901611328,18.76
2016-02-20,8.44,21.74,79.18,2.03,0.4430917104085286,0.41864903767903644,16.78
2016-02-21,7.85,21.92,79.82,1.75,0.45246442159016925,0.4266001383463542,18.89
2016-02-22,6.29,22.18,78.11,1.34,0.44812901814778644,0.4291070302327474,17.58
2016-02-23,7.09,23.47,77.66,1.12,0.44919586181640625,0.4309991200764974,19.49
2016-02-24,1.77,24.1,75.55,0.89,0.4439201354980469,0.4316628774007161,17.81
2016-02-25,3.2,23.66,80.68,1.21,0.4333229064941406,0.4246050516764323,19.0
2016-02-26,6.23,22.3,81.07,1.9,0.4434394836425781,0.42354583740234375,17.29
2016-02-27,1.54,21.9,70.19,1.61,0.42902565002441406,0.42234166463216144,24.14
2016-02-28,2.64,22.01,74.2,1.81,0.4211737314860026,0.4152507781982422,19.62
2016-02-29,1.5,22.48,75.82,1.24,0.40881792704264325,0.4095147450764974,20.41
2016-03-01,4.76,22.83,79.94,1.41,0.4073645273844401,0.4042498270670573,19.7
2016-03-02,4.93,22.66,79.86,1.65,0.4288552602132161,0.4063027699788411,19.93
2016-03-03,8.48,22.55,81.23,1.65,0.4361756642659505,0.40923436482747394,18.37
2016-03-04,3.97,22.46,78.48,1.18,0.43883005777994794,0.41790326436360675,18.15
2016-03-05,4.32,22.63,80.51,1.07,0.43292681376139325,0.4171854654947917,13.9
2016-03-06,4.85,23.38,79.29,0.91,0.4447034200032552,0.4229297637939453,18.49
2016-03-07,2.17,23.36,76.02,0.45,0.4281304677327474,0.4196847279866536,16.9
2016-03-08,7.42,23.25,77.66,1.58,0.43669382731119794,0.41707738240559894,19.58
2016-03-09,0.22,22.53,66.81,1.68,0.4295419057210286,0.41974322001139325,25.13
2016-03-10,7.96,21.37,78.46,2.02,0.41282908121744794,0.4114329020182292,19.77
2016-03-11,9.02,21.14,85.42,2.05,0.455478032430013,0.42697588602701825,14.86
2016-03-12,1.59,20.48,76.48,1.67,0.4395790100097656,0.42738978068033856,23.86
2016-03-13,0.94,21.96,68.38,1.13,0.4148120880126953,0.41799672444661456,23.73
2016-03-14,2.2,23.31,67.98,0.58,0.402737299601237,0.4091351826985677,22.74
2016-03-15,3.61,23.62,75.63,0.97,0.4094778696695964,0.40371068318684894,21.59
2016-03-16,7.21,23.21,82.53,1.32,0.4276695251464844,0.4041099548339844,18.0
2016-03-17,20.66,23.01,87.62,1.38,0.4408486684163411,0.42693646748860675,15.26
2016-03-18,6.12,22.8,85.83,1.43,0.4457085927327474,0.4260552724202474,14.93
2016-03-19,3.22,24.22,76.87,1.02,0.44300079345703125,0.4274330139160156,22.71
2016-03-20,0.93,25.25,72.38,0.48,0.42302195231119794,0.4222087860107422,22.69
2016-03-21,0.9,25.03,74.43,0.83,0.4066047668457031,0.4145558675130208,22.69
2016-03-22,2.03,23.03,80.12,1.9,0.3957996368408203,0.40709177652994794,19.16
2016-03-23,0.03,22.43,70.46,1.71,0.38749059041341144,0.4009024302164714,23.85
2016-03-24,0.98,22.28,74.29,1.45,0.36786651611328125,0.39253679911295575,24.18
2016-03-25,2.38,23.42,73.57,1.4,0.3623453776041667,0.385098139444987,25.23
2016-03-26,7.08,23.1,76.93,1.53,0.3789285024007161,0.37950706481933594,22.18
2016-03-27,9.53,23.56,78.86,1.67,0.4199625651041667,0.3822625478108724,21.11
2016-03-28,4.86,23.88,73.85,1.37,0.4317557017008464,0.39998753865559894,23.26
2016-03-29,2.64,23.77,75.07,1.16,0.41825612386067706,0.401455561319987,22.23
2016-03-30,20.21,23.53,80.16,1.11,0.42459996541341144,0.40571848551432294,17.45
2016-03-31,3.65,23.88,75.43,0.16,0.4086774190266927,0.41920026143391925,18.51
2016-04-01,18.31,24.13,79.97,0.44,0.4570121765136719,0.4255841573079427,20.08
2016-04-02,18.08,23.54,83.83,0.34,0.448733647664388,0.4436543782552083,20.11
2016-04-03,3.46,23.04,78.72,1.01,0.46069590250651044,0.451504389444987,22.17
2016-04-04,4.1,22.61,82.03,1.54,0.4465281168619792,0.4442240397135417,21.8
2016-04-05,6.03,22.19,86.58,1.15,0.4583314259847005,0.4435170491536458,13.11
2016-04-06,4.49,22.7,83.02,1.48,0.4568792978922526,0.4470996856689453,19.71
2016-04-07,6.18,22.79,85.58,1.48,0.45721435546875,0.44675254821777344,18.78
2016-04-08,2.18,23.35,83.78,1.38,0.4476458231608073,0.4446697235107422,18.75
2016-04-09,7.59,22.89,87.23,1.65,0.4563751220703125,0.4440759023030599,13.8
2016-04-10,6.82,22.8,85.13,1.77,0.4602953592936198,0.44750022888183594,15.08
2016-04-11,7.21,22.19,82.69,1.78,0.4605903625488281,0.4497642517089844,19.66
2016-04-12,11.06,22.33,82.04,1.2,0.4608268737792969,0.4519488016764323,21.19
2016-04-13,18.83,21.83,89.74,0.83,0.4484659830729167,0.44545618693033856,15.1
2016-04-14,9.87,22.27,86.75,0.78,0.4443225860595703,0.44951311747233075,18.11
2016-04-15,5.47,22.57,81.81,0.77,0.46303367614746094,0.4507935841878255,22.62
2016-04-16,29.19,23.09,86.79,0.83,0.4674676259358724,0.4557342529296875,17.85
2016-04-17,42.17,23.65,82.2,0.24,0.4722137451171875,0.4623870849609375,19.37
2016-04-18,9.94,23.19,87.58,0.41,0.4759012858072917,0.46080271402994794,13.42
2016-04-19,18.24,23.21,85.95,0.38,0.4651641845703125,0.45071983337402344,14.93
2016-04-20,6.14,23.55,86.24,0.5,0.45871543884277344,0.44507408142089844,17.24
2016-04-21,15.91,23.72,85.05,0.29,0.46574147542317706,0.45155080159505206,14.52
2016-04-22,54.32,23.71,86.37,0.48,0.47720082600911456,0.46676381429036456,15.46
2016-04-23,7.95,23.98,84.09,0.13,0.4642009735107422,0.473538080851237,13.69
2016-04-24,13.95,23.52,86.48,0.07,0.4830182393391927,0.4779243469238281,11.22
2016-04-25,11.89,22.56,86.67,0.09,0.473141352335612,0.48056666056315106,11.01
2016-04-26,10.67,23.3,84.33,0.31,0.4220314025878906,0.43854649861653644,17.67
2016-04-27,42.01,22.8,88.61,0.08,0.4658654530843099,0.4720967610677083,15.22
2016-04-28,11.95,23.15,86.38,0.15,0.468020757039388,0.4494183858235677,13.81
2016-04-29,20.72,22.85,88.04,0.26,0.4654134114583333,0.47654151916503906,17.77
2016-04-30,14.95,23.2,85.62,0.13,0.4403788248697917,0.4636395772298177,16.96
2016-05-01,16.57,22.94,86.68,0.38,0.45361582438151044,0.4692026774088542,17.63
2016-05-02,14.89,22.69,84.99,0.36,0.46861521402994794,0.47502581278483075,19.55
2016-05-03,12.78,23.04,83.91,0.24,0.4532623291015625,0.4683373769124349,16.25
2016-05-04,18.45,23.11,86.13,0.09,0.46959559122721356,0.47971852620442706,18.53
2016-05-05,13.91,23.31,80.0,0.41,0.45699183146158856,0.4706134796142578,21.18
2016-05-06,14.67,24.22,79.64,0.45,0.45798492431640625,0.47134653727213544,19.89
2016-05-07,10.04,22.97,85.66,0.37,0.46463902791341144,0.4688790639241536,15.69
2016-05-08,44.94,22.82,85.12,0.13,0.4527517954508464,0.4722728729248047,18.09
2016-05-09,9.69,22.88,84.92,0.42,0.4715862274169922,0.4780292510986328,17.95
2016-05-10,3.86,22.4,84.74,0.44,0.4696331024169922,0.47134971618652344,12.66
2016-05-11,6.05,22.98,82.99,0.77,0.4668019612630208,0.46351178487141925,18.68
2016-05-12,9.85,22.56,86.18,0.89,0.4732850392659505,0.4665762583414714,17.06
2016-05-13,7.46,23.27,87.95,0.87,0.45761998494466144,0.47027333577473956,15.45
2016-05-14,9.5,24.31,86.01,0.49,0.43868764241536456,0.451107660929362,16.05
2016-05-15,2.84,24.53,83.92,0.31,0.4582055409749349,0.4510231018066406,17.03
2016-05-16,0.43,24.26,81.74,0.83,0.44594256083170575,0.4473718007405599,16.8
2016-05-17,0.71,23.47,84.51,1.14,0.4298470815022786,0.4401124318440755,15.37
2016-05-18,9.89,23.38,84.78,0.81,0.43111228942871094,0.4340737660725911,19.18
2016-05-19,7.18,23.67,84.01,0.95,0.4680379231770833,0.4533373514811198,21.87
2016-05-20,32.15,23.47,87.52,1.09,0.46105321248372394,0.4586861928304036,18.3
2016-05-21,32.83,23.92,86.11,0.78,0.4743951161702474,0.4810263315836589,19.21
2016-05-22,41.24,24.44,83.28,0.25,0.4691365559895833,0.47598838806152344,16.17
2016-05-23,5.55,24.74,79.67,0.11,0.4646231333414714,0.4687856038411458,15.71
2016-05-24,7.58,24.82,80.23,0.24,0.4712231953938802,0.46575164794921875,13.97
2016-05-25,14.31,23.63,84.52,0.39,0.4434808095296224,0.46311187744140625,10.45
2016-05-26,8.08,23.64,81.81,0.19,0.4711424509684245,0.4598350524902344,16.77
2016-05-27,7.88,23.4,79.86,0.36,0.4607664744059245,0.47278722127278644,15.65
2016-05-28,25.56,22.89,82.01,0.26,0.4700368245442708,0.4770774841308594,19.95
2016-05-29,6.52,23.03,82.43,0.32,0.4751230875651042,0.4771766662597656,14.58
2016-05-30,9.91,22.85,82.36,0.19,0.4792346954345703,0.4777882893880208,17.43
2016-05-31,7.13,23.26,82.65,0.27,0.4628416697184245,0.4773915608723958,14.78
2016-06-01,12.96,23.13,86.06,0.02,0.4405740102132161,0.4617087046305339,13.85
2016-06-02,7.0,23.24,83.46,0.21,0.4762713114420573,0.47957420349121094,10.99
2016-06-03,16.94,22.77,87.41,0.3,0.4590136210123698,0.4713662465413411,14.13
2016-06-04,4.58,23.34,81.23,0.56,0.47028160095214844,0.471005121866862,19.76
2016-06-05,1.5,23.47,76.91,0.49,0.4557870229085286,0.46211687723795575,23.56
2016-06-06,2.02,24.02,78.87,0.12,0.4423961639404297,0.4519297281901042,21.75
2016-06-07,8.83,22.92,86.15,0.42,0.4440911610921224,0.4472510019938151,16.31
2016-06-08,5.76,23.29,85.59,0.21,0.45026906331380206,0.45793787638346356,17.33
2016-06-09,2.14,23.88,82.34,0.18,0.46055030822753906,0.45765940348307294,16.85
2016-06-10,0.96,23.5,79.45,0.46,0.44350941975911456,0.4516671498616536,18.22
2016-06-11,2.33,23.14,79.46,0.63,0.43262608846028644,0.44365374247233075,21.34
2016-06-12,22.87,23.08,85.73,0.71,0.46512476603190106,0.46199925740559894,19.2
2016-06-13,7.77,23.7,82.82,0.07,0.4410667419433594,0.4554786682128906,18.13
2016-06-14,6.53,23.35,81.6,0.28,0.4683246612548828,0.457943598429362,13.72
2016-06-15,6.35,22.8,82.61,0.08,0.44478925069173175,0.46405029296875,12.77
2016-06-16,0.41,23.57,72.79,1.04,0.4117514292399089,0.4490521748860677,23.36
2016-06-17,1.64,22.18,82.34,0.95,0.4074287414550781,0.4362017313639323,21.37
2016-06-18,6.31,23.18,84.04,0.82,0.4348901112874349,0.429836908976237,19.76
2016-06-19,2.96,22.92,82.0,0.97,0.444515864054362,0.43108050028483075,18.78
2016-06-20,6.78,22.56,86.51,0.49,0.44771893819173175,0.4314874013264974,14.33
2016-06-21,15.29,22.7,85.38,0.25,0.47606786092122394,0.4532311757405599,10.29
2016-06-22,5.12,22.85,85.81,0.89,0.4728221893310547,0.4714590708414714,19.96
2016-06-23,1.48,23.04,82.68,1.13,0.4596977233886719,0.4644126892089844,21.74
2016-06-24,6.82,22.71,83.54,1.07,0.46309852600097656,0.4597511291503906,17.66
2016-06-25,8.6,21.97,87.92,0.73,0.46844482421875,0.46078745524088544,13.77
2016-06-26,9.71,22.44,85.92,0.9,0.4778868357340495,0.47177569071451825,15.95
2016-06-27,6.64,22.91,83.94,0.82,0.47316233317057294,0.47045008341471356,18.3
2016-06-28,3.88,23.37,82.19,0.59,0.4675763448079427,0.4687493642171224,17.73
2016-06-29,4.5,24.0,81.51,0.75,0.46105511983235675,0.46196238199869794,19.23
2016-06-30,3.45,23.66,80.93,1.1,0.46021779378255206,0.4585584004720052,18.31
2016-07-01,0.86,23.03,81.86,1.17,0.44608179728190106,0.4527180989583333,18.83
2016-07-02,0.42,23.63,77.3,0.43,0.4320665995279948,0.44469451904296875,15.19
2016-07-03,1.38,24.16,70.2,1.05,0.4245338439941406,0.43755849202473956,19.29
2016-07-04,0.79,22.41,77.48,1.42,0.41584014892578125,0.4301166534423828,20.02
2016-07-05,6.25,22.76,82.73,1.26,0.41251564025878906,0.42300987243652344,18.07
2016-07-06,5.5,22.75,83.75,1.17,0.450198491414388,0.4278399149576823,15.54
2016-07-07,4.8,22.7,79.88,1.09,0.4450359344482422,0.43175824483235675,14.89
2016-07-08,10.55,23.16,83.82,1.3,0.4626903533935547,0.4391428629557292,19.68
2016-07-09,1.42,23.78,78.65,1.1,0.45551300048828125,0.45110193888346356,23.11
2016-07-10,0.74,24.11,75.33,1.07,0.43074925740559894,0.44130579630533856,17.24
2016-07-11,3.54,23.33,81.23,1.04,0.4253578186035156,0.43340174357096356,15.23
2016-07-12,0.81,23.14,72.65,1.45,0.43125279744466144,0.4300467173258464,18.59
2016-07-13,3.23,22.86,76.59,1.45,0.4183489481608073,0.4242839813232422,19.85
2016-07-14,8.48,22.82,80.12,1.23,0.4423948923746745,0.4238026936848958,16.99
2016-07-15,10.56,22.54,85.83,0.99,0.4683087666829427,0.4403114318847656,14.24
2016-07-16,9.89,22.42,84.66,1.18,0.4392223358154297,0.4503663380940755,15.1
2016-07-17,6.6,22.34,82.01,0.85,0.43383026123046875,0.441009521484375,15.92
2016-07-18,4.28,23.52,73.05,0.69,0.45952415466308594,0.4465173085530599,19.26
2016-07-19,7.4,23.05,80.19,0.94,0.45366350809733075,0.44532330830891925,18.85
2016-07-20,0.47,23.84,76.35,0.88,0.44999440511067706,0.4489084879557292,21.85
2016-07-21,1.01,24.28,70.89,0.73,0.42756207784016925,0.4398091634114583,20.49
2016-07-22,1.62,24.1,72.61,0.7,0.41600990295410156,0.43080902099609375,20.02
2016-07-23,2.28,24.17,66.22,0.86,0.4117088317871094,0.4233722686767578,20.76
2016-07-24,12.89,22.51,80.59,1.15,0.4291362762451172,0.4197101593017578,18.1
2016-07-25,13.16,22.55,83.57,0.78,0.4689159393310547,0.4548625946044922,15.46
2016-07-26,5.93,23.59,74.61,1.06,0.4665972391764323,0.45761553446451825,19.17
2016-07-27,1.69,24.05,70.76,0.9,0.45328203837076825,0.45313072204589844,21.18
2016-07-28,8.15,23.78,77.42,0.43,0.45528602600097656,0.4468695322672526,17.01
2016-07-29,10.89,22.97,76.63,1.22,0.43590736389160156,0.44916343688964844,17.37
2016-07-30,5.96,22.98,80.46,0.98,0.4556051890055339,0.4442494710286458,13.71
2016-07-31,2.75,23.09,78.04,1.15,0.4513969421386719,0.4465643564860026,20.35
2016-08-01,9.75,24.42,73.24,0.12,0.45850690205891925,0.4465281168619792,19.09
2016-08-02,8.14,24.1,73.83,0.2,0.46639124552408856,0.4554144541422526,18.04
2016-08-03,16.27,24.16,75.58,0.22,0.46497472127278644,0.4610087076822917,19.15
2016-08-04,7.97,23.18,81.05,0.46,0.4602349599202474,0.458072026570638,13.9
2016-08-05,6.24,24.35,74.57,0.55,0.47118250528971356,0.46586163838704425,20.01
2016-08-06,1.95,24.32,74.66,0.67,0.4574139912923177,0.4610481262207031,22.19
2016-08-07,3.51,25.23,71.79,0.47,0.4454307556152344,0.45107396443684894,19.78
2016-08-08,0.04,25.76,63.41,0.58,0.4355875651041667,0.4434363047281901,23.71
2016-08-09,1.03,24.19,71.75,1.28,0.41550254821777344,0.4325033823649089,22.54
2016-08-10,3.58,23.61,75.26,1.24,0.40713946024576825,0.4228649139404297,19.66
2016-08-11,10.03,23.14,79.87,0.65,0.4423287709554036,0.4214178721110026,14.13
2016-08-12,13.45,23.54,79.27,0.19,0.4591013590494792,0.4514617919921875,14.86
2016-08-13,4.57,24.21,74.8,0.53,0.46167246500651044,0.4573065439860026,17.78
2016-08-14,3.64,24.55,72.76,0.28,0.4536476135253906,0.4536507924397786,19.98
2016-08-15,2.3,23.83,75.39,0.83,0.4524517059326172,0.450894037882487,22.25
2016-08-16,3.11,24.05,76.01,0.82,0.4404347737630208,0.4440631866455078,18.5
2016-08-17,1.01,24.67,70.54,1.26,0.4337717692057292,0.4382813771565755,24.57
2016-08-18,1.84,23.93,72.0,1.24,0.40990130106608075,0.42820294698079425,21.47
2016-08-19,10.77,23.94,79.35,1.0,0.43521690368652344,0.4230785369873047,18.34
2016-08-20,6.91,23.69,78.79,0.61,0.4566497802734375,0.4391339619954427,17.02
2016-08-21,1.86,24.99,69.69,0.87,0.4454530080159505,0.442596435546875,22.43
2016-08-22,2.77,24.12,74.21,0.98,0.43430836995442706,0.4356981913248698,18.91
2016-08-23,1.53,24.38,76.33,0.92,0.42857996622721356,0.4308656056722005,17.91
2016-08-24,1.87,23.79,78.03,0.95,0.41962560017903644,0.425174077351888,21.14
2016-08-25,9.57,23.54,79.04,0.45,0.44186846415201825,0.4226551055908203,15.06
2016-08-26,30.71,22.38,82.86,0.64,0.4427032470703125,0.4547767639160156,17.7
2016-08-27,11.94,22.32,86.99,0.36,0.45420392354329425,0.4682273864746094,16.41
2016-08-28,8.91,22.77,83.4,0.31,0.45939191182454425,0.4614295959472656,12.52
2016-08-29,0.5,24.43,72.95,0.29,0.4543984731038411,0.4569435119628906,22.6
2016-08-30,0.29,24.03,72.54,0.25,0.43103599548339844,0.44445355733235675,20.1
2016-08-31,2.57,23.82,76.07,0.47,0.41855621337890625,0.43366368611653644,21.17
2016-09-01,1.79,22.89,79.73,0.36,0.42507362365722656,0.4268881479899089,18.73
2016-09-02,9.09,22.3,84.52,0.25,0.44217872619628906,0.42481422424316406,10.58
2016-09-03,2.85,23.37,78.28,0.57,0.45063527425130206,0.434665044148763,18.19
2016-09-04,3.9,22.95,79.84,1.37,0.4442971547444661,0.43490155537923175,20.0
2016-09-05,9.17,22.24,86.18,0.53,0.45538075764973956,0.436740239461263,12.57
2016-09-06,4.88,23.28,81.39,0.23,0.4617322285970052,0.4504858652750651,14.45
2016-09-07,4.64,23.5,78.37,0.19,0.4633413950602214,0.4552440643310547,20.58
2016-09-08,0.73,23.62,75.93,0.37,0.4480628967285156,0.45133717854817706,21.06
2016-09-09,7.63,23.33,79.17,0.26,0.4563363393147786,0.44784100850423175,13.75
2016-09-10,10.66,23.74,78.82,0.3,0.45938746134440106,0.4607524871826172,16.36
2016-09-11,3.44,23.68,81.09,0.34,0.46287091573079425,0.4620475769042969,16.37
2016-09-12,4.13,22.86,81.91,0.27,0.46338971455891925,0.4585196177164714,14.77
2016-09-13,7.78,22.41,85.56,0.48,0.4682534535725911,0.4592774709065755,14.47
2016-09-14,5.79,23.3,80.31,0.73,0.4673614501953125,0.46340497334798175,15.87
2016-09-15,5.74,23.26,80.55,0.19,0.4678853352864583,0.4638690948486328,18.32
2016-09-16,4.52,23.44,74.89,0.37,0.4657936096191406,0.46561940511067706,19.78
2016-09-17,1.21,24.38,70.77,0.84,0.4470863342285156,0.4562371571858724,22.44
2016-09-18,2.09,24.55,73.97,0.61,0.4347178141276042,0.44583702087402344,21.0
2016-09-19,12.37,24.11,74.68,0.3,0.460296630859375,0.45142491658528644,17.6
2016-09-20,9.36,24.06,73.34,0.06,0.4461860656738281,0.4576606750488281,17.69
2016-09-21,0.09,24.23,72.49,0.19,0.40976524353027344,0.4417591094970703,15.47
2016-09-22,0.51,23.72,69.26,0.25,0.40424346923828125,0.4293479919433594,17.25
2016-09-23,1.01,24.56,66.25,0.24,0.3965950012207031,0.4203325907389323,20.36
2016-09-24,0.6,24.69,68.03,0.48,0.38911692301432294,0.4127057393391927,19.0
2016-09-25,1.29,24.73,67.45,0.45,0.38004302978515625,0.406097412109375,19.85
2016-09-26,7.46,23.94,73.5,0.43,0.39405186971028644,0.40139198303222656,18.31
2016-09-27,2.32,24.23,69.65,0.27,0.4252471923828125,0.40336163838704425,19.18
2016-09-28,0.85,24.75,67.37,0.86,0.4096819559733073,0.4026915232340495,18.93
2016-09-29,1.25,24.3,69.42,0.95,0.39246877034505206,0.39857737223307294,22.61
2016-09-30,28.32,22.45,86.38,0.4,0.44944000244140625,0.409759521484375,13.92
2016-10-01,41.83,21.12,90.5,1.59,0.464752197265625,0.47329076131184894,7.69
2016-10-02,11.92,20.96,87.95,2.01,0.4837849934895833,0.48099009195963544,9.3
2016-10-03,2.74,21.13,81.8,1.63,0.4638099670410156,0.47273890177408856,16.05
2016-10-04,5.3,22.2,82.9,0.55,0.46214930216471356,0.46267127990722656,17.0
2016-10-05,13.72,22.78,83.54,0.21,0.46746826171875,0.4700311024983724,15.74
2016-10-06,7.52,22.76,86.66,0.5,0.4500408172607422,0.4582811991373698,18.09
2016-10-07,2.27,22.71,84.45,0.47,0.45783424377441406,0.4532553354899089,16.09
2016-10-08,6.27,21.79,87.73,0.15,0.4589964548746745,0.4489917755126953,13.53
2016-10-09,16.94,22.29,86.99,0.18,0.4793923695882161,0.4685484568277995,17.14
2016-10-10,10.8,22.04,88.35,0.24,0.48236719767252606,0.48385175069173175,13.21
2016-10-11,13.98,22.47,87.87,0.06,0.4714438120524089,0.48157374064127606,16.07
2016-10-12,15.25,21.82,89.94,0.73,0.47164154052734375,0.4665629069010417,9.5
2016-10-13,6.9,22.55,86.6,0.22,0.4768517812093099,0.47189776102701825,12.91
2016-10-14,6.64,22.56,89.56,0.22,0.4755566914876302,0.4720478057861328,12.24
2016-10-15,5.8,23.03,86.72,0.67,0.4707050323486328,0.4706885019938151,15.8
2016-10-16,6.48,22.8,87.36,0.54,0.469940185546875,0.4692554473876953,12.55
2016-10-17,5.64,22.29,87.05,0.31,0.47586631774902344,0.4735616048177083,12.23
2016-10-18,13.11,21.85,87.08,0.47,0.4410387674967448,0.46391042073567706,12.33
2016-10-19,4.84,22.26,86.29,0.34,0.4686056772867839,0.45723215738932294,12.93
2016-10-20,24.8,22.45,85.38,0.12,0.4392401377360026,0.45411427815755206,15.32
2016-10-21,16.02,22.74,87.69,0.22,0.4730917612711589,0.4513816833496094,15.56
2016-10-22,1.09,22.88,83.29,0.23,0.45913950602213544,0.4601968129475911,20.21
2016-10-23,1.35,22.63,83.96,1.07,0.44368743896484375,0.451419194539388,20.88
2016-10-24,4.42,22.49,85.36,1.01,0.4372488657633464,0.44319788614908856,18.37
2016-10-25,9.28,22.47,89.11,0.66,0.4619121551513672,0.4442310333251953,13.32
2016-10-26,20.16,21.73,90.18,0.07,0.46326446533203125,0.4669500986735026,13.24
2016-10-27,3.73,21.56,89.32,0.51,0.4723472595214844,0.4711659749348958,13.8
2016-10-28,4.67,21.83,87.1,0.25,0.4637400309244792,0.46617762247721356,14.75
2016-10-29,13.4,22.33,86.64,0.08,0.4706153869628906,0.47755177815755206,14.77
2016-10-30,5.82,22.23,88.21,0.3,0.477053960164388,0.47672144571940106,16.03
2016-10-31,13.91,22.52,86.37,0.05,0.4790019989013672,0.478851318359375,16.97
2016-11-01,23.26,21.59,88.12,0.21,0.452725092569987,0.4732901255289714,16.21
2016-11-02,27.6,21.5,87.21,0.05,0.4719371795654297,0.4782555898030599,14.3
2016-11-03,27.04,21.87,88.14,0.31,0.468875249226888,0.4767907460530599,17.48
2016-11-04,13.04,22.24,88.73,0.32,0.48340924580891925,0.4770660400390625,16.7
2016-11-05,3.69,22.37,86.29,0.31,0.4715874989827474,0.47564697265625,13.4
2016-11-06,6.48,23.13,82.49,0.4,0.46749242146809894,0.46387290954589844,16.01
2016-11-07,4.49,22.48,84.94,0.51,0.46732521057128906,0.4639504750569661,13.63
2016-11-08,7.65,22.05,88.3,0.15,0.46443939208984375,0.4640350341796875,14.37
2016-11-09,6.7,22.24,87.01,0.36,0.4666557312011719,0.4690125783284505,12.32
2016-11-10,9.93,22.35,88.72,0.91,0.4816233317057292,0.4780832926432292,13.07
2016-11-11,1.0,22.26,85.43,0.78,0.46571922302246094,0.4740835825602214,13.85
2016-11-12,10.06,22.06,90.26,0.11,0.4710623423258464,0.4697806040445964,11.3
2016-11-13,11.31,22.03,88.74,0.27,0.47147178649902344,0.4778906504313151,14.53
2016-11-14,3.56,22.2,85.18,0.14,0.4392407735188802,0.4591178894042969,16.1
2016-11-15,1.47,21.78,86.74,0.52,0.44518152872721356,0.45040130615234375,16.79
2016-11-16,3.5,21.9,86.21,0.26,0.44080543518066406,0.44407399495442706,16.4
2016-11-17,3.81,21.59,86.77,0.21,0.44829877217610675,0.4416281382242839,15.67
2016-11-18,15.85,21.63,89.6,0.26,0.47347132364908856,0.4521973927815755,13.86
2016-11-19,55.94,21.52,90.98,0.39,0.4508800506591797,0.46233558654785156,12.93
2016-11-20,26.28,20.57,92.84,0.68,0.45838165283203125,0.45721181233723956,5.43
2016-11-21,12.78,20.42,91.17,0.46,0.4565881093343099,0.4582500457763672,10.26
2016-11-22,2.73,22.1,85.07,0.33,0.46912574768066406,0.4672444661458333,15.04
2016-11-23,8.97,22.42,87.12,0.46,0.4727986653645833,0.4669055938720703,14.4
2016-11-24,15.01,22.12,87.99,0.43,0.45135498046875,0.46768633524576825,14.15
2016-11-25,21.55,22.2,89.75,0.17,0.4532470703125,0.47263145446777344,11.44
2016-11-26,12.99,22.13,88.74,0.15,0.4727026621500651,0.4646294911702474,14.34
2016-11-27,38.79,21.89,89.93,0.2,0.4555543263753255,0.458096186319987,12.6
2016-11-28,14.19,21.3,89.02,0.3,0.47145843505859375,0.4480946858723958,14.78
2016-11-29,15.48,21.72,89.31,0.28,0.44607098897298175,0.47012964884440106,14.17
2016-11-30,20.79,21.68,89.76,0.65,0.4579003651936849,0.4654153188069661,10.36
2016-12-01,9.42,21.61,90.63,0.68,0.4718329111735026,0.4700635274251302,9.86
2016-12-02,16.37,22.23,87.01,0.06,0.45229021708170575,0.4718513488769531,13.83
2016-12-03,7.48,22.47,87.4,0.06,0.45222727457682294,0.455410639444987,16.04
2016-12-04,3.49,22.47,84.96,0.29,0.4679241180419922,0.4648660024007161,18.22
2016-12-05,0.23,22.15,81.35,1.18,0.44388580322265625,0.4567832946777344,18.93
2016-12-06,2.12,21.63,84.47,1.09,0.4330565134684245,0.44689496358235675,18.05
2016-12-07,6.73,21.51,86.62,1.19,0.4540894826253255,0.44555918375651044,16.72
2016-12-08,2.57,21.42,85.65,1.38,0.45346832275390625,0.4483331044514974,16.21
2016-12-09,9.12,21.18,88.48,0.99,0.4595712025960286,0.4481849670410156,13.45
2016-12-10,12.96,21.07,89.88,1.0,0.4814008076985677,0.4691041310628255,12.81
2016-12-11,6.76,21.33,85.43,1.36,0.4781640370686849,0.4761740366617839,15.12
2016-12-12,2.06,21.49,82.8,1.45,0.46032460530598956,0.46524937947591144,17.42
2016-12-13,0.01,21.83,77.22,1.2,0.4418754577636719,0.45460065205891925,19.76
2016-12-14,0.39,21.66,81.75,1.37,0.4258098602294922,0.4436086018880208,19.65
2016-12-15,0.16,21.36,80.4,1.27,0.4135125478108724,0.43413352966308594,19.81
2016-12-16,0.68,21.33,77.33,1.58,0.4042243957519531,0.4254995981852214,20.29
2016-12-17,0.07,20.49,77.81,1.5,0.39148394266764325,0.4171562194824219,19.99
2016-12-18,0.55,20.57,80.98,1.62,0.3822123209635417,0.4095071156819661,16.72
2016-12-19,2.02,20.3,81.09,1.89,0.38321495056152344,0.403567632039388,16.06
2016-12-20,2.88,20.12,82.67,1.68,0.3909142812093099,0.39922332763671875,18.3
2016-12-21,10.39,20.48,86.9,1.14,0.41994158426920575,0.3978424072265625,16.59
2016-12-22,6.75,20.89,83.26,0.38,0.4553979237874349,0.4231192270914714,17.95
2016-12-23,32.8,21.41,87.62,0.74,0.4430351257324219,0.4496847788492839,16.55
2016-12-24,12.93,20.98,89.2,1.3,0.4840799967447917,0.4760093688964844,13.61
2016-12-25,15.28,21.14,86.79,1.55,0.4603322347005208,0.4675464630126953,15.34
2016-12-26,12.73,20.58,88.74,1.76,0.4814001719156901,0.469998041788737,12.97
2016-12-27,2.31,19.85,82.19,1.64,0.46967315673828125,0.4742425282796224,14.41
2016-12-28,3.72,20.37,83.17,1.66,0.4642906188964844,0.4652627309163411,17.07
2016-12-29,3.94,20.33,84.85,1.41,0.4601751963297526,0.4598573048909505,17.49
2016-12-30,15.16,21.29,87.61,1.02,0.4572938283284505,0.4594777425130208,12.76
2016-12-31,17.01,21.17,87.81,1.52,0.4661509195963542,0.47406895955403644,12.83
2017-01-01,5.8,21.51,81.67,1.72,0.4472618103027344,0.4553362528483073,18.51
2017-01-02,0.01,20.09,72.39,1.55,0.43526268005371094,0.44426727294921875,21.29
2017-01-03,0.46,20.85,74.57,1.15,0.4147268931070964,0.43323198954264325,22.15
2017-01-04,2.07,21.21,82.29,0.82,0.40640703837076825,0.42458661397298175,19.57
2017-01-05,1.21,21.62,80.83,0.68,0.4080492655436198,0.4192523956298828,16.88
2017-01-06,2.02,22.3,80.32,0.69,0.4089825948079427,0.41531944274902344,14.52
2017-01-07,16.87,21.68,87.96,1.15,0.4351024627685547,0.4171638488769531,15.99
2017-01-08,23.53,20.95,91.21,1.21,0.45465977986653644,0.46059735616048175,9.28
2017-01-09,5.96,20.68,82.81,1.78,0.47357622782389325,0.472225824991862,13.35
2017-01-10,15.22,20.13,84.3,1.96,0.45608266194661456,0.465084711710612,15.34
2017-01-11,0.02,19.14,64.35,1.62,0.4422709147135417,0.45003191630045575,22.04
2017-01-12,9.79,19.44,84.73,1.76,0.4501838684082031,0.4410438537597656,15.8
2017-01-13,23.94,19.33,88.76,2.0,0.4595177968343099,0.4663473765055339,11.8
2017-01-14,9.81,19.1,84.56,1.92,0.4745553334554036,0.46152496337890625,15.47
2017-01-15,3.01,18.99,79.94,1.54,0.4597727457682292,0.45734723409016925,20.18
2017-01-16,6.93,18.96,82.8,1.5,0.459933598836263,0.45102373758951825,17.96
2017-01-17,8.68,19.59,83.23,1.63,0.4746379852294922,0.4633935292561849,17.13
2017-01-18,5.34,19.75,83.51,1.53,0.46917978922526044,0.4663842519124349,18.46
2017-01-19,4.42,19.92,84.13,1.16,0.46422894795735675,0.46375783284505206,18.44
2017-01-20,4.31,20.93,81.58,0.73,0.46228790283203125,0.4609781901041667,15.93
2017-01-21,4.63,20.81,84.07,0.52,0.4677772521972656,0.4627195994059245,16.19
2017-01-22,4.28,21.36,79.5,0.21,0.4617805480957031,0.4603004455566406,18.89
2017-01-23,2.86,21.11,73.65,0.23,0.4516417185465495,0.45537567138671875,21.55
2017-01-24,3.55,21.36,72.9,0.13,0.45548121134440106,0.452670415242513,19.56
2017-01-25,0.97,21.19,78.55,1.33,0.4428876241048177,0.4480845133463542,17.57
2017-01-26,4.48,21.45,78.48,1.58,0.44730186462402344,0.4443505605061849,20.52
2017-01-27,1.1,21.05,78.42,1.35,0.4332345326741536,0.4402027130126953,21.33
2017-01-28,1.81,20.77,78.8,1.3,0.42488861083984375,0.4334818522135417,22.27
2017-01-29,4.66,21.07,79.19,0.95,0.42029571533203125,0.4273090362548828,21.55
2017-01-30,2.77,22.43,77.36,0.87,0.437069574991862,0.4264100392659505,18.42
2017-01-31,12.66,21.54,87.0,1.73,0.4562918345133464,0.4331309000651042,14.59
2017-02-01,3.22,21.61,80.44,1.92,0.45842615763346356,0.4497540791829427,19.26
2017-02-02,5.17,20.45,82.57,1.75,0.4462706247965495,0.4433282216389974,18.98
2017-02-03,4.56,21.47,79.9,1.22,0.4563223520914714,0.44644419352213544,18.73
2017-02-04,9.83,21.67,85.06,1.41,0.46362749735514325,0.4485759735107422,15.62
2017-02-05,5.11,21.57,80.22,1.66,0.46349334716796875,0.456387201944987,20.79
2017-02-06,4.42,21.64,80.03,1.62,0.4541174570719401,0.44939931233723956,20.98
2017-02-07,2.51,21.23,78.14,1.38,0.44258880615234375,0.4434528350830078,21.32
2017-02-08,1.48,22.22,76.68,1.21,0.4351145426432292,0.4373544057210286,22.53
2017-02-09,0.2,23.13,68.49,1.34,0.4164257049560547,0.4296379089355469,22.08
2017-02-10,3.85,20.63,79.48,2.23,0.41643015543619794,0.4219093322753906,18.95
2017-02-11,2.94,19.45,76.8,1.89,0.4153512318929036,0.41787274678548175,20.77
2017-02-12,20.13,20.43,81.78,1.85,0.461090087890625,0.4363149007161458,18.21
2017-02-13,11.36,20.55,83.19,1.25,0.44800059000651044,0.441314697265625,16.69
2017-02-14,13.69,21.07,78.4,0.73,0.46022669474283856,0.45128631591796875,19.48
2017-02-15,7.01,21.42,79.63,0.72,0.4528573354085286,0.4541219075520833,17.51
2017-02-16,11.37,21.21,79.36,0.15,0.4674123128255208,0.4566504160563151,16.77
2017-02-17,24.65,20.82,82.3,0.47,0.467559814453125,0.47163836161295575,15.69
2017-02-18,3.81,21.12,76.06,0.97,0.4315503438313802,0.4567254384358724,20.24
2017-02-19,1.23,20.4,73.67,0.95,0.4257342020670573,0.44093577067057294,22.74
2017-02-20,0.86,21.7,74.6,0.66,0.4164746602376302,0.43097686767578125,19.61
2017-02-21,9.74,21.53,80.6,0.51,0.41973876953125,0.4243303934733073,19.44
2017-02-22,6.73,21.22,82.51,0.16,0.4561379750569661,0.43403053283691406,20.5
2017-02-23,3.02,21.73,74.48,0.31,0.45717493693033856,0.4442100524902344,22.34
2017-02-24,1.05,22.37,73.15,0.32,0.43713124593098956,0.4399426778157552,22.02
2017-02-25,3.58,23.03,71.31,0.41,0.42961692810058594,0.4331525166829427,22.67
2017-02-26,4.58,22.13,77.35,1.51,0.43652979532877606,0.4293816884358724,21.8
2017-02-27,0.52,20.65,71.82,1.58,0.43122227986653644,0.4278125762939453,22.54
2017-02-28,3.27,21.08,76.56,2.05,0.4221477508544922,0.4225228627522786,22.53
2017-03-01,7.53,20.54,80.31,1.98,0.4302571614583333,0.41924095153808594,21.24
2017-03-02,4.46,20.99,76.47,1.79,0.4482746124267578,0.4280516306559245,22.33
2017-03-03,15.84,21.17,82.11,1.91,0.4685160319010417,0.4452584584554036,18.54
2017-03-04,17.96,20.91,84.53,1.88,0.47092628479003906,0.46101633707682294,15.97
2017-03-05,38.1,20.73,89.18,1.83,0.46452585856119794,0.4552326202392578,12.39
2017-03-06,9.72,20.43,78.63,1.83,0.4724877675374349,0.457217534383138,18.26
2017-03-07,35.64,20.57,86.89,1.82,0.4765625,0.4675102233886719,11.75
2017-03-08,58.98,20.27,90.69,1.74,0.4756215413411458,0.4684925079345703,10.77
2017-03-09,19.29,20.64,84.13,1.89,0.47259076436360675,0.47401873270670575,15.96
2017-03-10,14.34,21.17,85.01,1.36,0.4705486297607422,0.47561009724934894,17.37
2017-03-11,16.8,22.05,83.45,0.53,0.4357109069824219,0.466400146484375,16.78
2017-03-12,44.83,21.1,94.41,0.54,0.46788660685221356,0.47623634338378906,4.91
2017-03-13,8.13,22.22,86.09,0.71,0.4775390625,0.47622044881184894,15.67
2017-03-14,2.8,21.93,83.1,1.14,0.4693762461344401,0.47490692138671875,17.52
2017-03-15,1.5,21.99,80.73,1.49,0.45766258239746094,0.4646930694580078,21.67
2017-03-16,0.7,21.07,77.53,1.52,0.43673133850097656,0.4534009297688802,24.74
2017-03-17,2.41,20.76,79.43,1.73,0.4280846913655599,0.4427928924560547,22.0
2017-03-18,3.98,20.13,82.23,1.56,0.4314556121826172,0.4363422393798828,20.76
2017-03-19,2.41,20.48,80.48,0.87,0.4351615905761719,0.4333699544270833,22.36
2017-03-20,2.52,21.79,82.66,0.77,0.43298594156901044,0.4306316375732422,20.05
2017-03-21,6.12,21.69,84.0,1.1,0.4420655568440755,0.42978477478027344,18.22
2017-03-22,13.32,22.84,80.69,0.84,0.4478168487548828,0.43632253011067706,21.27
2017-03-23,19.32,22.06,88.07,0.46,0.4672730763753255,0.4649333953857422,12.24
2017-03-24,16.36,21.12,90.0,0.86,0.4775854746500651,0.47243309020996094,9.57
2017-03-25,13.98,21.83,86.51,0.47,0.4693285624186198,0.476956049601237,17.41
2017-03-26,24.32,22.3,85.77,0.39,0.4745470682779948,0.4748007456461589,16.0
2017-03-27,34.62,21.58,89.52,0.51,0.46144676208496094,0.45736122131347656,17.55
2017-03-28,31.1,21.83,86.85,0.47,0.4413331349690755,0.4496161142985026,18.69
2017-03-29,23.24,21.67,91.16,0.73,0.4630006154378255,0.4810059865315755,12.12
2017-03-30,19.76,21.78,90.95,0.88,0.46705182393391925,0.46948687235514325,11.41
2017-03-31,25.47,21.62,91.16,0.91,0.4451923370361328,0.4538249969482422,11.0
2017-04-01,8.1,22.5,86.89,0.71,0.46908823649088544,0.44653765360514325,16.69
2017-04-02,0.79,23.0,81.51,0.94,0.4537645975748698,0.45052655537923175,23.03
2017-04-03,0.44,23.47,77.95,1.09,0.4294732411702474,0.44091161092122394,24.09
2017-04-04,0.6,22.62,78.56,1.16,0.41043980916341144,0.43006642659505206,24.69
2017-04-05,0.91,22.47,79.44,1.18,0.3966229756673177,0.4201494852701823,24.75
2017-04-06,2.86,22.66,80.88,1.1,0.3910961151123047,0.4117298126220703,24.3
2017-04-07,15.02,22.87,84.44,1.13,0.4298547108968099,0.40860239664713544,20.4
2017-04-08,10.49,22.24,84.45,1.12,0.4625619252522786,0.4499492645263672,17.57
2017-04-09,18.68,22.0,87.42,1.01,0.47154808044433594,0.4584217071533203,13.8
2017-04-10,31.94,21.46,89.54,0.95,0.4687048594156901,0.4715169270833333,14.35
2017-04-11,29.39,21.6,87.08,1.08,0.4768231709798177,0.48192914326985675,17.72
2017-04-12,18.08,21.23,85.99,0.88,0.43190638224283856,0.4666760762532552,18.97
2017-04-13,5.16,21.79,87.04,0.85,0.45769182840983075,0.454281489054362,15.23
2017-04-14,13.79,22.29,88.13,0.9,0.4739309946695964,0.4600709279378255,16.47
2017-04-15,9.37,22.61,86.96,0.66,0.47135670979817706,0.47735023498535156,16.36
2017-04-16,15.64,22.41,87.99,0.88,0.46620750427246094,0.4678885142008464,16.6
2017-04-17,7.25,23.34,83.26,0.4,0.4763145446777344,0.4734973907470703,13.31
2017-04-18,11.03,22.95,84.87,0.5,0.47909291585286456,0.4740041097005208,14.83
2017-04-19,15.67,22.35,84.78,0.27,0.4442272186279297,0.4490578969319661,13.65
2017-04-20,21.82,21.92,87.12,0.17,0.4775829315185547,0.4631125132242839,9.94
2017-04-21,18.27,21.99,86.79,0.31,0.45813941955566406,0.47398821512858075,18.7
2017-04-22,9.19,22.47,82.82,0.19,0.47217877705891925,0.465664545694987,19.3
2017-04-23,15.5,24.11,76.24,0.13,0.42045338948567706,0.45075352986653644,21.93
2017-04-24,9.02,24.24,79.09,0.08,0.4272149403889974,0.4317309061686198,16.04
2017-04-25,18.29,23.0,81.44,0.24,0.471466064453125,0.467410405476888,16.93
2017-04-26,2.83,24.12,80.03,0.15,0.466311772664388,0.4684308369954427,22.64
2017-04-27,3.11,23.83,81.77,0.61,0.4528973897298177,0.4584954579671224,21.79
2017-04-28,3.36,23.71,82.0,0.87,0.450869878133138,0.4512348175048828,21.42
2017-04-29,29.72,23.78,83.84,0.65,0.46292559305826825,0.4536641438802083,20.24
2017-04-30,31.3,22.71,88.02,0.64,0.4750569661458333,0.4797096252441406,15.26
2017-05-01,34.36,22.33,88.63,0.22,0.4702917734781901,0.4777456919352214,14.97
2017-05-02,11.49,22.63,85.12,0.14,0.48050689697265625,0.4817320505777995,19.14
2017-05-03,10.11,22.51,87.22,0.48,0.4838396708170573,0.48229090372721356,17.05
2017-05-04,9.45,23.36,84.01,0.22,0.4723695119222005,0.4788195292154948,18.63
2017-05-05,19.45,23.49,84.67,0.13,0.4523607889811198,0.47199757893880206,17.31
2017-05-06,21.36,22.6,88.65,0.23,0.4477945963541667,0.45449193318684894,11.7
2017-05-07,16.62,22.14,90.25,0.05,0.47060076395670575,0.45041974385579425,10.98
2017-05-08,9.98,22.21,89.27,0.49,0.47229448954264325,0.4764595031738281,12.72
2017-05-09,32.24,22.05,92.0,0.37,0.4673309326171875,0.4764728546142578,13.05
2017-05-10,30.54,21.79,92.29,0.37,0.4665972391764323,0.4748376210530599,13.35
2017-05-11,32.43,22.14,90.65,0.15,0.4564348856608073,0.4614747365315755,19.81
2017-05-12,40.11,21.75,90.17,0.28,0.45253944396972656,0.4702771504720052,17.46
2017-05-13,12.19,22.51,86.82,0.35,0.4693826039632161,0.47869873046875,17.52
2017-05-14,4.7,23.18,84.65,0.5,0.45352935791015625,0.4651133219401042,18.39
2017-05-15,8.19,22.98,87.3,0.17,0.4691460927327474,0.4630126953125,14.76
2017-05-16,2.99,23.08,84.57,0.4,0.4641094207763672,0.4630851745605469,15.17
2017-05-17,10.63,23.07,89.94,0.25,0.46718915303548175,0.4645220438639323,12.98
2017-05-18,9.3,23.48,86.68,0.53,0.4414755503336589,0.4684772491455078,17.49
2017-05-19,6.25,23.06,87.22,1.27,0.449798583984375,0.45451800028483075,21.57
2017-05-20,6.75,22.67,87.05,1.23,0.4622580210367839,0.45313453674316406,19.25
2017-05-21,14.3,22.5,89.88,0.96,0.45522816975911456,0.46472422281901044,14.28
2017-05-22,4.24,22.8,87.22,0.88,0.4635740915934245,0.4609018961588542,18.89
2017-05-23,1.28,23.04,85.31,0.62,0.4517618815104167,0.45601971944173175,18.44
2017-05-24,3.29,23.42,81.48,0.48,0.4442450205485026,0.4492206573486328,17.6
2017-05-25,9.16,24.58,81.54,0.44,0.448611577351888,0.4476331075032552,18.97
2017-05-26,3.15,23.18,86.25,0.65,0.447601318359375,0.45961634318033856,18.55
2017-05-27,26.95,22.5,88.88,0.63,0.45914649963378906,0.46442540486653644,19.16
2017-05-28,22.57,22.35,89.07,0.76,0.4679114023844401,0.4742552439371745,15.91
2017-05-29,19.41,22.44,90.02,0.55,0.45093854268391925,0.468966801961263,11.75
2017-05-30,3.67,22.85,84.65,0.87,0.43383534749348956,0.456783930460612,14.86
2017-05-31,9.66,22.55,84.98,0.8,0.45898882548014325,0.4482866923014323,16.75
2017-06-01,25.0,22.57,87.73,0.78,0.46595128377278644,0.4717528025309245,18.98
2017-06-02,34.43,23.02,87.5,0.75,0.4496510823567708,0.4562085469563802,18.16
2017-06-03,15.54,23.88,84.41,0.59,0.4254493713378906,0.446407953898112,18.36
2017-06-04,5.2,24.12,78.12,0.35,0.460238774617513,0.4437967936197917,21.66
2017-06-05,1.36,24.13,81.7,0.6,0.4384663899739583,0.4407755533854167,18.41
2017-06-06,6.67,23.52,83.42,0.49,0.433139165242513,0.4350350697835286,20.02
2017-06-07,3.15,23.11,86.05,0.48,0.45736440022786456,0.44228871663411456,17.32
2017-06-08,9.08,22.62,90.19,0.06,0.463040033976237,0.4456926981608073,11.43
2017-06-09,5.32,22.47,86.28,0.06,0.46587053934733075,0.4560019175211589,14.49
2017-06-10,1.25,22.94,85.03,0.88,0.45931434631347656,0.45768483479817706,20.24
2017-06-11,7.2,23.15,87.36,1.07,0.4619452158610026,0.4529590606689453,20.18
2017-06-12,3.0,22.35,86.58,1.06,0.4583473205566406,0.4529736836751302,18.97
2017-06-13,15.2,22.08,90.38,0.7,0.47806358337402344,0.46338335673014325,11.75
2017-06-14,21.58,22.86,87.51,0.14,0.4652105967203776,0.4735596974690755,11.4
2017-06-15,17.83,22.75,87.16,0.23,0.4470055898030599,0.4681905110677083,13.2
2017-06-16,16.08,22.77,86.61,0.22,0.46378644307454425,0.4640267690022786,15.64
2017-06-17,29.71,22.68,88.37,0.16,0.4597708384195964,0.4733924865722656,15.03
2017-06-18,28.9,22.26,88.94,0.15,0.4656537373860677,0.47513580322265625,16.06
2017-06-19,18.11,22.74,86.74,0.66,0.45454661051432294,0.4593944549560547,19.8
2017-06-20,3.69,22.42,85.28,0.94,0.46269798278808594,0.4557030995686849,19.5
2017-06-21,6.58,22.77,83.23,0.13,0.46010589599609375,0.4513556162516276,17.44
2017-06-22,14.02,23.01,86.72,0.45,0.48038482666015625,0.4719219207763672,16.85
2017-06-23,2.95,22.41,88.9,1.03,0.46709632873535156,0.4728527069091797,18.0
2017-06-24,1.57,22.34,83.57,0.92,0.45753224690755206,0.4643440246582031,22.26
2017-06-25,4.92,22.84,86.53,0.61,0.45115025838216144,0.45579274495442706,15.62
2017-06-26,8.23,22.74,84.05,0.86,0.4632606506347656,0.4670969645182292,17.83
2017-06-27,11.17,22.75,85.27,0.47,0.47037696838378906,0.46788914998372394,15.03
2017-06-28,0.93,22.31,80.28,1.35,0.46331024169921875,0.4702943166097005,23.0
2017-06-29,6.06,22.01,86.36,1.07,0.4475727081298828,0.45767784118652344,19.28
2017-06-30,13.06,23.18,83.48,0.16,0.4744561513264974,0.473416010538737,17.56
2017-07-01,1.16,23.51,80.89,1.0,0.46335283915201825,0.46892420450846356,21.94
2017-07-02,1.27,22.94,82.07,1.14,0.4444580078125,0.45724932352701825,21.82
2017-07-03,12.4,23.35,82.01,0.29,0.4513537089029948,0.4498329162597656,17.13
2017-07-04,3.8,23.1,79.98,0.95,0.4242064158121745,0.4549064636230469,20.35
2017-07-05,1.58,22.99,81.92,0.96,0.4228108723958333,0.44323158264160156,21.26
2017-07-06,7.57,22.93,84.38,0.77,0.4341195424397786,0.43622271219889325,17.1
2017-07-07,4.37,22.52,87.18,0.91,0.459075927734375,0.4430351257324219,18.0
2017-07-08,1.96,23.19,82.96,0.86,0.44741058349609375,0.44453175862630206,20.99
2017-07-09,2.16,23.27,82.39,0.82,0.43695068359375,0.43990834554036456,18.0
2017-07-10,7.5,22.89,86.46,0.76,0.4437732696533203,0.43689727783203125,14.47
2017-07-11,13.17,23.4,83.42,0.14,0.47040748596191406,0.46202977498372394,14.1
2017-07-12,2.93,23.05,79.41,0.53,0.4671560923258464,0.46692530314127606,20.15
2017-07-13,5.97,23.14,80.53,0.82,0.4495995839436849,0.45602862040201825,21.29
2017-07-14,3.89,23.19,81.85,0.5,0.4619153340657552,0.455539067586263,18.05
2017-07-15,7.14,22.57,86.17,0.53,0.46090952555338544,0.4544728597005208,14.51
2017-07-16,11.44,22.56,85.46,0.32,0.4676443735758464,0.46571922302246094,15.72
2017-07-17,3.46,22.73,82.1,0.96,0.43434906005859375,0.4539101918538411,19.99
2017-07-18,3.24,22.81,81.93,1.22,0.4428539276123047,0.4461078643798828,20.7
2017-07-19,3.38,23.1,81.22,1.07,0.4437510172526042,0.44158363342285156,19.27
2017-07-20,10.73,22.27,88.73,0.44,0.4551340738932292,0.4413445790608724,9.02
2017-07-21,9.37,21.86,88.72,1.07,0.4765249888102214,0.4659271240234375,15.86
2017-07-22,2.34,23.49,79.06,0.59,0.4664039611816406,0.46874109903971356,20.84
2017-07-23,0.41,24.63,69.84,0.46,0.44072914123535156,0.45563316345214844,22.37
2017-07-24,0.64,23.49,77.16,0.99,0.4253552754720052,0.4436594645182292,19.56
2017-07-25,5.06,22.62,83.97,1.22,0.4246978759765625,0.43517303466796875,17.33
2017-07-26,6.08,23.13,84.79,0.8,0.4559472401936849,0.43893686930338544,16.57
2017-07-27,1.99,23.65,78.88,0.49,0.44582557678222656,0.4408111572265625,18.74
2017-07-28,1.29,23.98,75.59,0.48,0.43667856852213544,0.4371604919433594,17.64
2017-07-29,1.0,24.19,76.4,0.15,0.4229882558186849,0.4315039316813151,17.92
2017-07-30,0.28,23.59,76.49,0.31,0.4113146464029948,0.42499542236328125,19.13
2017-07-31,8.61,22.66,83.15,0.46,0.4295024871826172,0.4206981658935547,12.67
2017-08-01,3.45,23.09,79.81,0.55,0.4522075653076172,0.4292945861816406,17.55
2017-08-02,1.66,22.7,79.28,1.17,0.4360345204671224,0.43044598897298175,22.37
2017-08-03,3.5,23.24,81.68,0.84,0.4241949717203776,0.4254322052001953,19.32
2017-08-04,19.85,23.38,84.03,0.34,0.4620831807454427,0.4382750193277995,15.42
2017-08-05,9.43,22.96,81.69,0.44,0.4391187032063802,0.4518884023030599,14.35
2017-08-06,6.02,23.57,79.05,0.63,0.45115025838216144,0.459225336710612,18.72
2017-08-07,2.56,23.48,80.68,0.77,0.44333966573079425,0.4511903127034505,21.38
2017-08-08,0.89,24.19,76.65,0.35,0.4314524332682292,0.44236119588216144,21.22
2017-08-09,1.51,24.24,75.64,0.22,0.4194037119547526,0.4336833953857422,19.28
2017-08-10,2.14,23.16,81.22,0.87,0.4188435872395833,0.42710113525390625,19.59
2017-08-11,1.25,23.23,81.47,0.76,0.4142303466796875,0.42173194885253906,18.67
2017-08-12,4.06,23.04,83.14,0.42,0.4131615956624349,0.41666094462076825,16.75
2017-08-13,0.79,23.74,72.55,0.48,0.4188620249430339,0.414669672648112,20.81
2017-08-14,1.77,22.99,79.4,1.11,0.4066626230875651,0.4098733266194661,22.67
2017-08-15,3.43,23.27,78.95,1.28,0.404052734375,0.40483347574869794,21.29
2017-08-16,2.64,22.99,79.94,1.18,0.40551185607910156,0.40123430887858075,17.84
2017-08-17,9.02,22.79,84.54,0.88,0.43979136149088544,0.4036134084065755,13.78
2017-08-18,4.75,23.73,82.07,0.45,0.4492441813151042,0.4181963602701823,19.63
2017-08-19,3.06,22.85,84.59,0.73,0.43518956502278644,0.42067591349283856,20.02
2017-08-20,8.3,22.83,83.11,0.58,0.45058314005533856,0.4234472910563151,17.26
2017-08-21,8.37,23.63,80.17,0.68,0.4605414072672526,0.43333689371744794,19.36
2017-08-22,4.54,23.79,78.1,0.28,0.4540246327718099,0.4418996175130208,18.02
2017-08-23,2.34,23.83,75.61,0.15,0.4512189229329427,0.4422753651936849,18.13
2017-08-24,0.32,23.97,69.63,0.1,0.43282000223795575,0.4361133575439453,21.22
2017-08-25,1.03,23.81,68.83,0.95,0.41560935974121094,0.42696189880371094,22.88
2017-08-26,1.58,23.29,71.9,1.33,0.40456072489420575,0.41808509826660156,21.5
2017-08-27,2.19,22.94,79.47,0.84,0.39711443583170575,0.4105542500813802,19.83
2017-08-28,4.58,23.02,81.51,0.31,0.4015674591064453,0.40552647908528644,16.13
2017-08-29,5.45,22.73,79.89,0.19,0.44638951619466144,0.4119803110758464,16.23
2017-08-30,1.02,23.3,73.38,0.26,0.4212207794189453,0.4131813049316406,18.57
2017-08-31,3.99,22.85,79.71,0.56,0.41527366638183594,0.4093138376871745,16.46
2017-09-01,0.84,23.73,76.09,0.69,0.41784222920735675,0.4079271952311198,19.74
2017-09-02,0.61,23.47,77.14,1.0,0.4012769063313802,0.4033794403076172,23.04
2017-09-03,0.75,23.82,77.33,0.54,0.3810342152913411,0.3966013590494792,20.62
2017-09-04,4.39,24.01,76.4,0.25,0.37870534261067706,0.3908214569091797,16.51
2017-09-05,2.57,23.77,78.8,0.45,0.3991235097249349,0.3882637023925781,19.52
2017-09-06,3.86,23.39,81.77,0.21,0.402804692586263,0.386474609375,18.65
2017-09-07,4.79,22.97,82.26,0.32,0.4101117451985677,0.3865699768066406,16.38
2017-09-08,22.21,22.09,84.58,0.42,0.44821739196777344,0.4288978576660156,17.11
2017-09-09,17.62,21.96,90.38,0.29,0.4631786346435547,0.4559764862060547,11.06
2017-09-10,5.58,22.24,86.64,0.52,0.4558906555175781,0.4538383483886719,13.08
2017-09-11,2.95,23.21,80.12,0.57,0.4572029113769531,0.4521503448486328,18.31
2017-09-12,0.58,23.76,75.07,0.62,0.44536717732747394,0.4465599060058594,21.65
2017-09-13,0.72,23.49,80.96,0.61,0.4262898763020833,0.43726666768391925,16.02
2017-09-14,24.26,23.43,83.18,0.24,0.43063799540201825,0.4347082773844401,17.06
2017-09-15,9.26,23.92,79.72,0.1,0.4543914794921875,0.4619604746500651,19.84
2017-09-16,10.14,23.94,80.11,0.1,0.4585469563802083,0.45755449930826825,20.7
2017-09-17,4.26,23.55,81.27,0.13,0.430239995320638,0.45084381103515625,16.66
2017-09-18,0.24,24.2,72.7,0.26,0.4343992869059245,0.4429340362548828,19.59
2017-09-19,7.77,23.64,80.0,0.47,0.4340171813964844,0.4353160858154297,17.97
2017-09-20,9.2,23.45,82.66,0.2,0.46417490641276044,0.4443499247233073,19.6
2017-09-21,7.61,23.25,78.94,0.28,0.4583600362141927,0.4565296173095703,19.68
2017-09-22,8.31,23.44,82.15,0.37,0.45798365275065106,0.45889027913411456,18.37
2017-09-23,12.84,23.9,81.47,0.23,0.46146710713704425,0.462856928507487,15.23
2017-09-24,13.7,24.23,81.49,0.28,0.44637489318847656,0.45569737752278644,19.63
2017-09-25,8.42,23.52,81.98,0.22,0.4721749623616536,0.4710254669189453,17.25
2017-09-26,14.05,23.06,81.81,0.27,0.4486548105875651,0.4576536814371745,17.41
2017-09-27,8.37,23.02,81.05,0.06,0.47354888916015625,0.463290532430013,20.49
2017-09-28,19.81,23.17,85.24,0.36,0.4759559631347656,0.4726645151774089,17.6
2017-09-29,33.56,22.85,85.21,0.4,0.4695669809977214,0.4678503672281901,16.09
2017-09-30,6.25,22.98,82.8,0.55,0.4713573455810547,0.4644622802734375,12.87
2017-10-01,8.34,22.91,79.88,0.24,0.4641704559326172,0.463134765625,14.15
2017-10-02,9.67,22.65,81.56,0.07,0.476498285929362,0.47447458902994794,14.39
2017-10-03,15.42,22.62,86.85,0.4,0.4595069885253906,0.466217041015625,15.34
2017-10-04,9.29,22.5,86.89,0.36,0.4703540802001953,0.4571647644042969,17.54
2017-10-05,1.12,22.0,85.64,0.63,0.46341196695963544,0.4617392222086589,12.08
2017-10-06,10.87,21.72,85.8,0.36,0.4738953908284505,0.4606024424235026,13.18
2017-10-07,2.44,22.52,81.18,0.79,0.46407636006673175,0.4667682647705078,21.83
2017-10-08,0.79,23.39,78.48,0.48,0.45074907938639325,0.4579614003499349,21.06
2017-10-09,26.32,23.23,85.3,0.35,0.45009104410807294,0.4553934733072917,16.83
2017-10-10,5.66,22.69,80.03,0.27,0.45756785074869794,0.467953364054362,19.92
2017-10-11,6.97,23.17,81.84,0.1,0.46923255920410156,0.4623374938964844,18.1
2017-10-12,8.57,23.41,83.33,0.37,0.4741045633951823,0.4665838877360026,17.8
2017-10-13,0.03,24.09,74.41,0.85,0.45789019266764325,0.46697425842285156,22.84
2017-10-14,0.16,23.29,77.3,1.08,0.4347343444824219,0.45343462626139325,20.64
2017-10-15,1.05,23.24,81.29,0.86,0.42229652404785156,0.4417457580566406,20.78
2017-10-16,5.34,24.29,79.27,0.03,0.42298444112141925,0.43343671162923175,15.22
2017-10-17,7.81,24.64,77.89,0.22,0.4411996205647786,0.45005162556966144,20.08
2017-10-18,1.3,25.04,72.92,0.26,0.43767229715983075,0.44608179728190106,19.91
2017-10-19,10.8,23.46,82.47,0.41,0.4407463073730469,0.4433097839355469,18.59
2017-10-20,13.1,23.64,82.04,0.21,0.4583536783854167,0.4611199696858724,17.41
2017-10-21,20.58,22.98,87.44,0.65,0.456600824991862,0.4641602834065755,17.22
2017-10-22,11.95,22.91,87.86,0.62,0.4578043619791667,0.4657713572184245,16.3
2017-10-23,19.13,22.76,85.6,0.12,0.46844482421875,0.47136815388997394,12.88
2017-10-24,6.51,23.05,79.96,0.09,0.4728686014811198,0.46758778889973956,14.13
2017-10-25,16.91,22.35,87.24,0.43,0.44704310099283856,0.4536304473876953,15.16
2017-10-26,17.91,22.86,86.87,0.31,0.47331682840983075,0.4573192596435547,17.58
2017-10-27,17.61,22.38,83.24,0.17,0.4449774424235026,0.46650060017903644,18.62
2017-10-28,7.11,22.36,85.97,0.14,0.46920331319173175,0.4575792948404948,16.55
2017-10-29,75.09,21.07,91.19,0.22,0.47643597920735675,0.4675362904866536,8.21
2017-10-30,3.69,21.8,84.3,0.33,0.46444447835286456,0.4549490610758464,16.5
2017-10-31,0.79,22.52,80.48,0.75,0.4488677978515625,0.4505379994710286,19.52
2017-11-01,0.69,22.48,80.64,1.3,0.4305674235026042,0.4425099690755208,22.42
2017-11-02,0.7,22.63,81.7,1.11,0.41605885823567706,0.43360137939453125,20.89
2017-11-03,3.57,21.88,87.71,0.53,0.41974322001139325,0.42699432373046875,15.24
2017-11-04,3.64,21.82,87.7,0.21,0.43486785888671875,0.4255383809407552,15.3
2017-11-05,9.08,21.7,87.58,0.13,0.4509042104085286,0.42810503641764325,15.19
2017-11-06,18.71,22.22,83.68,0.29,0.4773248036702474,0.47320302327473956,14.8
2017-11-07,15.55,21.94,86.77,0.25,0.4695994059244792,0.4722747802734375,14.25
2017-11-08,7.82,22.51,85.26,0.38,0.4727427164713542,0.4733053843180339,15.15
2017-11-09,2.79,21.78,87.45,0.66,0.4600760142008464,0.46478525797526044,12.63
2017-11-10,9.96,22.12,86.58,0.34,0.46822166442871094,0.46962865193684894,12.69
2017-11-11,6.55,22.25,86.71,0.12,0.4719657897949219,0.4701283772786458,14.84
2017-11-12,4.24,22.52,85.77,0.55,0.4706503550211589,0.4702142079671224,16.21
2017-11-13,7.13,22.98,85.28,0.16,0.47515233357747394,0.4699389139811198,15.99
2017-11-14,2.68,22.27,88.25,0.59,0.46463966369628906,0.4672037760416667,9.78
2017-11-15,7.54,21.35,87.16,0.7,0.4632987976074219,0.46220143636067706,15.13
2017-11-16,10.75,20.85,90.02,0.72,0.46459388732910156,0.46961212158203125,12.47
2017-11-17,1.11,21.06,87.38,1.01,0.4294732411702474,0.45993677775065106,13.25
2017-11-18,30.63,20.53,93.81,0.79,0.4676125844319661,0.4685497283935547,7.09
2017-11-19,8.12,20.61,88.88,0.47,0.4799722035725911,0.4822883605957031,16.53
2017-11-20,4.77,22.18,85.39,0.21,0.47058995564778644,0.4734344482421875,17.36
2017-11-21,5.63,22.3,86.05,0.25,0.4733848571777344,0.4709930419921875,15.44
2017-11-22,11.38,22.23,88.81,0.13,0.4820556640625,0.4799124399820964,13.79
2017-11-23,4.23,22.45,85.56,0.39,0.4702568054199219,0.4755210876464844,16.83
2017-11-24,6.1,21.84,87.75,0.52,0.47008005777994794,0.4697163899739583,15.56
2017-11-25,2.46,22.25,86.9,0.66,0.4680926005045573,0.4709358215332031,19.12
2017-11-26,1.43,22.75,85.4,0.57,0.4515673319498698,0.46208445231119794,17.79
2017-11-27,1.22,22.92,83.53,0.84,0.4417718251546224,0.45325342814127606,18.96
2017-11-28,0.74,22.78,78.85,0.61,0.4320119222005208,0.44471104939778644,19.84
2017-11-29,3.46,21.68,87.2,1.06,0.4282379150390625,0.4371331532796224,17.2
2017-11-30,39.53,21.63,91.35,0.69,0.4589977264404297,0.4621696472167969,10.23
2017-12-01,16.4,22.1,87.52,0.74,0.4542121887207031,0.45189984639485675,14.34
2017-12-02,10.45,21.96,87.29,1.06,0.47314198811848956,0.4554341634114583,17.16
2017-12-03,5.37,21.38,89.22,1.15,0.4670937856038411,0.4586232503255208,14.78
2017-12-04,15.26,21.71,88.54,1.24,0.4808788299560547,0.4739824930826823,14.39
2017-12-05,5.02,21.75,86.12,1.21,0.43079884847005206,0.4584509531656901,16.4
2017-12-06,1.69,22.08,82.24,1.19,0.44770367940266925,0.4479217529296875,18.38
2017-12-07,3.12,21.92,84.48,1.02,0.4349937438964844,0.44010480244954425,18.26
2017-12-08,6.53,22.14,84.91,0.67,0.4592488606770833,0.4419027964274089,16.58
2017-12-09,8.56,22.34,87.07,0.19,0.4592660268147786,0.44515228271484375,13.27
2017-12-10,7.4,22.15,87.36,0.6,0.47577794392903644,0.46343739827473956,15.57
2017-12-11,2.57,21.43,87.03,1.09,0.46567853291829425,0.46698252360026044,16.28
2017-12-12,5.93,21.28,83.19,0.58,0.4666697184244792,0.46398289998372394,19.55
2017-12-13,3.55,21.28,80.87,0.47,0.4666868845621745,0.4649473826090495,18.47
2017-12-14,0.01,21.03,73.96,0.96,0.4472312927246094,0.45910390218098956,21.84
2017-12-15,0.27,20.91,79.02,1.3,0.4288514455159505,0.44838905334472656,19.98
2017-12-16,0.03,20.31,71.81,1.64,0.4162038167317708,0.4385693868001302,22.04
2017-12-17,0.11,20.41,72.66,1.67,0.4013195037841797,0.42844518025716144,19.78
2017-12-18,0.23,20.44,78.79,1.63,0.3909111022949219,0.41967201232910156,17.84
2017-12-19,0.21,20.68,75.56,1.73,0.382412592569987,0.4120349884033203,19.56
2017-12-20,0.25,20.37,80.27,1.67,0.37160301208496094,0.40454991658528644,19.77
2017-12-21,0.5,19.86,78.62,1.58,0.362948735555013,0.39775530497233075,20.26
2017-12-22,2.77,20.47,82.05,1.71,0.36871973673502606,0.39192962646484375,18.76
2017-12-23,1.49,20.72,79.91,1.73,0.3750190734863281,0.3879737854003906,18.58
2017-12-24,2.27,20.17,81.96,1.73,0.3735192616780599,0.38436444600423175,17.37
2017-12-25,5.11,19.96,83.77,1.74,0.3889624277750651,0.3819815317789714,17.85
2017-12-26,3.17,19.9,82.28,1.69,0.408603032430013,0.38218943277994794,17.78
2017-12-27,4.25,20.27,83.47,1.62,0.4191468556722005,0.3844922383626302,17.14
2017-12-28,5.03,20.94,84.07,1.2,0.4221324920654297,0.38852183024088544,17.68
2017-12-29,29.2,21.25,89.89,0.96,0.45614369710286456,0.42759132385253906,11.4
2017-12-30,24.26,21.22,90.62,0.99,0.46551068623860675,0.46186574300130206,11.67
2017-12-31,25.54,21.08,91.16,1.01,0.4686972300211589,0.47588666280110675,12.0
2018-01-01,6.96,21.11,87.43,1.01,0.478305180867513,0.48029645284016925,14.58
2018-01-02,15.55,21.54,89.08,0.24,0.48653284708658856,0.4826882680257161,11.59
2018-01-03,10.27,22.4,82.39,0.18,0.47194480895996094,0.4807910919189453,13.52
2018-01-04,3.12,22.03,81.34,0.09,0.4280261993408203,0.45694414774576825,14.0
2018-01-05,4.61,21.94,84.74,0.38,0.44945526123046875,0.4476439158121745,12.4
2018-01-06,1.48,21.86,82.17,0.99,0.45257314046223956,0.44750022888183594,19.31
2018-01-07,11.06,21.0,84.8,0.89,0.4610780080159505,0.45125706990559894,14.73
2018-01-08,6.25,21.14,87.02,0.86,0.4710400899251302,0.4629637400309245,13.71
2018-01-09,11.22,20.88,88.53,0.78,0.4787648518880208,0.47494761149088544,13.71
2018-01-10,7.9,21.5,85.94,0.18,0.47786585489908856,0.4802513122558594,15.28
2018-01-11,1.83,21.89,83.17,0.24,0.46537208557128906,0.47218958536783856,16.03
2018-01-12,4.15,22.52,81.03,0.54,0.4557971954345703,0.462863286336263,15.81
2018-01-13,17.13,21.78,88.25,0.72,0.4625314076741536,0.4661204020182292,11.25
2018-01-14,8.75,20.93,86.7,1.18,0.4707558949788411,0.46466318766276044,14.91
2018-01-15,3.03,21.03,81.48,1.3,0.4635194142659505,0.46335601806640625,19.86
2018-01-16,1.96,20.63,83.65,1.17,0.4472179412841797,0.45356114705403644,15.71
2018-01-17,7.39,21.1,87.62,0.9,0.4603583017985026,0.4499092102050781,15.37
2018-01-18,16.72,21.38,88.34,0.75,0.47655677795410156,0.4752922058105469,13.53
2018-01-19,4.91,20.78,88.58,1.3,0.4756552378336589,0.4783153533935547,13.74
2018-01-20,1.5,21.21,82.06,1.55,0.46501922607421875,0.47205162048339844,17.92
2018-01-21,0.33,20.66,81.68,1.37,0.4442939758300781,0.4592596689860026,19.87
2018-01-22,1.07,21.07,82.6,1.21,0.4309673309326172,0.4468650817871094,19.53
2018-01-23,0.46,21.13,80.71,1.26,0.42230796813964844,0.43746693929036456,18.11
2018-01-24,1.01,20.59,83.87,1.59,0.4134076436360677,0.42975298563639325,16.48
2018-01-25,3.06,20.2,83.29,1.48,0.4159526824951172,0.42410850524902344,19.19
2018-01-26,7.54,20.42,84.4,1.89,0.44278526306152344,0.42347145080566406,19.49
2018-01-27,5.32,20.22,83.09,1.83,0.4510599772135417,0.43054962158203125,18.23
2018-01-28,9.48,20.87,82.68,1.85,0.46570269266764325,0.4454352060953776,18.59
2018-01-29,5.95,20.66,83.94,1.61,0.4644317626953125,0.45493825276692706,18.79
2018-01-30,3.8,21.15,83.74,1.54,0.45749664306640625,0.45396868387858075,18.82
2018-01-31,4.6,21.02,82.59,1.85,0.45665740966796875,0.4520772298177083,19.91
2018-02-01,7.25,20.88,84.35,1.94,0.4600531260172526,0.4520575205485026,18.38
2018-02-02,15.49,20.76,87.16,1.81,0.48015785217285156,0.4668680826822917,16.12
2018-02-03,7.29,20.51,84.65,1.77,0.47624460856119794,0.47168604532877606,18.71
2018-02-04,0.68,19.66,79.08,1.53,0.45370229085286456,0.46295611063639325,22.06
2018-02-05,3.18,19.69,81.37,1.54,0.44110870361328125,0.45230547587076825,21.46
2018-02-06,0.21,20.52,72.85,1.59,0.4371388753255208,0.4457194010416667,23.27
2018-02-07,1.63,20.26,74.14,1.97,0.42487525939941406,0.43709246317545575,21.18
2018-02-08,1.08,19.69,76.34,1.77,0.41222063700358075,0.42920366923014325,21.86
2018-02-09,6.97,20.13,81.43,1.79,0.43314552307128906,0.4245433807373047,18.88
2018-02-10,6.21,20.24,81.03,1.7,0.44628270467122394,0.42871856689453125,18.03
2018-02-11,8.66,20.35,81.97,1.45,0.4650592803955078,0.44309552510579425,15.89
2018-02-12,6.77,20.49,79.4,1.93,0.4608014424641927,0.4511617024739583,20.45
2018-02-13,7.0,19.87,78.43,2.17,0.4656200408935547,0.45691490173339844,20.89
2018-02-14,8.2,19.57,79.72,1.94,0.4637107849121094,0.4550895690917969,19.83
2018-02-15,27.83,20.1,84.25,2.01,0.4637635548909505,0.46590614318847656,18.18
2018-02-16,22.19,20.51,83.91,1.9,0.4709542592366536,0.4741655985514323,17.49
2018-02-17,11.31,20.35,84.75,1.95,0.4509817759195964,0.43998273213704425,14.81
2018-02-18,3.38,20.65,77.08,1.78,0.4578927357991536,0.44461822509765625,23.7
2018-02-19,1.14,19.7,69.93,1.86,0.43682289123535156,0.43868446350097656,24.64
2018-02-20,0.43,19.93,67.65,2.06,0.41260655721028644,0.4296251932779948,24.48
2018-02-21,3.04,19.8,77.96,2.15,0.4047857920328776,0.42122522989908856,21.04
2018-02-22,6.57,19.48,78.37,1.95,0.4187024434407552,0.416751225789388,20.55
2018-02-23,12.64,19.87,79.54,1.71,0.46065394083658856,0.4266122182210286,20.43
2018-02-24,28.47,19.98,82.66,1.49,0.4722143809000651,0.4583962758382161,19.74
2018-02-25,23.65,20.35,82.58,1.15,0.4561341603597005,0.4682140350341797,20.88
2018-02-26,26.23,20.48,82.64,0.93,0.44805463155110675,0.4471626281738281,20.05
2018-02-27,27.61,20.42,82.49,0.86,0.45845921834309894,0.45334116617838544,20.27
2018-02-28,12.59,20.54,80.12,0.9,0.4440313975016276,0.46186065673828125,19.91
2018-03-01,3.32,20.85,75.5,0.96,0.4653282165527344,0.46239980061848956,21.72
2018-03-02,3.02,20.94,78.14,1.27,0.45522181193033856,0.4564094543457031,22.94
2018-03-03,4.59,21.57,75.96,0.8,0.44954999287923175,0.4510993957519531,21.15
2018-03-04,5.1,21.76,78.88,0.34,0.45685704549153644,0.45077768961588544,21.54
2018-03-05,2.51,21.17,81.93,0.52,0.45749155680338544,0.4521802266438802,20.49
2018-03-06,9.92,21.28,79.11,1.13,0.4510396321614583,0.4494374593098958,18.4
2018-03-07,6.06,21.39,80.08,1.1,0.4576416015625,0.46227455139160156,21.72
2018-03-08,13.69,21.93,85.51,0.93,0.4631551106770833,0.46258989969889325,18.97
2018-03-09,8.86,22.45,82.2,0.77,0.45647557576497394,0.45583025614420575,19.36
2018-03-10,1.04,23.09,76.08,0.83,0.4569040934244792,0.45862579345703125,23.14
2018-03-11,0.89,24.19,69.68,0.53,0.435366948445638,0.4490369160970052,24.87
2018-03-12,0.97,24.77,66.12,0.16,0.42082850138346356,0.43863360087076825,24.05
2018-03-13,0.98,25.05,65.01,0.25,0.4089914957682292,0.42911402384440106,23.34
2018-03-14,0.92,24.38,70.59,0.37,0.3982493082682292,0.4205207824707031,23.33
2018-03-15,7.99,23.01,78.92,0.72,0.4189643859863281,0.414859135945638,14.34
2018-03-16,5.98,22.58,81.05,0.84,0.4531332651774089,0.4251791636149089,21.63
2018-03-17,3.18,22.74,80.52,1.03,0.4416077931722005,0.4282067616780599,17.63
2018-03-18,3.47,22.95,78.16,1.07,0.4390443166097005,0.4281145731608073,22.02
2018-03-19,0.82,23.14,72.69,1.01,0.42631785074869794,0.42526690165201825,23.25
2018-03-20,0.3,22.94,67.15,1.21,0.40456899007161456,0.4181925455729167,25.46
2018-03-21,0.95,22.66,67.78,0.87,0.384799321492513,0.4093087514241536,21.31
2018-03-22,8.84,22.72,78.79,1.1,0.39714304606119794,0.4032758076985677,16.47
2018-03-23,37.43,21.62,90.5,1.2,0.4531930287679036,0.4471117655436198,11.81
2018-03-24,6.03,21.99,74.49,1.64,0.4338976542154948,0.45432281494140625,20.5
2018-03-25,3.05,20.92,71.58,1.47,0.4339701334635417,0.4436333974202474,23.75
2018-03-26,16.86,21.32,81.15,1.47,0.4589862823486328,0.4585584004720052,20.06
2018-03-27,14.27,21.91,83.66,1.66,0.48055267333984375,0.47145970662434894,17.97
2018-03-28,23.62,22.06,83.87,1.99,0.4662799835205078,0.47040748596191406,19.53
2018-03-29,4.27,21.73,78.12,1.74,0.44928932189941406,0.46222813924153644,20.96
2018-03-30,9.55,21.89,83.94,1.73,0.46480369567871094,0.4560585021972656,20.43
2018-03-31,12.85,21.61,85.5,1.52,0.4812806447347005,0.47111956278483075,15.77
2018-04-01,10.86,20.98,88.21,1.05,0.48223876953125,0.47855885823567706,13.58
2018-04-02,14.94,21.36,87.2,0.98,0.46903038024902344,0.4759896596272786,16.64
2018-04-03,28.46,21.58,87.52,1.01,0.4480915069580078,0.4525922139485677,16.65
2018-04-04,17.68,22.28,83.88,0.88,0.47487958272298175,0.47259521484375,18.72
2018-04-05,21.83,21.75,86.14,0.84,0.4711812337239583,0.4575316111246745,15.25
2018-04-06,10.58,21.77,85.04,0.78,0.4783770243326823,0.4660180409749349,15.7
2018-04-07,15.05,21.67,84.57,0.8,0.4699541727701823,0.473263422648112,14.51
2018-04-08,13.62,22.45,80.57,0.67,0.46017710367838544,0.4650929768880208,19.35
2018-04-09,16.06,21.63,87.35,1.29,0.4756654103597005,0.4812386830647786,14.33
2018-04-10,23.52,21.92,85.62,1.32,0.4766318003336589,0.478607177734375,17.92
2018-04-11,16.26,22.3,85.71,0.63,0.4705963134765625,0.47260602315266925,16.9
2018-04-12,8.32,21.72,83.81,0.87,0.4675668080647786,0.45017051696777344,19.95
2018-04-13,6.62,21.74,82.61,1.36,0.4661852518717448,0.4534002939860026,19.44
2018-04-14,18.95,21.44,87.61,1.06,0.46964073181152344,0.46957842508951825,14.15
2018-04-15,19.29,22.76,85.17,0.8,0.453060785929362,0.4640928904215495,19.56
2018-04-16,32.1,22.6,85.64,0.8,0.4725729624430339,0.47946802775065106,13.68
2018-04-17,34.54,21.92,90.46,1.09,0.469329833984375,0.4770711263020833,15.0
2018-04-18,43.12,22.21,88.27,0.69,0.4587453206380208,0.45949681599934894,15.54
2018-04-19,18.13,22.81,83.46,0.6,0.462948481241862,0.45238304138183594,15.77
2018-04-20,13.66,22.71,83.51,0.8,0.4643637339274089,0.45404497782389325,14.32
2018-04-21,9.11,22.46,82.56,0.97,0.47201093037923175,0.4712594350179036,17.14
2018-04-22,8.83,22.43,84.09,0.89,0.460269292195638,0.4682566324869792,15.96
2018-04-23,6.93,22.26,83.81,0.84,0.437442143758138,0.453219731648763,13.96
2018-04-24,24.31,22.54,84.89,0.87,0.4542001088460286,0.46643702189127606,17.97
2018-04-25,14.44,22.84,84.0,0.55,0.46829986572265625,0.4683971405029297,17.21
2018-04-26,8.58,22.85,86.52,0.38,0.45050303141276044,0.4650713602701823,13.81
2018-04-27,20.91,22.47,87.25,0.07,0.45313390096028644,0.47192128499348956,13.52
2018-04-28,9.98,22.44,88.01,0.26,0.4701436360677083,0.46622975667317706,9.09
2018-04-29,11.79,22.51,88.17,0.58,0.4818299611409505,0.4786427815755208,14.78
2018-04-30,9.52,22.08,90.82,1.08,0.48351605733235675,0.4829273223876953,17.51
2018-05-01,27.7,22.2,91.62,0.9,0.47175025939941406,0.48167673746744794,12.81
2018-05-02,15.65,22.93,87.02,0.67,0.4649620056152344,0.4522482554117839,17.13
2018-05-03,10.72,22.74,84.74,0.59,0.4766089121500651,0.46018727620442706,17.53
2018-05-04,6.95,22.76,82.11,0.43,0.4617760976155599,0.47341283162434894,15.2
2018-05-05,5.0,22.59,80.82,0.35,0.4694385528564453,0.4686698913574219,10.25
2018-05-06,6.63,22.86,80.75,0.15,0.4752025604248047,0.4704901377360026,14.03
2018-05-07,4.92,22.55,84.55,0.06,0.4690837860107422,0.4694964090983073,12.25
2018-05-08,13.33,22.0,88.11,0.22,0.46471913655598956,0.4710070292154948,12.37
2018-05-09,12.21,22.19,86.49,0.09,0.45359357198079425,0.4656511942545573,13.71
2018-05-10,28.25,21.9,91.62,0.72,0.45859845479329425,0.4765917460123698,13.01
2018-05-11,33.51,21.98,89.79,0.69,0.46788787841796875,0.4777018229166667,16.03
2018-05-12,21.49,22.49,89.32,0.89,0.461300532023112,0.45794105529785156,17.5
2018-05-13,58.01,22.2,88.69,0.39,0.46689605712890625,0.4739341735839844,14.38
2018-05-14,23.8,21.79,88.26,0.14,0.4708716074625651,0.47297032674153644,13.17
2018-05-15,13.06,21.58,90.33,0.45,0.4539368947347005,0.471432367960612,10.19
2018-05-16,17.43,22.14,86.36,0.71,0.4644769032796224,0.4630393981933594,15.93
2018-05-17,6.84,22.34,85.52,0.33,0.4797197977701823,0.4806480407714844,13.58
2018-05-18,19.65,22.3,89.26,0.61,0.4729715983072917,0.4784736633300781,12.38
2018-05-19,15.48,21.77,88.57,0.46,0.4393348693847656,0.4668801625569661,13.07
2018-05-20,14.1,22.22,87.2,0.48,0.4702962239583333,0.4733498891194661,14.59
2018-05-21,19.75,22.11,86.43,0.1,0.477200190226237,0.47765858968098956,12.23
2018-05-22,10.25,22.23,85.77,0.4,0.4685064951578776,0.48232777913411456,14.35
2018-05-23,8.8,22.5,86.17,0.69,0.4575010935465495,0.4611676534016927,16.3
2018-05-24,13.72,22.54,87.62,0.22,0.4816436767578125,0.46985753377278644,12.33
2018-05-25,18.54,22.79,86.39,0.5,0.4503224690755208,0.46958478291829425,16.35
2018-05-26,17.34,23.54,84.26,0.06,0.47089513142903644,0.4774862925211589,17.67
2018-05-27,18.58,22.85,87.92,0.08,0.4505259195963542,0.45134735107421875,14.06
2018-05-28,3.18,22.94,82.23,0.1,0.46140098571777344,0.4644635518391927,18.91
2018-05-29,7.52,23.61,85.01,0.59,0.45676740010579425,0.45673497517903644,21.06
2018-05-30,18.95,22.99,86.88,0.36,0.46471214294433594,0.46324793497721356,19.73
2018-05-31,8.82,23.07,83.28,0.78,0.42937342325846356,0.4659709930419922,22.09
2018-06-01,18.21,23.01,85.61,0.62,0.4576714833577474,0.45606231689453125,20.32
2018-06-02,14.47,23.06,84.45,0.49,0.45580609639485675,0.47251129150390625,14.62
2018-06-03,5.29,23.86,84.13,0.46,0.46307118733723956,0.46332359313964844,16.33
2018-06-04,0.33,23.98,79.71,0.6,0.45482508341471356,0.4608936309814453,21.19
2018-06-05,3.73,23.75,80.76,0.48,0.4393227895100911,0.4517383575439453,20.31
2018-06-06,0.7,23.55,79.67,0.47,0.4446919759114583,0.446933110555013,20.44
2018-06-07,1.21,23.46,80.56,0.95,0.4289054870605469,0.4403972625732422,18.56
2018-06-08,8.61,23.29,84.49,0.97,0.4349219004313151,0.4350516001383464,17.74
2018-06-09,3.99,23.01,83.22,0.89,0.45406023661295575,0.44322967529296875,22.49
2018-06-10,1.61,23.65,80.46,0.49,0.44817161560058594,0.44281641642252606,18.64
2018-06-11,3.78,23.3,82.61,0.07,0.44183794657389325,0.4391791025797526,14.83
2018-06-12,3.83,23.36,79.01,0.8,0.4520060221354167,0.4407246907552083,18.31
2018-06-13,1.03,22.82,80.63,0.99,0.43233617146809894,0.43704795837402344,22.18
2018-06-14,11.77,22.95,86.26,0.5,0.43498484293619794,0.4340476989746094,17.41
2018-06-15,7.52,22.89,86.85,0.64,0.4571704864501953,0.451718012491862,15.19
2018-06-16,1.81,23.27,81.59,0.62,0.4581654866536458,0.45399030049641925,21.32
2018-06-17,1.99,23.72,79.74,0.52,0.44004376729329425,0.4453849792480469,22.07
2018-06-18,7.67,23.08,83.41,0.17,0.4502716064453125,0.44017283121744794,14.11
2018-06-19,6.11,22.85,82.35,0.5,0.4660269419352214,0.44910113016764325,12.46
2018-06-20,7.34,22.83,80.47,0.04,0.45725568135579425,0.4547386169433594,14.59
2018-06-21,2.84,22.71,79.44,0.27,0.45745849609375,0.4583180745442708,19.82
2018-06-22,1.2,22.78,81.82,0.81,0.4403788248697917,0.44772911071777344,21.16
2018-06-23,0.17,23.28,71.85,0.66,0.42485936482747394,0.437960942586263,20.0
2018-06-24,3.25,22.56,80.79,0.79,0.4164009094238281,0.42882855733235675,19.03
2018-06-25,1.47,22.07,81.47,0.96,0.42896143595377606,0.4247271219889323,11.87
2018-06-26,0.72,22.76,77.16,1.13,0.4160747528076172,0.4209740956624349,21.06
2018-06-27,0.92,22.91,74.33,1.16,0.40079180399576825,0.4140218098958333,20.58
2018-06-28,0.34,23.08,69.2,1.13,0.3900686899820964,0.40707969665527344,17.59
2018-06-29,4.25,22.33,78.73,1.03,0.3885307312011719,0.4010607401529948,16.98
2018-06-30,0.16,23.37,69.87,1.1,0.39678955078125,0.3976593017578125,22.26
2018-07-01,3.59,21.82,80.57,1.36,0.37950579325358075,0.39180882771809894,18.92
2018-07-02,11.11,21.9,84.14,0.85,0.4491831461588542,0.4005743662516276,17.29
2018-07-03,10.14,22.46,84.19,0.47,0.46091334025065106,0.4193611145019531,16.3
2018-07-04,0.38,22.62,78.47,1.1,0.4416357676188151,0.4294878641764323,23.03
2018-07-05,5.16,23.34,80.28,1.15,0.4218921661376953,0.4230295817057292,21.07
2018-07-06,3.56,21.91,79.44,1.44,0.4345785776774089,0.42107899983723956,23.18
2018-07-07,8.22,22.35,81.87,1.22,0.4494984944661458,0.42415301005045575,20.11
2018-07-08,3.63,22.68,79.53,1.43,0.44855181376139325,0.43266932169596356,21.39
2018-07-09,1.49,22.75,78.08,0.92,0.4304663340250651,0.4279378255208333,21.36
2018-07-10,4.37,24.38,74.81,0.43,0.42246754964192706,0.4210211435953776,19.6
2018-07-11,3.46,24.16,72.01,0.44,0.4311879475911458,0.4189027150472005,19.37
2018-07-12,1.34,23.33,72.36,1.31,0.4228369394938151,0.4165821075439453,23.41
2018-07-13,9.99,22.46,80.02,1.32,0.44343821207682294,0.41889381408691406,18.09
2018-07-14,4.22,23.59,75.34,0.92,0.4484093983968099,0.43044471740722656,17.41
2018-07-15,0.53,23.36,71.52,1.36,0.42055002848307294,0.4247303009033203,20.11
2018-07-16,6.23,23.26,78.22,0.9,0.4167041778564453,0.4163246154785156,18.94
2018-07-17,1.36,23.82,72.6,1.12,0.4286797841389974,0.4165503184000651,19.97
2018-07-18,0.68,23.64,69.19,1.51,0.4074395497639974,0.41100120544433594,20.45
2018-07-19,14.63,22.51,82.34,1.36,0.43989308675130206,0.41089312235514325,18.09
2018-07-20,2.17,23.94,71.39,1.02,0.4443613688151042,0.42833836873372394,19.62
2018-07-21,0.17,24.77,64.46,1.11,0.41837501525878906,0.42075538635253906,20.33
2018-07-22,0.05,24.74,64.12,1.18,0.39632542928059894,0.410854975382487,19.2
2018-07-23,1.11,24.86,65.85,0.63,0.38092676798502606,0.40157318115234375,19.36
2018-07-24,0.74,24.56,68.69,0.24,0.3746344248453776,0.3940652211507161,15.44
2018-07-25,0.99,24.59,69.44,0.75,0.3676198323567708,0.3877569834391276,20.14
2018-07-26,0.79,24.54,69.34,0.48,0.3580462137858073,0.3811327616373698,18.39
2018-07-27,0.7,24.17,69.81,0.52,0.3507607777913411,0.375213623046875,16.39
2018-07-28,4.2,23.61,76.34,0.82,0.3539447784423828,0.3704535166422526,17.41
2018-07-29,5.83,22.98,79.37,0.84,0.3870684305826823,0.36882781982421875,12.44
2018-07-30,1.1,23.74,71.95,1.11,0.3962243398030599,0.37117767333984375,18.94
2018-07-31,5.44,22.79,77.71,1.22,0.39487330118815106,0.370205561319987,16.94
2018-08-01,8.91,22.8,78.96,1.1,0.41793251037597656,0.37474314371744794,15.65
2018-08-02,18.0,22.51,85.23,0.89,0.4512348175048828,0.4025198618570964,15.34
2018-08-03,11.64,23.27,77.74,0.97,0.4328269958496094,0.4290307362874349,20.85
2018-08-04,1.7,23.01,74.52,1.41,0.417629877726237,0.41942278544108075,22.61
2018-08-05,3.89,22.86,74.47,0.77,0.4113076527913411,0.4117310841878255,20.76
2018-08-06,1.15,23.37,71.44,0.6,0.41314252217610675,0.4072043100992839,19.6
2018-08-07,0.64,25.06,65.33,0.72,0.3984533945719401,0.40156300862630206,23.13
2018-08-08,1.37,24.24,72.19,1.23,0.3811086018880208,0.3941307067871094,21.2
2018-08-09,1.52,24.31,67.01,1.19,0.3715635935465495,0.3872763315836589,21.74
2018-08-10,8.65,24.15,73.63,0.64,0.3905626932779948,0.382571538289388,18.0
2018-08-11,1.47,25.13,64.74,0.49,0.41328875223795575,0.38753636678059894,20.28
2018-08-12,0.55,24.91,61.92,1.04,0.38781102498372394,0.38472239176432294,23.03
2018-08-13,1.37,23.68,70.95,1.33,0.36959266662597656,0.3787314097086589,21.05
2018-08-14,6.49,22.86,80.47,0.71,0.38965797424316406,0.3746490478515625,15.92
2018-08-15,21.87,21.95,85.21,0.25,0.458712895711263,0.4115606943766276,9.52
2018-08-16,1.44,23.28,74.69,1.12,0.4453550974527995,0.43244171142578125,22.76
2018-08-17,1.09,24.13,72.01,0.77,0.4201609293619792,0.42298634847005206,22.77
2018-08-18,2.05,23.83,74.59,0.91,0.4083487192789714,0.4140237172444661,20.12
2018-08-19,1.19,24.51,68.31,0.31,0.40633201599121094,0.40747960408528644,19.02
2018-08-20,0.29,24.66,66.01,0.82,0.3873939514160156,0.40030670166015625,24.62
2018-08-21,0.78,24.83,64.4,1.05,0.3660113016764323,0.3910134633382161,22.13
2018-08-22,4.65,23.85,74.48,0.78,0.3751837412516276,0.3838844299316406,19.1
2018-08-23,8.75,23.23,79.58,0.56,0.4061412811279297,0.3824685414632161,13.69
2018-08-24,1.46,24.02,68.97,0.24,0.42103322347005206,0.39224815368652344,18.05
2018-08-25,1.18,23.75,75.7,0.94,0.4004707336425781,0.3909187316894531,20.34
2018-08-26,9.0,23.21,81.48,0.64,0.40827306111653644,0.38822364807128906,14.15
2018-08-27,3.61,23.69,75.8,0.47,0.43050511678059894,0.39771588643391925,16.23
2018-08-28,1.45,24.58,67.97,0.63,0.41787274678548175,0.4000129699707031,22.07
2018-08-29,2.43,23.68,73.45,0.86,0.4042975107828776,0.3956298828125,19.08
2018-08-30,1.58,23.82,72.54,0.62,0.4000752766927083,0.39165623982747394,20.17
2018-08-31,5.95,23.87,72.73,0.07,0.402926762898763,0.38803990681966144,18.18
2018-09-01,3.57,24.16,73.66,0.51,0.4173730214436849,0.3899389902750651,17.34
2018-09-02,3.41,23.78,75.64,0.95,0.4190222422281901,0.39332326253255206,15.96
2018-09-03,1.36,23.97,72.37,0.98,0.40425745646158856,0.39256922403971356,21.61
2018-09-04,7.92,23.67,76.06,0.29,0.4262250264485677,0.39424578348795575,17.68
2018-09-05,3.65,23.48,73.27,0.09,0.4229749043782552,0.39801661173502606,12.71
2018-09-06,5.77,23.02,75.89,0.4,0.42739423116048175,0.4007250467936198,14.33
2018-09-07,18.37,22.24,83.78,0.41,0.47147496541341144,0.4261760711669922,12.16
2018-09-08,39.83,22.21,81.47,0.59,0.45625877380371094,0.4569174448649089,17.52
2018-09-09,16.02,23.32,73.54,0.07,0.42595863342285156,0.4630686442057292,23.97
2018-09-10,1.3,23.71,74.81,0.34,0.41242027282714844,0.4408105214436849,22.15
2018-09-11,8.82,23.28,84.18,0.67,0.4513327280680339,0.43590354919433594,21.8
2018-09-12,4.65,22.37,87.3,0.5,0.45563697814941406,0.4388853708902995,15.3
2018-09-13,4.46,22.03,88.28,0.88,0.45284144083658856,0.44092877705891925,14.83
2018-09-14,8.25,22.3,85.34,0.22,0.45156288146972656,0.44179725646972656,19.72
2018-09-15,28.25,21.24,86.99,0.34,0.46570078531901044,0.4709065755208333,17.04
2018-09-16,8.35,21.92,88.34,0.51,0.47800954182942706,0.4766184488932292,13.56
2018-09-17,7.08,22.5,84.31,0.57,0.4716561635335286,0.4707756042480469,17.91
2018-09-18,0.33,24.04,71.27,0.41,0.4607855478922526,0.4663016001383464,18.54
2018-09-19,5.65,22.95,84.46,0.74,0.4524987538655599,0.45612462361653644,14.81
2018-09-20,0.59,23.28,80.35,0.41,0.45310084025065106,0.4547882080078125,18.21
2018-09-21,4.73,23.33,80.99,0.53,0.4405078887939453,0.44704627990722656,19.43
2018-09-22,11.45,22.64,88.63,0.74,0.4636923472086589,0.458926518758138,13.97
2018-09-23,17.42,22.14,90.23,0.5,0.46873919169108075,0.46773338317871094,14.05
2018-09-24,6.86,22.74,84.19,0.36,0.4685312906901042,0.46502431233723956,15.5
2018-09-25,10.65,22.42,85.38,0.69,0.4775206247965495,0.46885108947753906,11.92
2018-09-26,6.16,21.97,82.38,0.86,0.4326775868733724,0.4563611348470052,13.22
2018-09-27,6.7,22.28,85.42,0.45,0.4605458577473958,0.4477659861246745,12.94
2018-09-28,5.91,21.64,88.74,0.92,0.4699414571126302,0.4544849395751953,8.27
2018-09-29,19.0,22.51,85.03,0.46,0.4651476542154948,0.46149317423502606,15.4
2018-09-30,55.45,23.23,82.4,0.25,0.4408162434895833,0.4551277160644531,15.28
2018-10-01,4.67,23.17,79.8,0.39,0.4369881947835286,0.4368578592936198,11.01
2018-10-02,2.49,23.27,76.71,0.37,0.4499187469482422,0.4371287027994792,16.28
2018-10-03,8.79,22.72,81.91,0.14,0.44756825764973956,0.43551190694173175,17.0
2018-10-04,13.27,22.14,82.55,0.24,0.4661490122477214,0.4683411916097005,16.25
2018-10-05,15.99,22.48,81.96,0.05,0.44937705993652344,0.46716054280598956,16.96
2018-10-06,20.58,21.77,89.04,0.07,0.474276860555013,0.4736626942952474,14.33
2018-10-07,20.18,22.02,85.89,0.13,0.46575927734375,0.47400665283203125,17.91
2018-10-08,12.02,22.44,85.49,0.09,0.484835942586263,0.4808794657389323,14.11
2018-10-09,5.88,22.54,85.15,0.14,0.47760899861653644,0.479248046875,15.74
2018-10-10,17.97,22.0,87.46,0.07,0.4726403554280599,0.47475751241048175,17.0
2018-10-11,31.12,21.07,91.43,0.31,0.46581459045410156,0.46881357828776044,12.09
2018-10-12,8.02,21.22,87.79,0.55,0.44625600179036456,0.4427070617675781,15.88
2018-10-13,15.35,21.28,89.52,0.07,0.4714202880859375,0.4602254231770833,14.78
2018-10-14,25.63,21.88,88.39,0.45,0.47256724039713544,0.477603276570638,16.07
2018-10-15,55.17,21.91,89.47,0.59,0.46693865458170575,0.4756914774576823,12.76
2018-10-16,14.14,21.77,89.58,0.66,0.4734261830647786,0.47663243611653644,11.67
2018-10-17,1.81,22.16,81.34,0.66,0.4376303354899089,0.45595677693684894,20.13
2018-10-18,3.62,22.29,86.09,0.32,0.43100229899088544,0.4417883555094401,17.75
2018-10-19,12.02,21.75,90.83,0.88,0.4594605763753255,0.44658788045247394,13.71
2018-10-20,8.12,21.53,89.24,1.18,0.4634075164794922,0.46431732177734375,14.54
2018-10-21,5.96,21.52,89.97,0.93,0.4758351643880208,0.47115198771158856,16.27
2018-10-22,18.12,21.21,93.1,0.76,0.4741535186767578,0.4753131866455078,11.15
2018-10-23,7.69,21.97,89.8,0.61,0.4524548848470052,0.4658559163411458,16.1
2018-10-24,4.46,22.23,88.34,0.47,0.4722035725911458,0.4692649841308594,15.52
2018-10-25,0.83,23.09,81.4,0.55,0.456393559773763,0.46442095438639325,21.38
2018-10-26,3.76,22.5,88.66,0.82,0.44723955790201825,0.45478185017903644,15.35
2018-10-27,3.86,23.01,83.48,0.44,0.4580879211425781,0.45267677307128906,19.43
2018-10-28,5.06,22.54,88.05,0.95,0.45729637145996094,0.4515635172526042,16.86
2018-10-29,1.73,22.43,85.69,1.18,0.45277150472005206,0.4512640635172526,19.36
2018-10-30,7.52,22.12,87.67,0.87,0.45379066467285156,0.4472637176513672,17.02
2018-10-31,44.81,22.42,91.41,0.63,0.4646720886230469,0.47297223409016925,10.43
2018-11-01,26.28,22.43,87.81,0.73,0.4611218770345052,0.4705912272135417,15.96
2018-11-02,21.97,22.25,87.96,0.39,0.450466791788737,0.4550031026204427,14.78
2018-11-03,5.91,21.99,82.56,0.72,0.4636993408203125,0.44591013590494794,16.23
2018-11-04,12.95,21.53,86.84,0.59,0.45963160196940106,0.4538930257161458,17.25
2018-11-05,9.09,21.52,88.21,0.18,0.4749946594238281,0.4733295440673828,18.16
2018-11-06,8.51,21.74,89.1,0.07,0.4805380503336589,0.47717920939127606,18.24
2018-11-07,4.21,22.21,83.5,0.45,0.4732062021891276,0.476168950398763,19.94
2018-11-08,4.06,22.68,82.07,0.4,0.46317609151204425,0.46746826171875,17.95
2018-11-09,14.53,22.34,86.91,0.35,0.4655710856119792,0.4687296549479167,14.52
2018-11-10,8.24,22.16,86.2,0.51,0.45366477966308594,0.4613946278889974,14.59
2018-11-11,7.98,22.24,88.17,1.08,0.4743340810139974,0.46792348225911456,18.74
2018-11-12,2.82,22.28,86.73,1.09,0.4660205841064453,0.4694347381591797,18.9
2018-11-13,3.71,22.68,88.09,0.96,0.4639466603597005,0.4638589223225911,16.74
2018-11-14,5.62,22.6,86.23,0.69,0.4612751007080078,0.459713617960612,15.18
2018-11-15,22.99,22.39,88.25,0.19,0.4612344106038411,0.47185834248860675,12.81
2018-11-16,8.62,22.51,88.35,0.71,0.4509296417236328,0.4614295959472656,15.14
2018-11-17,10.38,22.31,89.71,1.07,0.47342999776204425,0.46350669860839844,15.31
2018-11-18,13.91,22.46,89.79,1.16,0.451473871866862,0.46863047281901044,17.74
2018-11-19,11.17,22.29,89.15,1.26,0.4810778299967448,0.47393798828125,16.03
2018-11-20,3.22,22.77,86.29,1.02,0.4695568084716797,0.47472381591796875,17.9
2018-11-21,3.18,22.6,87.62,1.19,0.46060752868652344,0.46692148844401044,16.52
2018-11-22,2.98,22.26,88.17,0.67,0.4595629374186198,0.4611899058024089,16.15
2018-11-23,1.72,22.06,82.26,0.97,0.4521738688151042,0.456302007039388,18.38
2018-11-24,3.75,22.23,78.95,0.55,0.44177881876627606,0.44933001200358075,17.46
2018-11-25,2.22,21.96,85.37,1.06,0.45300928751627606,0.44820213317871094,15.63
2018-11-26,3.69,22.16,85.89,1.22,0.4531269073486328,0.4483267466227214,19.33
2018-11-27,2.93,22.5,84.09,0.91,0.4439137776692708,0.4453226725260417,18.73
2018-11-28,2.11,21.69,82.16,0.54,0.44089190165201825,0.44181251525878906,17.01
2018-11-29,1.78,21.58,86.01,0.95,0.43480364481608075,0.438144048055013,16.5
2018-11-30,1.28,21.27,75.48,1.45,0.4341990152994792,0.4347909291585286,21.7
2018-12-01,0.31,20.88,79.09,1.21,0.4134368896484375,0.42835553487141925,20.42
2018-12-02,0.49,20.82,81.3,1.2,0.40102704366048175,0.42111460367838544,19.39
2018-12-03,0.44,20.53,79.43,1.28,0.3929087320963542,0.41420936584472656,20.76
2018-12-04,2.51,20.21,81.97,1.29,0.3860047658284505,0.407504399617513,19.3
2018-12-05,1.78,20.83,79.74,1.14,0.39237531026204425,0.40297508239746094,19.71
2018-12-06,0.62,21.07,77.49,1.25,0.3891042073567708,0.39882787068684894,20.99
2018-12-07,0.6,20.27,76.82,1.53,0.37441444396972656,0.3935292561848958,21.39
2018-12-08,1.34,20.16,81.17,1.24,0.3647257486979167,0.3879191080729167,19.87
2018-12-09,0.85,21.96,78.93,0.97,0.3616708119710286,0.3832295735677083,20.04
2018-12-10,0.09,21.22,73.59,0.99,0.3502515157063802,0.37822214762369794,21.67
2018-12-11,0.59,21.83,73.92,0.75,0.3373069763183594,0.37265650431315106,20.37
2018-12-12,2.99,22.29,80.15,1.04,0.3441365559895833,0.368133544921875,17.17
2018-12-13,21.83,22.11,87.25,1.22,0.4313526153564453,0.38164710998535156,13.23
2018-12-14,7.27,21.94,83.18,1.01,0.4586162567138672,0.4247150421142578,17.54
2018-12-15,0.7,22.54,74.87,0.95,0.43390464782714844,0.4268563588460286,20.39
2018-12-16,0.42,20.94,79.07,1.31,0.41358502705891925,0.4198811848958333,20.23
2018-12-17,0.69,20.95,77.97,1.0,0.3976917266845703,0.41206932067871094,21.24
2018-12-18,1.83,22.34,74.8,0.78,0.392666498819987,0.4050782521565755,19.21
2018-12-19,1.69,21.93,77.92,0.88,0.39145151774088544,0.3998451232910156,16.53
2018-12-20,1.05,23.3,70.97,0.46,0.38634999593098956,0.3953774770100911,18.43
2018-12-21,1.04,23.36,70.8,0.34,0.37852923075358075,0.390469233194987,18.0
2018-12-22,0.68,22.13,68.4,1.51,0.37394142150878906,0.3854974110921224,20.95
2018-12-23,0.24,20.26,72.66,1.54,0.3553613026936849,0.3793780008951823,21.28
2018-12-24,0.4,20.45,73.33,1.55,0.3412342071533203,0.37303733825683594,21.9
2018-12-25,0.72,20.78,75.87,1.37,0.32938575744628906,0.36681238810221356,21.7
2018-12-26,1.19,20.23,80.12,1.65,0.3262748718261719,0.36151758829752606,16.02
2018-12-27,0.98,19.75,77.35,1.59,0.32617823282877606,0.3573220570882161,20.42
2018-12-28,1.05,19.76,77.51,1.54,0.31801287333170575,0.3526471455891927,19.39
2018-12-29,0.58,20.72,72.63,1.69,0.3163318634033203,0.3482888539632161,21.81
2018-12-30,1.32,20.13,72.49,1.69,0.3042519887288411,0.3433074951171875,22.2
2018-12-31,1.14,20.4,73.61,1.69,0.30536142985026044,0.33885447184244794,22.15
2019-01-01,0.01,20.03,70.5,1.82,0.2952264149983724,0.33448537190755206,22.17
2019-01-02,0.02,19.58,69.85,1.63,0.281246821085612,0.32983144124348956,21.55
2019-01-03,0.17,21.2,66.82,0.99,0.2700602213541667,0.32529131571451825,21.78
2019-01-04,0.58,22.8,69.05,1.05,0.2615044911702474,0.3207906087239583,21.98
2019-01-05,0.95,23.23,68.82,0.96,0.2578086853027344,0.3167165120442708,22.1
2019-01-06,2.63,22.08,78.08,0.93,0.2630411783854167,0.3134880065917969,16.57
2019-01-07,10.23,22.59,78.69,0.92,0.29403050740559894,0.3117135365804036,17.5
2019-01-08,7.39,21.73,80.28,1.24,0.3881492614746094,0.31405194600423175,18.6
2019-01-09,9.75,21.28,80.3,0.84,0.41142908732096356,0.32399940490722656,16.99
2019-01-10,14.0,21.37,77.54,0.47,0.4303429921468099,0.34821001688639325,16.87
2019-01-11,12.02,20.45,85.49,0.76,0.43322308858235675,0.40165265401204425,15.46
2019-01-12,9.34,20.45,84.02,1.27,0.4635772705078125,0.42389869689941406,13.12
2019-01-13,8.91,20.17,84.16,1.48,0.4617633819580078,0.4344399770100911,13.22
2019-01-14,3.5,20.19,79.78,1.39,0.45609156290690106,0.4387105305989583,13.79
2019-01-15,3.95,20.24,79.17,1.27,0.44230206807454425,0.4310894012451172,18.89
2019-01-16,1.42,20.66,79.03,1.28,0.4383125305175781,0.4271539052327474,19.05
2019-01-17,5.2,21.08,83.89,1.52,0.4381885528564453,0.4229596455891927,16.39
2019-01-18,4.18,21.15,84.43,1.63,0.4439506530761719,0.4254932403564453,18.48
2019-01-19,1.33,21.65,79.48,1.41,0.4278310139973958,0.4216562906901042,20.53
2019-01-20,1.12,22.24,75.0,0.97,0.4095923105875651,0.41388511657714844,20.94
2019-01-21,3.27,21.64,80.2,1.69,0.4066626230875651,0.406918207804362,18.4
2019-01-22,0.1,20.09,77.76,1.72,0.40357716878255206,0.4023081461588542,20.46
2019-01-23,1.95,19.87,78.24,1.85,0.3878733317057292,0.3960978190104167,18.87
2019-01-24,1.67,21.57,74.96,0.85,0.3892402648925781,0.39107195536295575,20.94
2019-01-25,1.49,23.28,72.41,0.93,0.379486083984375,0.3860925038655599,21.83
2019-01-26,1.26,22.31,79.21,1.15,0.3724873860677083,0.3811206817626953,20.36
2019-01-27,1.97,23.06,74.49,0.55,0.37154579162597656,0.3765856424967448,21.67
2019-01-28,2.07,24.17,69.35,0.48,0.3650499979654948,0.3723939259847005,20.22
2019-01-29,0.56,23.11,73.9,0.86,0.3628660837809245,0.3684393564860026,21.52
2019-01-30,2.73,21.38,82.92,1.29,0.3603324890136719,0.36440277099609375,15.76
2019-01-31,3.82,20.8,80.77,1.46,0.36831092834472656,0.36197662353515625,19.01
2019-02-01,0.8,21.45,75.06,1.24,0.37522633870442706,0.36008135477701825,22.25
2019-02-02,0.41,22.03,73.77,1.12,0.3560282389322917,0.3565788269042969,22.94
2019-02-03,0.64,21.4,72.58,1.1,0.33903757731119794,0.35202980041503906,23.71
2019-02-04,1.46,21.71,74.07,1.01,0.3290882110595703,0.3474814097086589,22.36
2019-02-05,0.87,22.36,74.03,1.23,0.32373936971028644,0.3434899648030599,22.74
2019-02-06,0.4,21.27,75.61,1.51,0.3142967224121094,0.3391958872477214,22.43
2019-02-07,1.19,21.25,77.7,1.69,0.3049297332763672,0.3348573048909505,20.61
2019-02-08,1.46,20.81,73.79,1.77,0.3011188507080078,0.3309866587320964,23.26
2019-02-09,6.96,20.3,79.91,1.89,0.3139177958170573,0.32751909891764325,18.17
2019-02-10,1.52,20.27,72.58,1.91,0.3566996256510417,0.3266448974609375,22.65
2019-02-11,2.77,20.27,73.57,1.57,0.3445485432942708,0.32480812072753906,21.05
2019-02-12,2.74,21.57,76.78,1.27,0.35280609130859375,0.3237953186035156,19.54
2019-02-13,1.12,23.29,73.53,0.53,0.3506914774576823,0.3230673472086589,21.39
2019-02-14,0.58,24.45,70.9,0.38,0.3373406728108724,0.3211504618326823,20.94
2019-02-15,1.84,24.49,68.9,0.4,0.3247699737548828,0.31866709391276044,20.82
2019-02-16,1.92,23.95,73.68,0.53,0.33112462361653644,0.3165473937988281,20.24
2019-02-17,1.29,24.45,70.12,1.08,0.3219292958577474,0.3143819173177083,22.04
2019-02-18,1.79,22.67,73.55,1.66,0.31960487365722656,0.31176122029622394,20.44
2019-02-19,3.37,21.79,77.2,1.42,0.32393964131673175,0.30983606974283856,19.11
2019-02-20,6.87,21.71,81.19,1.28,0.3604227701822917,0.3096733093261719,14.08
2019-02-21,2.44,22.06,77.08,1.4,0.37336158752441406,0.3128948211669922,17.56
2019-02-22,4.32,21.8,77.72,1.49,0.3685963948567708,0.31475067138671875,16.88
2019-02-23,2.59,21.91,75.54,1.54,0.3822867075602214,0.3184210459391276,22.18
2019-02-24,0.05,21.6,64.26,1.62,0.3577423095703125,0.3191998799641927,24.81
2019-02-25,0.28,20.67,70.88,2.01,0.3288930257161458,0.31647682189941406,23.98
2019-02-26,2.37,20.84,73.84,2.09,0.31255849202473956,0.31340281168619794,23.28
2019-02-27,6.39,20.87,79.13,1.62,0.34956995646158856,0.3116842905680339,19.68
2019-02-28,7.9,22.63,70.65,0.85,0.3672059377034505,0.31246693929036456,22.06
2019-03-01,6.95,23.36,75.16,0.77,0.4083875020345052,0.322689692179362,18.34
2019-03-02,15.74,22.43,80.64,0.95,0.42325909932454425,0.3709837595621745,14.27
2019-03-03,4.99,22.48,77.06,0.93,0.4185021718343099,0.382568359375,16.03
2019-03-04,2.15,22.99,76.06,0.77,0.42310333251953125,0.38588205973307294,18.56
2019-03-05,5.17,22.66,77.45,1.28,0.4173895517985026,0.385650634765625,19.42
2019-03-06,8.12,21.55,84.63,1.53,0.43215688069661456,0.3898658752441406,13.12
2019-03-07,12.55,21.53,82.56,1.81,0.45325152079264325,0.4091504414876302,15.96
2019-03-08,14.96,21.31,83.45,1.73,0.46029218037923175,0.4289429982503255,16.07
2019-03-09,16.32,22.43,80.38,1.47,0.44911448160807294,0.4236380259195964,20.69
2019-03-10,8.54,22.55,81.47,1.42,0.4613488515218099,0.4388631184895833,18.02
2019-03-11,6.65,22.1,79.0,1.84,0.4580211639404297,0.43942705790201825,19.03
2019-03-12,10.44,21.77,81.61,1.93,0.46581395467122394,0.4445597330729167,18.13
2019-03-13,5.2,21.17,81.47,1.45,0.4557183583577474,0.4421380360921224,18.83
2019-03-14,9.8,21.68,85.02,1.39,0.462313969930013,0.4420909881591797,16.48
2019-03-15,21.82,22.12,87.66,1.24,0.454654057820638,0.44537798563639325,14.27
2019-03-16,6.63,22.04,78.92,1.59,0.434811274210612,0.44548670450846356,20.94
2019-03-17,2.87,22.18,79.54,1.65,0.43889935811360675,0.4374256134033203,22.6
2019-03-18,8.02,22.76,82.16,1.43,0.45308367411295575,0.43619537353515625,21.03
2019-03-19,16.65,22.74,83.02,0.98,0.46524683634440106,0.44744618733723956,15.49
2019-03-20,12.26,23.53,77.73,0.44,0.4328734079996745,0.4457867940266927,19.03
2019-03-21,14.3,22.8,81.12,0.98,0.45810381571451825,0.4593677520751953,18.42
2019-03-22,12.05,22.04,84.86,1.01,0.47141138712565106,0.457916259765625,17.28
2019-03-23,19.06,22.09,86.62,1.14,0.43960316975911456,0.4370594024658203,17.44
2019-03-24,9.92,22.49,81.67,1.29,0.448086420694987,0.45371373494466144,18.06
2019-03-25,17.59,22.91,77.42,1.06,0.4649098714192708,0.4566796620686849,18.03
2019-03-26,5.85,23.25,75.87,0.93,0.4254233042399089,0.450924555460612,17.84
2019-03-27,3.54,23.0,76.08,1.2,0.44367090861002606,0.438229242960612,23.48
2019-03-28,9.22,23.46,76.76,0.87,0.44303639729817706,0.4328543345133464,21.27
2019-03-29,12.34,22.92,83.69,0.77,0.46801312764485675,0.4548346201578776,17.7
2019-03-30,32.2,22.43,87.58,0.62,0.4676361083984375,0.470184326171875,18.27
2019-03-31,16.76,23.29,85.53,0.76,0.47114308675130206,0.47548993428548175,15.68
2019-04-01,23.74,23.18,88.63,1.03,0.4790484110514323,0.46090062459309894,15.16
2019-04-02,7.51,22.94,77.75,1.7,0.4743029276529948,0.4795939127604167,21.59
2019-04-03,0.94,21.16,75.59,1.87,0.4460856119791667,0.4592094421386719,22.3
2019-04-04,9.21,21.14,79.74,1.65,0.44820531209309894,0.44591331481933594,21.48
2019-04-05,7.0,21.61,82.76,1.38,0.4702491760253906,0.45705922444661456,18.08
2019-04-06,3.46,22.4,74.37,1.03,0.45395469665527344,0.4545745849609375,24.96
2019-04-07,8.74,22.99,76.85,1.06,0.4517637888590495,0.4491221110026042,23.3
2019-04-08,8.5,22.72,82.31,1.15,0.45851389567057294,0.4610284169514974,17.56
2019-04-09,2.09,23.9,74.42,0.43,0.4580535888671875,0.46059226989746094,22.44
2019-04-10,7.36,23.54,77.76,0.09,0.4506085713704427,0.4526011149088542,19.49
2019-04-11,9.49,23.33,77.86,0.2,0.46280161539713544,0.46587498982747394,19.32
2019-04-12,5.43,23.8,78.4,1.07,0.4683386484781901,0.4638048807779948,18.77
2019-04-13,3.0,23.5,77.81,1.12,0.4567089080810547,0.4596900939941406,23.45
2019-04-14,16.06,23.84,83.59,0.91,0.463375727335612,0.45871925354003906,18.22
2019-04-15,16.43,23.1,84.82,0.94,0.4316291809082031,0.4591992696126302,18.67
2019-04-16,21.3,22.77,87.23,1.45,0.4604593912760417,0.4510809580485026,15.64
2019-04-17,19.79,22.34,86.89,1.48,0.4751669565836589,0.4503491719563802,15.36
2019-04-18,19.36,22.04,88.63,1.38,0.4780050913492839,0.474392573038737,12.9
2019-04-19,12.51,22.55,85.86,0.96,0.4634869893391927,0.44368934631347656,15.64
2019-04-20,14.01,22.78,86.5,0.55,0.4684435526529948,0.46575164794921875,12.18
2019-04-21,20.08,22.01,90.32,1.14,0.46170934041341144,0.46863746643066406,13.15
2019-04-22,53.6,21.5,92.34,1.04,0.47089576721191406,0.47248586018880206,10.92
2019-04-23,18.86,21.81,88.92,0.77,0.4449939727783203,0.4668718973795573,13.95
2019-04-24,9.29,22.08,87.85,0.58,0.4337380727132161,0.46707789103190106,19.19
2019-04-25,2.81,22.72,87.13,0.71,0.441378911336263,0.4519081115722656,16.69
2019-04-26,7.07,23.47,86.46,0.79,0.4568494160970052,0.4477246602376302,15.75
2019-04-27,14.9,23.92,86.45,0.63,0.4789498647054036,0.46468162536621094,20.33
2019-04-28,10.43,23.48,84.45,0.85,0.44460487365722656,0.46123313903808594,19.12
2019-04-29,28.68,23.16,86.44,0.95,0.47072474161783856,0.4655418395996094,18.53
2019-04-30,15.35,23.71,78.93,0.51,0.4419606526692708,0.4676431020100911,22.04
2019-05-01,12.7,23.85,81.01,0.91,0.45956865946451825,0.4603767395019531,20.25
2019-05-02,3.63,23.03,79.39,1.0,0.45879173278808594,0.4712842305501302,23.08
2019-05-03,2.0,23.42,77.87,1.0,0.4560890197753906,0.46163177490234375,22.45
2019-05-04,7.65,23.48,83.52,1.01,0.4589316050211589,0.4557120005289714,18.61
2019-05-05,2.4,24.17,76.8,0.78,0.46111806233723956,0.460415522257487,17.55
2019-05-06,1.51,24.49,78.18,0.45,0.44266827901204425,0.4524618784586589,20.11
2019-05-07,9.42,24.64,83.18,0.62,0.4531669616699219,0.4470558166503906,17.15
2019-05-08,20.74,23.22,89.55,0.32,0.44243303934733075,0.45635096232096356,11.41
2019-05-09,25.2,22.4,91.54,0.35,0.4607289632161458,0.4780343373616536,6.67
2019-05-10,16.78,22.61,89.41,0.05,0.4714781443277995,0.4753405253092448,10.09
2019-05-11,10.52,22.47,88.47,0.56,0.44926198323567706,0.4417285919189453,12.39
2019-05-12,13.87,23.33,82.03,0.57,0.4686565399169922,0.4701251983642578,16.88
2019-05-13,11.03,23.3,86.25,0.41,0.4631646474202474,0.4687824249267578,16.16
2019-05-14,8.51,23.91,84.67,0.06,0.43994585673014325,0.4574820200602214,17.53
2019-05-15,3.83,23.92,82.24,0.07,0.4659646352132161,0.4600404103597005,21.01
2019-05-16,19.18,24.08,83.21,0.44,0.45367876688639325,0.45703125,19.72
2019-05-17,13.81,23.71,85.6,0.26,0.45589764912923175,0.46795908610026044,20.01
2019-05-18,20.94,22.48,91.94,0.61,0.4749520619710286,0.4753379821777344,11.79
2019-05-19,52.92,21.98,91.61,0.04,0.4697583516438802,0.4645977020263672,7.18
2019-05-20,18.27,22.58,87.04,0.08,0.47023646036783856,0.4706535339355469,15.82
2019-05-21,14.74,22.99,86.1,0.23,0.4656562805175781,0.47013409932454425,13.04
2019-05-22,5.11,23.72,80.74,0.37,0.4723669687906901,0.4754772186279297,17.78
2019-05-23,22.78,22.88,87.99,0.31,0.457943598429362,0.46958160400390625,12.71
2019-05-24,8.02,22.73,87.12,0.16,0.47624460856119794,0.4770577748616536,12.69
2019-05-25,12.73,22.53,88.74,0.41,0.4726428985595703,0.47791290283203125,12.84
2019-05-26,7.23,22.71,87.17,0.17,0.4465656280517578,0.4626808166503906,11.41
2019-05-27,11.78,22.82,87.01,0.14,0.4811789194742839,0.4725189208984375,12.46
2019-05-28,13.54,22.67,87.99,0.31,0.4462089538574219,0.46874364217122394,13.66
2019-05-29,8.98,22.63,86.86,0.09,0.47681109110514325,0.46816126505533856,14.3
2019-05-30,17.6,22.07,90.03,0.06,0.4886118570963542,0.48427391052246094,9.14
2019-05-31,15.78,21.91,88.58,0.1,0.47850926717122394,0.48412005106608075,12.73
2019-06-01,24.32,22.06,91.41,0.44,0.4716987609863281,0.4773597717285156,15.54
2019-06-02,22.17,21.94,88.98,0.13,0.44083277384440106,0.4545847574869792,13.94
2019-06-03,26.07,23.37,80.03,0.09,0.42380332946777344,0.4449513753255208,19.25
2019-06-04,9.0,23.74,84.93,0.57,0.4398517608642578,0.430355707804362,19.39
2019-06-05,3.9,23.99,82.23,0.39,0.45589637756347656,0.4359213511149089,15.88
2019-06-06,1.61,23.7,80.48,0.17,0.44737688700358075,0.43817901611328125,11.23
2019-06-07,4.41,22.87,86.36,0.5,0.4449272155761719,0.43673261006673175,9.95
2019-06-08,2.11,23.01,83.08,0.41,0.450592041015625,0.4393412272135417,15.22
2019-06-09,5.58,23.53,82.94,0.51,0.44710413614908856,0.43784205118815106,16.93
2019-06-10,4.3,22.92,84.16,0.77,0.4599469502766927,0.44425201416015625,14.71
2019-06-11,4.05,22.9,84.87,0.41,0.45143572489420575,0.44440778096516925,13.08
2019-06-12,0.48,22.86,75.88,0.83,0.44649187723795575,0.4434954325358073,22.6
2019-06-13,1.37,23.13,83.74,0.91,0.42377471923828125,0.43487803141276044,20.98
2019-06-14,1.02,23.4,81.27,0.85,0.4148858388264974,0.42661158243815106,22.8
2019-06-15,1.71,23.43,82.8,0.87,0.4053497314453125,0.41863123575846356,22.39
2019-06-16,0.67,23.44,78.23,0.85,0.3971678415934245,0.4113477071126302,22.7
2019-06-17,4.79,23.72,82.41,1.0,0.3937530517578125,0.40411631266276044,21.44
2019-06-18,4.42,23.87,84.29,1.16,0.4167060852050781,0.40113194783528644,17.99
2019-06-19,6.9,23.26,84.54,1.24,0.44169171651204425,0.4067529042561849,14.98
2019-06-20,9.04,23.02,87.66,0.79,0.4485626220703125,0.4157797495524089,14.07
2019-06-21,5.27,24.28,81.05,0.7,0.45919164021809894,0.4331347147623698,15.91
2019-06-22,0.33,23.82,75.07,1.23,0.44388262430826825,0.43621063232421875,18.85
2019-06-23,8.15,23.07,81.41,1.11,0.4288476308186849,0.4288768768310547,19.77
2019-06-24,12.21,23.66,83.87,0.39,0.4685688018798828,0.44314130147298175,9.71
2019-06-25,9.52,23.03,82.76,0.77,0.44776026407877606,0.44820721944173175,16.57
2019-06-26,0.22,22.76,78.94,1.35,0.44548797607421875,0.4456125895182292,21.53
2019-06-27,0.45,22.93,70.43,1.38,0.42019017537434894,0.4351520538330078,22.25
2019-06-28,1.01,22.77,75.98,0.77,0.4062245686848958,0.4246940612792969,22.18
2019-06-29,6.91,23.93,76.36,1.06,0.42253557840983075,0.41738446553548175,20.17
2019-06-30,1.26,23.26,76.3,1.22,0.43282508850097656,0.41769854227701825,19.02
2019-07-01,1.67,22.39,81.44,1.29,0.41042455037434894,0.4134451548258464,18.14
2019-07-02,2.47,22.88,77.98,0.83,0.41243934631347656,0.4089501698811849,15.96
2019-07-03,0.8,22.95,70.62,1.22,0.4052562713623047,0.40488942464192706,22.43
2019-07-04,1.08,22.3,73.42,1.35,0.38433074951171875,0.3980846405029297,23.44
2019-07-05,2.26,23.53,75.13,0.71,0.382504145304362,0.3914572397867839,21.67
2019-07-06,3.44,23.76,79.22,0.52,0.3806203206380208,0.38637733459472656,17.01
2019-07-07,5.96,23.61,80.74,0.8,0.3963267008463542,0.38350995381673175,19.35
2019-07-08,3.98,23.83,75.56,0.13,0.4235674540201823,0.3875509897867839,19.26
2019-07-09,3.3,23.13,76.55,0.3,0.42878468831380206,0.3928750356038411,12.24
2019-07-10,4.22,23.5,76.01,0.54,0.4169782002766927,0.3952128092447917,18.37
2019-07-11,1.32,22.83,75.8,1.26,0.42084312438964844,0.397003173828125,21.02
2019-07-12,1.8,22.53,78.7,0.95,0.39904530843098956,0.3937327067057292,21.25
2019-07-13,1.99,22.92,78.45,1.0,0.39053599039713544,0.3891582489013672,20.61
2019-07-14,4.59,23.09,79.86,0.95,0.3978443145751953,0.3854777018229167,17.57
2019-07-15,1.1,22.7,76.97,1.22,0.4011268615722656,0.38448842366536456,21.25
2019-07-16,3.44,23.62,71.12,0.33,0.3858235677083333,0.3807303110758464,21.94
2019-07-17,9.13,22.35,84.01,1.16,0.4221382141113281,0.38172658284505206,15.68
2019-07-18,16.34,23.33,80.79,0.92,0.45245107014973956,0.4140173594156901,21.48
2019-07-19,2.9,24.89,71.05,0.58,0.4337959289550781,0.4293479919433594,20.21
2019-07-20,1.1,24.03,70.15,1.08,0.4268563588460286,0.4206930796305339,21.42
2019-07-21,0.72,24.38,65.0,1.15,0.4051024119059245,0.41142908732096356,25.41
2019-07-22,2.47,24.1,71.69,0.79,0.39594459533691406,0.40207163492838544,24.33
2019-07-23,0.74,24.74,67.38,0.35,0.3853162129720052,0.39484914143880206,17.1
2019-07-24,2.12,24.62,61.39,0.53,0.37375831604003906,0.38849830627441406,17.64
2019-07-25,4.7,22.74,76.49,1.38,0.39986737569173175,0.3843860626220703,18.17
2019-07-26,3.18,23.38,72.26,1.1,0.41013336181640625,0.3849334716796875,19.16
2019-07-27,0.34,24.28,64.94,1.26,0.38734181722005206,0.3824685414632161,21.92
2019-07-28,1.28,23.71,65.37,1.45,0.3626244862874349,0.37600072224934894,23.36
2019-07-29,5.88,23.44,76.17,0.83,0.3757953643798828,0.3703931172688802,19.14
2019-07-30,5.4,24.08,77.58,0.31,0.4195849100748698,0.37384986877441406,18.68
2019-07-31,1.42,24.66,70.35,0.13,0.4002113342285156,0.37575213114420575,20.57
2019-08-01,2.65,24.84,69.7,0.1,0.38898785909016925,0.3730061848958333,17.67
2019-08-02,1.2,24.39,71.51,0.69,0.38662083943684894,0.3706398010253906,21.1
2019-08-03,0.6,24.46,71.08,0.55,0.36722056070963544,0.36635398864746094,20.84
2019-08-04,0.74,24.44,68.61,0.44,0.3502025604248047,0.36127662658691406,18.7
2019-08-05,0.92,24.52,72.61,0.48,0.3417975107828776,0.356594721476237,17.42
2019-08-06,13.51,24.16,73.66,0.31,0.36897850036621094,0.3537178039550781,15.6
2019-08-07,6.12,24.2,70.99,0.32,0.4323190053304036,0.37032000223795575,18.21
2019-08-08,1.69,24.56,69.98,0.27,0.42285919189453125,0.379421869913737,21.64
2019-08-09,0.37,24.95,65.83,0.35,0.392117182413737,0.3778228759765625,20.49
2019-08-10,0.58,25.29,66.82,0.81,0.3694877624511719,0.3724129994710286,21.43
2019-08-11,1.02,24.25,74.84,0.78,0.35302988688151044,0.36621665954589844,21.97
2019-08-12,2.44,24.98,73.86,0.55,0.3472817738850911,0.3606281280517578,19.51
2019-08-13,0.78,25.61,67.25,0.72,0.3455804189046224,0.3561013539632161,21.26
2019-08-14,3.66,24.36,77.49,0.59,0.3449363708496094,0.35149383544921875,15.43
2019-08-15,6.12,23.72,74.95,0.48,0.3656578063964844,0.34958775838216144,15.15
2019-08-16,22.96,21.81,82.49,0.23,0.45917320251464844,0.37970415751139325,7.93
2019-08-17,2.8,22.47,74.89,0.58,0.4499899546305339,0.4216391245524089,16.62
2019-08-18,12.65,22.61,84.6,0.64,0.4466870625813802,0.42246437072753906,14.76
2019-08-19,1.84,24.2,72.02,0.33,0.4427045186360677,0.4388529459635417,21.47
2019-08-20,0.23,24.52,70.23,0.3,0.41697120666503906,0.4247900644938151,21.19
2019-08-21,0.25,24.62,68.61,0.75,0.3966375986735026,0.4130147298177083,23.84
2019-08-22,1.09,24.66,70.73,0.68,0.3794625600179036,0.4020531972249349,21.8
2019-08-23,6.51,24.32,76.81,0.57,0.38732020060221356,0.3945166269938151,17.16
2019-08-24,0.85,25.14,66.44,0.15,0.40711085001627606,0.3933887481689453,19.67
2019-08-25,1.09,25.06,64.14,0.36,0.3887933095296224,0.3886089324951172,21.92
2019-08-26,2.35,24.91,68.89,0.72,0.37729835510253906,0.3826071421305339,20.5
2019-08-27,1.92,24.26,72.07,1.08,0.3753515879313151,0.37772878011067706,20.47
2019-08-28,26.27,23.97,77.91,0.92,0.44339434305826825,0.4032713572184245,18.44
2019-08-29,4.62,24.84,68.49,0.23,0.44046465555826825,0.43267567952473956,18.59
2019-08-30,0.3,25.84,59.93,0.1,0.42831675211588544,0.4224554697672526,23.57
2019-08-31,0.14,26.18,57.63,0.51,0.39909998575846356,0.4107685089111328,22.75
2019-09-01,0.44,25.81,57.38,0.29,0.3783957163492839,0.3996664683024089,22.64
2019-09-02,8.98,24.39,73.52,0.39,0.38450177510579425,0.39107513427734375,19.71
2019-09-03,3.42,24.84,67.27,0.14,0.421230951944987,0.3939075469970703,18.63
2019-09-04,0.09,25.56,61.62,0.51,0.408233642578125,0.3942724863688151,21.69
2019-09-05,3.99,23.93,76.18,0.78,0.38807932535807294,0.38861974080403644,16.71
2019-09-06,6.22,24.14,75.35,0.34,0.4226703643798828,0.38963063557942706,18.9
2019-09-07,6.51,25.43,63.22,0.18,0.4218514760335286,0.39262962341308594,21.56
2019-09-08,5.22,25.77,62.48,0.25,0.4302164713541667,0.3996868133544922,20.35
2019-09-09,0.9,25.81,62.72,0.43,0.41990407307942706,0.40305646260579425,21.38
2019-09-10,0.44,25.72,63.48,0.8,0.3941504160563151,0.39645830790201825,21.73
2019-09-11,0.33,25.85,65.8,0.83,0.3742319742838542,0.3881060282389323,22.71
2019-09-12,4.09,25.69,66.85,0.41,0.3663787841796875,0.38012440999348956,17.6
2019-09-13,0.61,25.16,70.17,0.3,0.3791453043619792,0.37647374471028644,17.52
2019-09-14,0.41,25.6,63.28,0.39,0.3626015981038411,0.371578852335612,19.22
2019-09-15,1.09,25.67,64.16,0.51,0.35045750935872394,0.36573155721028644,21.37
2019-09-16,0.29,25.53,63.44,0.54,0.3357232411702474,0.35966237386067706,20.43
2019-09-17,3.82,24.13,74.04,0.41,0.3326333363850911,0.35400390625,18.4
2019-09-18,34.21,22.35,87.75,0.38,0.4144776662190755,0.3671913146972656,13.35
2019-09-19,24.54,21.24,89.63,1.01,0.4662005106608073,0.4516531626383464,10.46
2019-09-20,3.51,21.62,85.67,0.31,0.4634691874186198,0.45315806070963544,8.84
2019-09-21,6.51,21.98,88.92,0.34,0.46326446533203125,0.45013872782389325,13.92
2019-09-22,15.48,22.42,89.74,0.5,0.46450169881184894,0.4562562306722005,16.51
2019-09-23,7.91,22.22,84.03,0.32,0.45985984802246094,0.4564501444498698,16.95
2019-09-24,19.17,22.19,86.51,0.36,0.4725799560546875,0.4705740610758464,16.89
2019-09-25,7.81,22.75,82.03,0.13,0.4537671407063802,0.4606647491455078,16.06
2019-09-26,5.4,22.48,80.53,0.38,0.4699249267578125,0.4626299540201823,16.97
2019-09-27,3.12,23.52,77.57,0.48,0.4593079884847005,0.459286371866862,18.53
2019-09-28,0.62,24.36,71.66,0.89,0.4477793375651042,0.45222028096516925,23.26
2019-09-29,0.63,23.25,77.5,1.15,0.42747243245442706,0.441586176554362,23.46
2019-09-30,0.71,23.3,76.76,0.69,0.4122079213460286,0.43118921915690106,19.51
2019-10-01,3.49,23.13,81.69,0.39,0.4074503580729167,0.4228858947753906,16.41
2019-10-02,14.22,22.94,87.21,0.58,0.4542662302652995,0.4257424672444661,18.26
2019-10-03,3.37,23.25,79.42,0.7,0.46187591552734375,0.45249048868815106,21.54
2019-10-04,0.41,23.62,72.76,0.1,0.4334888458251953,0.4439309438069661,20.2
2019-10-05,1.97,23.61,77.95,0.6,0.42450841267903644,0.4345823923746745,19.84
2019-10-06,0.95,23.71,75.23,0.22,0.4153868357340495,0.4272327423095703,20.43
2019-10-07,1.12,23.44,75.49,0.64,0.40548451741536456,0.4197241465250651,21.35
2019-10-08,2.79,23.3,78.25,0.41,0.3975696563720703,0.41257985432942706,18.85
2019-10-09,9.71,22.69,81.36,0.18,0.41347630818684894,0.41044362386067706,15.67
2019-10-10,7.73,22.03,87.74,0.15,0.43683815002441406,0.4312553405761719,11.41
2019-10-11,8.06,22.3,85.13,0.33,0.46022288004557294,0.4403832753499349,13.57
2019-10-12,9.94,22.15,84.17,0.3,0.459625244140625,0.4516792297363281,11.18
2019-10-13,6.21,23.0,80.12,0.17,0.43006261189778644,0.441500981648763,13.5
2019-10-14,1.96,22.77,77.26,0.11,0.4517250061035156,0.4418474833170573,19.59
2019-10-15,4.33,22.69,80.76,0.94,0.43857447306315106,0.4373982747395833,20.8
2019-10-16,6.06,23.15,77.12,0.22,0.44547780354817706,0.4353516896565755,17.42
2019-10-17,7.91,22.72,80.95,0.42,0.46226946512858075,0.44591522216796875,16.71
2019-10-18,9.22,22.82,80.27,0.5,0.47012583414713544,0.45680999755859375,14.9
2019-10-19,5.44,22.67,77.99,0.55,0.4624290466308594,0.4578412373860677,15.46
2019-10-20,2.16,23.1,73.37,0.17,0.45736440022786456,0.4559059143066406,18.62
2019-10-21,8.63,22.66,83.27,0.2,0.4589576721191406,0.4507331848144531,16.12
2019-10-22,11.45,22.04,86.56,0.23,0.456515630086263,0.4562371571858724,15.59
2019-10-23,6.37,22.23,80.6,0.16,0.440945307413737,0.44730567932128906,20.14
2019-10-24,3.35,22.47,79.49,0.17,0.46120961507161456,0.449588139851888,12.73
2019-10-25,1.14,23.34,75.93,0.12,0.44319915771484375,0.4454975128173828,16.21
2019-10-26,4.64,23.21,79.54,0.16,0.44065221150716144,0.4385795593261719,16.37
2019-10-27,7.23,22.81,85.83,0.83,0.4588419596354167,0.4402974446614583,17.19
2019-10-28,9.14,22.89,86.3,0.79,0.46575355529785156,0.44974835713704425,17.15
2019-10-29,9.65,22.84,83.63,0.73,0.43321482340494794,0.4506104787190755,17.18
2019-10-30,1.82,23.01,80.43,0.79,0.43609873453776044,0.43956883748372394,17.19
2019-10-31,1.69,23.19,80.51,0.85,0.43078041076660156,0.4327780405680339,17.88
2019-11-01,5.03,22.9,82.11,0.71,0.43622779846191406,0.42809422810872394,18.33
2019-11-02,9.81,22.49,87.12,0.63,0.4638773600260417,0.4358367919921875,16.35
2019-11-03,9.93,22.63,86.53,0.81,0.4675788879394531,0.4482542673746745,16.55
2019-11-04,9.63,22.38,87.25,0.99,0.4760945638020833,0.4651610056559245,15.14
2019-11-05,7.19,22.44,82.15,1.22,0.47382672627766925,0.47278467814127606,14.59
2019-11-06,2.65,22.48,79.83,1.37,0.45570945739746094,0.4618612925211589,19.23
2019-11-07,6.05,22.72,84.38,1.06,0.4520486195882161,0.4528878529866536,16.72
2019-11-08,6.53,22.73,82.83,1.21,0.4678548177083333,0.46100934346516925,17.34
2019-11-09,4.74,23.28,83.04,0.61,0.4625701904296875,0.4601014455159505,14.75
2019-11-10,3.82,23.28,84.2,0.57,0.45416895548502606,0.4556407928466797,14.27
2019-11-11,1.89,23.11,81.95,0.9,0.4497241973876953,0.451202392578125,15.79
2019-11-12,7.92,22.68,83.75,0.75,0.4572347005208333,0.4484488169352214,10.43
2019-11-13,12.53,22.68,84.6,0.18,0.4781837463378906,0.4637432098388672,16.0
2019-11-14,14.94,22.65,86.39,0.39,0.4510275522867839,0.46511077880859375,15.85
2019-11-15,4.75,22.39,85.25,0.53,0.4585882822672526,0.4510669708251953,17.56
2019-11-16,7.15,22.53,82.98,0.6,0.4647420247395833,0.4503122965494792,19.17
2019-11-17,9.02,22.05,81.44,0.19,0.4738483428955078,0.4587745666503906,19.39
2019-11-18,3.58,21.79,87.37,0.46,0.4630025227864583,0.45920372009277344,15.29
2019-11-19,5.63,21.9,85.82,0.36,0.46322377522786456,0.45584678649902344,16.46
2019-11-20,1.88,22.29,82.59,0.51,0.45907338460286456,0.4561608632405599,18.0
2019-11-21,4.18,21.88,83.51,0.59,0.4559275309244792,0.45188013712565106,18.88
2019-11-22,12.56,22.05,87.43,0.5,0.4679648081461589,0.45443153381347656,15.62
2019-11-23,9.4,22.48,81.79,0.64,0.4730428059895833,0.4759337107340495,18.83
2019-11-24,7.39,22.55,83.38,0.67,0.47297096252441406,0.47157923380533856,17.44
2019-11-25,3.59,22.85,82.77,0.82,0.46939531962076825,0.47133127848307294,17.78
2019-11-26,3.24,23.52,78.45,1.14,0.45981407165527344,0.46396446228027344,18.89
2019-11-27,2.5,23.3,78.88,1.46,0.4473406473795573,0.4550482432047526,19.77
2019-11-28,2.72,23.09,80.17,1.49,0.44839922587076825,0.44858741760253906,18.5
2019-11-29,1.79,22.69,81.68,1.23,0.4357738494873047,0.441925048828125,18.88
2019-11-30,3.12,22.49,81.89,0.95,0.4345099131266276,0.43572743733723956,16.4
2019-12-01,3.42,22.02,83.63,1.1,0.43985748291015625,0.4330863952636719,17.78
2019-12-02,1.24,23.69,73.16,0.45,0.43120257059733075,0.4304027557373047,18.48
2019-12-03,7.04,24.26,74.64,0.4,0.43718846638997394,0.4278736114501953,12.99
2019-12-04,1.48,23.42,71.1,0.26,0.4397436777750651,0.433502197265625,18.37
2019-12-05,0.91,23.41,76.16,0.95,0.4267050425211589,0.4293403625488281,17.78
2019-12-06,0.82,22.89,74.86,1.28,0.4100914001464844,0.4231605529785156,18.46
2019-12-07,1.41,22.55,77.45,1.45,0.4051246643066406,0.41666412353515625,19.09
2019-12-08,1.26,22.55,75.06,1.35,0.3969472249348958,0.41078440348307294,19.42
2019-12-09,0.65,22.25,73.75,1.6,0.3872356414794922,0.40487416585286456,20.34
2019-12-10,0.43,21.53,68.98,1.49,0.3729718526204427,0.39827728271484375,21.03
2019-12-11,1.43,21.61,75.3,1.65,0.3639825185139974,0.3918100992838542,19.31
2019-12-12,2.43,21.3,78.84,1.62,0.3637396494547526,0.38687388102213544,18.3
2019-12-13,7.71,22.31,80.19,0.83,0.3945566813151042,0.3844381968180339,16.73
2019-12-14,3.01,23.01,73.35,0.05,0.4245929718017578,0.3908774058024089,17.05
2019-12-15,17.07,23.06,82.18,0.72,0.4295342763264974,0.3983847300211589,13.16
2019-12-16,14.37,22.45,80.45,1.41,0.43994585673014325,0.43903223673502606,18.55
2019-12-17,17.61,22.36,83.46,1.25,0.4375782012939453,0.44815699259440106,14.89
2019-12-18,5.19,23.52,76.52,0.22,0.43259938557942706,0.4376029968261719,15.43
2019-12-19,17.05,23.39,82.12,0.68,0.4670848846435547,0.4476947784423828,13.64
2019-12-20,27.46,22.86,85.68,0.91,0.4602305094401042,0.4598337809244792,12.71
2019-12-21,16.82,22.61,85.13,1.45,0.436431884765625,0.4469350179036458,15.0
2019-12-22,10.75,22.45,85.75,1.42,0.4672870635986328,0.4405142466227214,14.27
2019-12-23,1.51,23.78,75.85,0.58,0.45724932352701825,0.45001792907714844,18.55
2019-12-24,0.56,24.68,68.82,0.06,0.4331684112548828,0.44213612874348956,18.72
2019-12-25,3.84,23.76,73.11,0.34,0.42605845133463544,0.43378957112630206,14.06
2019-12-26,8.02,24.34,76.21,0.15,0.44111378987630206,0.4313971201578776,15.99
2019-12-27,5.06,23.45,83.76,0.95,0.4439582824707031,0.4524739583333333,12.62
2019-12-28,1.7,23.16,81.54,1.04,0.447696050008138,0.4490394592285156,16.23
2019-12-29,5.36,22.42,86.15,1.34,0.44670359293619794,0.44474538167317706,14.84
2019-12-30,8.26,22.31,83.7,1.24,0.4684588114420573,0.45698293050130206,15.75
2019-12-31,2.03,22.49,80.11,1.04,0.4556617736816406,0.4555193583170573,16.62
2020-01-01,1.54,23.24,76.55,1.19,0.4434986114501953,0.4493033091227214,18.6
2020-01-02,0.25,23.24,66.45,1.17,0.4281171162923177,0.4415302276611328,20.97
2020-01-03,0.1,23.13,62.85,1.03,0.41008885701497394,0.4317283630371094,21.92
2020-01-04,0.03,22.59,66.97,0.99,0.3942572275797526,0.4215615590413411,21.97
2020-01-05,0.53,23.45,68.53,1.18,0.38181495666503906,0.4121824900309245,19.12
2020-01-06,0.28,22.43,74.29,1.15,0.3728497823079427,0.4042949676513672,19.67
2020-01-07,0.17,23.01,72.5,1.18,0.36308542887369794,0.3969720204671224,19.96
2020-01-08,0.06,22.97,66.41,1.39,0.3503061930338542,0.38965733846028644,20.86
2020-01-09,0.0,21.7,65.76,1.79,0.335879643758138,0.382110595703125,21.56
2020-01-10,1.06,21.62,71.16,2.07,0.3261839548746745,0.3751227060953776,19.75
2020-01-11,4.11,21.79,75.66,1.89,0.3395862579345703,0.36999257405598956,18.94
2020-01-12,1.06,21.87,68.29,1.88,0.35121790568033856,0.3663450876871745,21.88
2020-01-13,1.39,21.7,70.33,1.99,0.33945592244466144,0.361911137898763,20.64
2020-01-14,7.44,21.66,75.71,1.93,0.37044715881347656,0.359005610148112,17.86
2020-01-15,2.67,22.22,73.62,1.3,0.3895956675211589,0.3608385721842448,19.0
2020-01-16,4.88,23.21,74.43,1.44,0.3962860107421875,0.36443201700846356,17.49
2020-01-17,4.7,23.26,78.92,1.81,0.4058856964111328,0.3723074595133464,14.33
2020-01-18,7.51,22.7,82.11,1.98,0.4139830271402995,0.3815466562906901,12.92
2020-01-19,8.03,22.77,79.85,1.53,0.428531010945638,0.3995176951090495,14.69
2020-01-20,11.66,24.08,79.06,0.8,0.42928441365559894,0.4126656850179036,16.5
2020-01-21,13.75,23.19,80.52,0.03,0.41804949442545575,0.42274920145670575,16.99
2020-01-22,6.94,22.78,81.43,0.36,0.4573478698730469,0.4297351837158203,15.86
2020-01-23,6.46,23.06,80.32,0.21,0.4473438262939453,0.4296531677246094,19.02
2020-01-24,3.16,23.26,79.96,0.51,0.4567991892496745,0.43742624918619794,18.86
2020-01-25,1.21,23.67,76.25,1.08,0.43275006612141925,0.432254155476888,20.84
2020-01-26,3.18,23.08,78.92,0.91,0.4275633494059245,0.42525355021158856,14.16
2020-01-27,2.28,23.35,79.43,0.45,0.4286823272705078,0.42252858479817706,16.52
2020-01-28,2.91,23.08,83.31,0.42,0.4296213785807292,0.4200401306152344,13.24
2020-01-29,2.72,23.32,81.43,0.41,0.4305063883463542,0.4195079803466797,14.9
2020-01-30,1.35,24.15,75.41,0.71,0.4238637288411458,0.4177513122558594,19.48
2020-01-31,1.01,23.9,73.86,1.14,0.4084358215332031,0.41265614827473956,19.31
2020-02-01,0.53,23.75,75.41,0.91,0.3942114512125651,0.4063568115234375,20.76
2020-02-02,3.9,24.34,77.44,1.13,0.38868268330891925,0.4000937143961589,17.12
2020-02-03,0.9,23.02,77.53,1.47,0.40019989013671875,0.3974812825520833,19.57
2020-02-04,0.33,22.64,68.05,1.38,0.3815116882324219,0.39269065856933594,23.63
2020-02-05,0.04,21.81,66.45,1.29,0.360317866007487,0.38561121622721356,24.03
2020-02-06,0.01,22.88,60.43,0.74,0.34225018819173175,0.3779481252034505,24.37
2020-02-07,1.97,24.72,63.2,0.8,0.3293406168619792,0.37041664123535156,22.77
2020-02-08,2.74,23.53,72.16,1.45,0.34134801228841144,0.3648490905761719,21.53
2020-02-09,0.09,22.59,64.6,1.62,0.3398621877034505,0.36036427815755206,23.96
2020-02-10,0.36,22.63,68.53,1.57,0.3212744394938151,0.3546803792317708,22.67
2020-02-11,3.24,22.59,73.21,1.49,0.31474049886067706,0.34943707784016925,20.19
2020-02-12,5.03,22.88,77.51,1.69,0.3482220967610677,0.34645525614420575,19.25
2020-02-13,4.93,22.91,76.92,1.68,0.37884966532389325,0.3465557098388672,21.09
2020-02-14,11.13,23.25,78.74,1.64,0.39999135335286456,0.35109392801920575,19.29
2020-02-15,13.22,23.53,77.38,1.37,0.4120432535807292,0.4053516387939453,21.27
2020-02-16,7.22,23.33,73.99,1.55,0.4160003662109375,0.4022369384765625,19.99
2020-02-17,3.89,23.59,72.74,1.44,0.42602284749348956,0.4118061065673828,19.29
2020-02-18,0.43,23.77,69.6,1.81,0.40275001525878906,0.40494410196940106,22.88
2020-02-19,4.05,23.77,77.63,1.9,0.39296913146972656,0.3962548573811849,19.96
2020-02-20,6.66,23.42,79.32,1.84,0.41634686787923175,0.3965555826822917,20.73
2020-02-21,4.52,23.67,78.23,1.18,0.4169445037841797,0.40064048767089844,17.8
2020-02-22,2.76,23.82,74.6,1.14,0.41168467203776044,0.4012737274169922,20.73
2020-02-23,3.31,23.3,76.1,1.1,0.4078070322672526,0.3989702860514323,18.98
2020-02-24,2.95,23.32,76.72,1.05,0.4077142079671224,0.3982137044270833,18.3
2020-02-25,2.89,23.79,72.45,0.85,0.39636484781901044,0.394711176554362,19.57
2020-02-26,3.46,24.15,78.1,1.01,0.4094104766845703,0.3951231638590495,20.83
2020-02-27,0.81,24.54,72.57,1.02,0.38925933837890625,0.3915233612060547,21.06
2020-02-28,0.63,23.63,69.02,1.51,0.37397511800130206,0.38486671447753906,25.07
2020-02-29,3.18,22.21,75.92,1.46,0.3638267517089844,0.37790679931640625,19.28
2020-03-01,2.7,22.57,72.71,1.27,0.37298838297526044,0.3741925557454427,20.75
2020-03-02,2.05,23.58,71.69,1.37,0.3782857259114583,0.371945063273112,21.59
2020-03-03,1.77,23.5,72.61,1.35,0.3695812225341797,0.3690528869628906,21.62
2020-03-04,0.4,23.87,67.14,1.46,0.35859044392903644,0.3651021321614583,25.91
2020-03-05,0.86,23.81,70.02,1.37,0.33855120340983075,0.35938771565755206,22.49
2020-03-06,1.86,24.39,70.6,1.06,0.33121172587076825,0.3543529510498047,22.78
2020-03-07,1.95,24.3,71.0,1.03,0.33318010965983075,0.35027313232421875,19.23
2020-03-08,5.28,23.04,77.47,1.62,0.3487110137939453,0.3477395375569661,17.66
2020-03-09,4.26,22.8,72.02,1.84,0.3801015218098958,0.34949493408203125,21.18
2020-03-10,2.86,23.4,71.32,1.4,0.37330182393391925,0.3514251708984375,18.23
2020-03-11,7.43,23.23,76.86,1.28,0.3818778991699219,0.3533140818277995,16.67
2020-03-12,2.97,23.97,72.4,1.06,0.3940137227376302,0.36553064982096356,20.01
2020-03-13,4.24,23.96,72.43,1.28,0.38961219787597656,0.3684031168619792,22.14
2020-03-14,2.84,23.65,72.81,1.57,0.38892682393391925,0.3707459767659505,22.54
2020-03-15,2.88,23.08,72.29,1.65,0.38489405314127606,0.37046368916829425,23.69
2020-03-16,2.22,23.08,72.51,1.68,0.37839825948079425,0.36860084533691406,21.21
2020-03-17,2.34,22.69,74.62,1.78,0.3714561462402344,0.36582310994466144,23.55
2020-03-18,2.11,22.88,69.05,1.63,0.3653380076090495,0.3622735341389974,25.02
2020-03-19,3.69,22.42,70.58,1.72,0.3710308074951172,0.35929298400878906,23.16
2020-03-20,6.49,23.05,71.07,1.64,0.3788992563883464,0.3586680094401042,21.59
2020-03-21,2.94,22.53,68.97,1.49,0.38903554280598956,0.36503855387369794,23.27
2020-03-22,8.68,22.46,72.64,1.52,0.3938477834065755,0.3682778676350911,22.53
2020-03-23,11.38,22.96,72.22,1.2,0.4024492899576823,0.38400014241536456,23.04
2020-03-24,14.14,23.48,76.51,1.18,0.4038836161295573,0.39511871337890625,21.91
2020-03-25,6.2,23.62,77.34,1.16,0.42215728759765625,0.395419438680013,18.73
2020-03-26,1.4,24.63,72.06,1.12,0.40953826904296875,0.3960889180501302,22.72
2020-03-27,0.32,24.37,63.97,1.47,0.3879108428955078,0.3883508046468099,26.71
2020-03-28,1.12,22.68,63.93,1.59,0.3645896911621094,0.3788687388102214,26.27
2020-03-29,3.6,22.7,67.29,1.55,0.3614203135172526,0.37139129638671875,24.53
2020-03-30,7.11,23.79,72.25,1.58,0.39237085978190106,0.369991938273112,22.5
2020-03-31,6.23,23.43,79.82,1.19,0.40367698669433594,0.3783607482910156,16.81
2020-04-01,13.95,24.48,76.73,0.36,0.4070313771565755,0.3889446258544922,18.78
2020-04-02,18.63,23.43,83.54,0.19,0.4441699981689453,0.41374842325846356,18.82
2020-04-03,5.29,24.19,80.13,0.67,0.44059308369954425,0.4158770243326823,17.02
2020-04-04,11.08,23.81,84.0,0.76,0.4253692626953125,0.42140960693359375,16.16
2020-04-05,25.71,23.64,86.47,0.7,0.4323628743489583,0.4380505879720052,18.67
2020-04-06,7.59,23.79,86.93,1.0,0.4526487986246745,0.44954554239908856,12.67
2020-04-07,1.87,24.18,84.79,1.23,0.4413153330485026,0.4429772694905599,16.99
2020-04-08,1.39,24.95,80.36,1.29,0.4294274648030599,0.43549219767252606,21.77
2020-04-09,0.2,25.33,75.1,0.89,0.4124615987141927,0.42614301045735675,24.22
2020-04-10,0.11,25.88,69.39,0.67,0.39122899373372394,0.41492335001627606,24.46
2020-04-11,2.96,25.85,73.51,0.79,0.380154291788737,0.4043458302815755,21.83
2020-04-12,0.77,26.24,65.87,1.13,0.3862291971842448,0.3977622985839844,23.99
2020-04-13,0.7,24.82,64.57,1.01,0.3649425506591797,0.38982391357421875,24.14
2020-04-14,1.05,24.55,63.83,1.3,0.3554197947184245,0.3821372985839844,26.75
2020-04-15,0.16,24.67,61.05,0.85,0.3373756408691406,0.374209721883138,26.0
2020-04-16,0.38,24.15,64.02,1.24,0.3214715321858724,0.36649322509765625,26.3
2020-04-17,0.73,23.66,68.87,1.35,0.30866750081380206,0.35932286580403644,24.46
2020-04-18,5.75,23.74,73.03,0.92,0.31040064493815106,0.3535989125569661,21.46
2020-04-19,2.72,23.87,79.9,0.39,0.367794672648112,0.35181935628255206,14.8
2020-04-20,1.88,24.35,80.13,0.47,0.3655821482340495,0.35153834025065106,20.51
2020-04-21,2.44,24.6,80.35,0.72,0.36785443623860675,0.3501319885253906,21.21
2020-04-22,2.93,24.69,79.01,0.45,0.3671913146972656,0.34870465596516925,20.01
2020-04-23,2.4,24.33,79.31,1.1,0.37183252970377606,0.3478813171386719,19.48
2020-04-24,0.12,24.85,69.75,1.34,0.3559214274088542,0.3460337320963542,24.91
2020-04-25,0.01,24.34,62.62,1.22,0.32825152079264325,0.341827392578125,25.88
2020-04-26,1.02,24.32,69.64,1.0,0.3076025644938151,0.3370443979899089,23.82
2020-04-27,0.81,24.77,71.15,1.16,0.2997894287109375,0.3330853780110677,22.12
2020-04-28,1.23,24.31,73.7,1.29,0.29354222615559894,0.32937049865722656,22.32
2020-04-29,4.01,23.98,80.42,1.17,0.30065663655598956,0.32648277282714844,16.42
2020-04-30,23.56,24.72,83.51,0.7,0.38701502482096356,0.33060773213704425,16.45
2020-05-01,32.31,23.82,89.82,0.63,0.4616750081380208,0.4187507629394531,11.29
2020-05-02,6.06,24.9,83.01,0.9,0.45297876993815106,0.4351520538330078,18.18
2020-05-03,6.73,24.7,81.46,0.86,0.4577312469482422,0.4420159657796224,17.61
2020-05-04,2.78,24.38,84.3,0.79,0.4387168884277344,0.4343179066975911,16.97
2020-05-05,2.65,25.02,81.74,0.42,0.43853759765625,0.42967478434244794,14.29
2020-05-06,1.22,25.06,77.43,0.73,0.42675336201985675,0.42532094319661456,19.59
2020-05-07,0.95,26.04,72.8,0.23,0.4086793263753255,0.4176623026529948,20.34
2020-05-08,0.45,26.31,74.17,0.32,0.3961652119954427,0.4098548889160156,19.84
2020-05-09,0.76,27.03,66.8,0.1,0.38142140706380206,0.40162404378255206,22.26
2020-05-10,0.71,26.51,70.17,0.6,0.371002197265625,0.3932005564371745,24.35
2020-05-11,1.09,26.43,73.46,0.26,0.356658935546875,0.38485972086588544,22.1
2020-05-12,1.32,25.9,76.17,0.31,0.3517767588297526,0.3778368631998698,22.53
2020-05-13,4.5,24.47,82.38,0.57,0.36377398173014325,0.37240854899088544,16.95
2020-05-14,7.49,24.77,81.24,0.53,0.38491185506184894,0.3703269958496094,20.35
2020-05-15,27.65,24.74,84.58,0.37,0.44081878662109375,0.40895970662434894,15.88
2020-05-16,8.61,25.3,80.33,0.19,0.44684410095214844,0.4262530008951823,15.44
2020-05-17,15.64,24.75,81.74,0.27,0.4497750600179036,0.42676671346028644,14.53
2020-05-18,0.99,25.64,75.73,0.22,0.4403788248697917,0.42801475524902344,20.11
2020-05-19,10.56,24.81,83.29,0.27,0.4495677947998047,0.4269695281982422,12.62
2020-05-20,4.01,24.85,83.43,0.22,0.4532922108968099,0.43822797139485675,18.49
2020-05-21,1.05,25.57,72.38,0.27,0.43731244405110675,0.43541526794433594,20.57
2020-05-22,8.72,25.59,77.5,0.49,0.4391791025797526,0.4298146565755208,17.82
2020-05-23,3.23,25.92,73.21,0.32,0.441586176554362,0.43747584025065106,17.67
2020-05-24,2.76,26.55,71.4,0.24,0.4298178354899089,0.43063799540201825,18.53
2020-05-25,4.33,26.13,76.69,0.09,0.42626063028971356,0.42553965250651044,18.28
2020-05-26,3.0,25.99,75.95,0.1,0.4296836853027344,0.4240989685058594,18.6
2020-05-27,3.12,24.96,77.02,0.27,0.4257456461588542,0.4233214060465495,19.46
2020-05-28,6.35,23.92,84.99,0.31,0.42673301696777344,0.4201984405517578,15.26
2020-05-29,8.89,23.54,84.42,0.22,0.4353160858154297,0.4255072275797526,17.93
2020-05-30,31.01,22.96,87.96,0.47,0.4602349599202474,0.44202105204264325,10.49
2020-05-31,16.98,22.83,91.58,0.25,0.4613348642985026,0.44875526428222656,12.31
2020-06-01,8.95,23.44,86.55,0.34,0.4583009084065755,0.4348551432291667,12.99
2020-06-02,4.22,24.2,84.03,0.63,0.45763905843098956,0.44194475809733075,18.63
2020-06-03,2.38,23.42,85.55,0.36,0.4463653564453125,0.4387194315592448,17.66
2020-06-04,1.6,24.67,80.41,0.23,0.4373404184977214,0.4330800374348958,22.6
2020-06-05,8.39,24.65,80.95,0.45,0.42498779296875,0.4265645345052083,22.03
2020-06-06,5.99,23.96,82.6,0.14,0.43488121032714844,0.4411519368489583,20.01
2020-06-07,8.71,24.04,83.33,0.28,0.4513804117838542,0.4410775502522786,16.31
2020-06-08,4.69,24.76,81.66,0.06,0.4540704091389974,0.4495830535888672,18.45
2020-06-09,5.29,24.58,81.71,0.36,0.44919586181640625,0.4458465576171875,16.78
2020-06-10,46.8,22.18,92.14,0.57,0.45620981852213544,0.4527740478515625,4.99
2020-06-11,1.37,23.04,81.97,0.46,0.4558340708414714,0.44688987731933594,18.03
2020-06-12,10.83,23.08,79.51,0.25,0.45151519775390625,0.460299809773763,18.01
2020-06-13,6.89,23.85,85.32,0.35,0.465420405069987,0.4559898376464844,18.29
2020-06-14,0.5,24.25,82.14,0.25,0.44569842020670575,0.4487953186035156,18.38
2020-06-15,3.13,24.34,84.24,0.44,0.4339040120442708,0.43888219197591144,19.6
2020-06-16,5.09,23.97,87.25,0.9,0.4414081573486328,0.4331703186035156,18.72
2020-06-17,1.33,23.72,83.86,0.64,0.43947919209798175,0.4326820373535156,22.55
2020-06-18,2.27,23.76,82.81,1.18,0.427029291788737,0.42682647705078125,22.03
2020-06-19,3.96,24.2,79.04,0.59,0.42242177327473956,0.42106882731119794,17.88
2020-06-20,3.05,23.72,81.97,0.82,0.4372520446777344,0.42205238342285156,15.25
2020-06-21,0.22,24.37,76.03,1.05,0.4170939127604167,0.4201819101969401,17.42
2020-06-22,1.2,23.84,77.86,1.28,0.39927419026692706,0.41351954142252606,20.34
2020-06-23,2.35,24.1,76.0,1.28,0.4073232014973958,0.4078839619954427,18.08
2020-06-24,0.05,24.35,61.61,1.3,0.3880106608072917,0.4023138682047526,24.35
2020-06-25,0.08,23.5,70.03,1.35,0.36441930135091144,0.3935864766438802,24.08
2020-06-26,4.98,23.4,81.52,1.19,0.37028757731119794,0.3864390055338542,15.1
2020-06-27,2.12,23.6,74.79,1.3,0.39435895284016925,0.38516807556152344,20.26
2020-06-28,1.84,24.0,75.9,1.0,0.37452443440755206,0.38139979044596356,20.04
2020-06-29,2.24,24.37,71.96,0.86,0.37211163838704425,0.37729835510253906,19.44
2020-06-30,1.01,24.26,69.58,0.87,0.3731486002604167,0.3738670349121094,21.36
2020-07-01,2.35,24.65,74.88,0.85,0.3649648030598958,0.3697630564371745,19.79
2020-07-02,2.34,24.69,76.8,0.58,0.3720467885335286,0.36693382263183594,16.36
2020-07-03,2.21,24.77,73.04,0.95,0.3639628092447917,0.3644854227701823,21.68
2020-07-04,1.17,25.07,70.58,0.96,0.367095947265625,0.3611685434977214,22.27
2020-07-05,0.11,26.03,58.54,0.95,0.3448047637939453,0.35673077901204425,22.93
2020-07-06,0.33,24.5,65.65,1.25,0.3245703379313151,0.3510278065999349,22.99
2020-07-07,4.38,23.9,76.72,1.12,0.3165601094563802,0.34584935506184894,15.65
2020-07-08,3.83,24.19,77.5,0.33,0.35671552022298175,0.3437690734863281,16.0
2020-07-09,0.86,25.18,67.18,0.77,0.3614381154378255,0.342593510945638,22.48
2020-07-10,0.95,24.5,72.2,1.1,0.34246253967285156,0.3395519256591797,20.99
2020-07-11,8.52,23.67,81.43,0.86,0.3843790690104167,0.33945274353027344,16.76
2020-07-12,1.55,23.62,80.09,0.84,0.3864339192708333,0.3445110321044922,17.86
2020-07-13,0.66,25.54,65.86,0.96,0.365749994913737,0.3440907796223958,23.81
2020-07-14,0.26,25.65,63.4,0.86,0.34124183654785156,0.34026654561360675,20.65
2020-07-15,0.43,25.38,62.51,1.25,0.3201313018798828,0.3359203338623047,21.16
2020-07-16,7.14,24.25,72.36,0.83,0.315731684366862,0.3314978281656901,20.35
2020-07-17,9.91,24.79,76.95,0.47,0.4066569010416667,0.3336741129557292,17.97
2020-07-18,2.18,25.18,74.08,0.44,0.41263771057128906,0.3494497934977214,20.34
2020-07-19,0.55,25.4,74.49,0.73,0.3815733591715495,0.35144488016764325,21.05
2020-07-20,1.14,25.56,70.67,0.57,0.3596598307291667,0.34837977091471356,20.15
2020-07-21,2.44,24.82,71.27,0.29,0.35185813903808594,0.34529685974121094,12.92
2020-07-22,3.26,24.61,73.05,0.43,0.3627694447835286,0.34389686584472656,18.67
2020-07-23,0.84,24.99,68.01,0.96,0.3646888732910156,0.3429114023844401,21.43
2020-07-24,4.83,24.09,75.38,0.65,0.3560479482014974,0.3403282165527344,15.61
2020-07-25,3.93,23.96,76.16,0.34,0.38790639241536456,0.3431434631347656,16.53
2020-07-26,12.46,23.34,82.22,0.42,0.40708478291829425,0.35137494405110675,14.44
2020-07-27,11.68,24.16,79.69,0.3,0.44400596618652344,0.3881918589274089,14.13
2020-07-28,3.6,24.14,77.64,0.96,0.43541717529296875,0.40137354532877606,19.08
2020-07-29,0.83,24.93,70.88,0.98,0.4147497812906901,0.3965078989664714,21.68
2020-07-30,3.63,25.0,74.01,0.33,0.40025774637858075,0.3887004852294922,22.8
2020-07-31,3.61,25.35,72.1,0.41,0.4054985046386719,0.3840630849202474,20.02
2020-08-01,0.31,25.76,69.08,0.27,0.39832496643066406,0.38246726989746094,22.92
2020-08-02,0.3,26.55,65.05,0.36,0.3715324401855469,0.3760217030843099,22.23
2020-08-03,3.84,25.89,71.77,0.32,0.3666826883951823,0.36940256754557294,17.1
2020-08-04,4.36,25.36,71.67,0.43,0.38249842325846356,0.3671099344889323,13.31
2020-08-05,4.7,24.98,73.17,0.21,0.3988259633382161,0.3704395294189453,15.59
2020-08-06,5.73,24.27,79.34,0.29,0.4046764373779297,0.3763745625813802,14.34
2020-08-07,4.61,24.54,75.85,0.48,0.41452471415201825,0.38567479451497394,16.68
2020-08-08,1.76,25.04,70.28,0.94,0.4014771779378255,0.3859729766845703,20.65
2020-08-09,5.02,24.58,79.39,0.95,0.4014161427815755,0.3821175893147786,17.17
2020-08-10,2.32,24.51,75.1,1.1,0.40601221720377606,0.3849067687988281,19.33
2020-08-11,4.27,24.75,76.66,1.2,0.3942381540934245,0.38144175211588544,19.74
2020-08-12,4.14,24.93,74.89,1.34,0.40161387125651044,0.3812427520751953,19.76
2020-08-13,3.96,25.19,73.56,1.06,0.4028269449869792,0.3826885223388672,18.21
2020-08-14,0.7,25.84,65.29,1.03,0.3908704121907552,0.3819459279378255,20.5
2020-08-15,2.42,25.39,68.98,0.71,0.3763109842936198,0.3760490417480469,20.35
2020-08-16,1.04,24.82,75.99,0.52,0.3729845682779948,0.3713328043619792,16.48
2020-08-17,0.97,24.87,74.52,0.64,0.3639272054036458,0.3670399983723958,14.32
2020-08-18,3.68,24.85,76.52,0.88,0.36158116658528644,0.3629627227783203,18.63
2020-08-19,9.76,24.12,81.78,0.61,0.41053517659505206,0.3662255605061849,16.43
2020-08-20,0.96,23.93,81.32,0.75,0.4088319142659505,0.37486712137858075,15.58
2020-08-21,0.94,24.55,77.92,0.5,0.3896980285644531,0.37244542439778644,20.3
2020-08-22,1.82,24.2,77.3,0.42,0.37529754638671875,0.3676923116048177,18.31
2020-08-23,5.05,24.21,76.3,0.26,0.3775482177734375,0.3635546366373698,16.45
2020-08-24,6.5,24.26,76.97,0.21,0.4214852650960286,0.3684883117675781,20.06
2020-08-25,2.93,24.03,77.58,0.3,0.4120445251464844,0.3738778432210286,14.11
2020-08-26,1.89,23.77,82.05,0.56,0.4035504659016927,0.375301996866862,17.54
2020-08-27,1.31,24.72,72.66,0.85,0.39095306396484375,0.37256749471028644,21.88
2020-08-28,0.1,26.25,60.89,0.87,0.3726495107014974,0.3674634297688802,22.43
2020-08-29,0.06,26.11,57.41,1.35,0.34761937459309894,0.3605060577392578,23.72
2020-08-30,0.29,24.94,64.24,0.94,0.3262933095296224,0.35292307535807294,20.71
2020-08-31,0.85,24.51,70.31,0.34,0.3160858154296875,0.3466847737630208,19.08
2020-09-01,6.96,25.06,72.31,0.55,0.322750727335612,0.34167925516764325,19.87
2020-09-02,26.02,23.09,85.77,0.32,0.44180742899576825,0.3709532419840495,15.53
2020-09-03,6.86,22.66,86.51,0.38,0.43821461995442706,0.4130452473958333,12.81
2020-09-04,1.87,23.83,76.63,0.39,0.4353720347086589,0.4130865732828776,18.41
2020-09-05,3.69,25.01,75.96,0.43,0.4229469299316406,0.4082743326822917,21.44
2020-09-06,0.35,24.8,73.23,0.34,0.4143931070963542,0.4049084981282552,21.16
2020-09-07,0.55,24.67,73.49,0.59,0.3900705973307292,0.3970877329508464,21.53
2020-09-08,10.53,23.57,83.08,0.38,0.4332135518391927,0.4009132385253906,18.78
2020-09-09,11.74,23.02,84.42,0.29,0.4496339162190755,0.4086252848307292,19.45
2020-09-10,5.6,23.94,79.08,0.17,0.4411932627360026,0.4301160176595052,20.04
2020-09-11,6.87,24.18,80.99,0.12,0.4338480631510417,0.4234809875488281,15.98
2020-09-12,20.3,23.96,85.18,0.33,0.4410235087076823,0.4340890248616536,16.65
2020-09-13,12.32,24.29,81.14,0.45,0.4669208526611328,0.4526557922363281,17.94
2020-09-14,1.11,24.92,78.52,0.23,0.44850413004557294,0.44639841715494794,20.11
2020-09-15,0.32,25.58,70.9,0.55,0.42690404256184894,0.43476231892903644,20.04
2020-09-16,1.11,24.7,73.69,0.54,0.4104595184326172,0.4238198598225911,20.08
2020-09-17,5.11,23.94,79.21,0.36,0.40596771240234375,0.41515668233235675,19.62
2020-09-18,17.28,23.2,88.32,0.26,0.4540220896402995,0.4324220021565755,8.44
2020-09-19,17.19,23.17,86.2,0.22,0.4680004119873047,0.45205243428548175,18.0
2020-09-20,10.32,23.47,86.01,0.28,0.4589099884033203,0.45227940877278644,17.35
2020-09-21,2.76,24.37,79.18,0.33,0.4497388203938802,0.4565881093343099,16.54
2020-09-22,4.58,25.35,73.55,0.32,0.4542096455891927,0.4491996765136719,18.89
2020-09-23,8.2,24.68,80.6,0.24,0.4560648600260417,0.447384516398112,16.59
2020-09-24,2.45,23.97,81.91,0.49,0.4564069112141927,0.45258140563964844,16.94
2020-09-25,0.24,25.05,69.3,0.42,0.4403260548909505,0.445126215616862,21.18
2020-09-26,0.51,24.88,68.34,0.65,0.4178059895833333,0.4337323506673177,19.72
2020-09-27,1.77,25.01,67.92,0.48,0.4084962209065755,0.42361704508463544,18.83
2020-09-28,3.26,24.88,70.68,0.44,0.4055016835530599,0.4161084493001302,18.25
2020-09-29,4.88,24.68,73.16,0.25,0.4268919626871745,0.4139366149902344,20.12
2020-09-30,3.61,24.88,71.19,0.7,0.42051442464192706,0.4141527811686198,18.24
2020-10-01,5.04,24.1,76.74,0.33,0.4283638000488281,0.41890207926432294,18.39
2020-10-02,15.56,23.61,82.67,0.75,0.45426368713378906,0.4384072621663411,15.98
2020-10-03,5.41,23.61,79.52,0.53,0.44744300842285156,0.4382438659667969,16.48
2020-10-04,1.66,23.38,80.15,0.77,0.44399261474609375,0.4371662139892578,11.87
2020-10-05,8.14,23.59,77.77,0.67,0.45554224650065106,0.43695958455403644,18.58
2020-10-06,21.39,23.19,80.94,0.45,0.45268821716308594,0.4450155893961589,18.26
2020-10-07,9.28,23.63,74.96,0.34,0.4243481953938802,0.43977101643880206,18.86
2020-10-08,6.27,23.69,81.03,0.62,0.4491221110026042,0.43131065368652344,13.49
2020-10-09,3.18,24.29,77.44,0.25,0.4549414316813151,0.44020525614420575,20.53
2020-10-10,0.91,24.71,71.91,0.85,0.4254538218180339,0.43254661560058594,22.94
2020-10-11,0.98,24.22,74.01,0.74,0.409423828125,0.42217381795247394,21.59
2020-10-12,1.58,24.58,75.37,0.18,0.4000892639160156,0.4136149088541667,19.75
2020-10-13,11.8,24.04,80.26,0.41,0.4332434336344401,0.4143079121907552,14.32
2020-10-14,3.52,22.79,83.8,0.55,0.42402203877766925,0.4318765004475911,12.18
2020-10-15,1.65,24.35,75.64,0.19,0.4371929168701172,0.4282023111979167,19.95
2020-10-16,2.37,24.57,76.77,0.56,0.42401885986328125,0.4229723612467448,20.31
2020-10-17,16.07,24.52,82.31,0.37,0.4335613250732422,0.4244810740152995,15.66
2020-10-18,15.26,24.22,77.44,0.38,0.43888409932454425,0.4375603993733724,14.34
2020-10-19,4.93,23.35,77.52,0.75,0.4589640299479167,0.45057042439778644,17.49
2020-10-20,9.36,22.25,87.01,0.45,0.4378197987874349,0.4449043273925781,11.52
2020-10-21,6.38,23.82,80.77,0.24,0.4392356872558594,0.43081919352213544,14.95
2020-10-22,4.02,24.0,80.01,0.2,0.4564291636149089,0.433407465616862,13.51
2020-10-23,10.32,24.62,80.52,0.23,0.4550177256266276,0.4394378662109375,13.82
2020-10-24,4.99,23.66,85.15,0.59,0.4528961181640625,0.45179112752278644,14.66
2020-10-25,8.11,22.75,87.14,0.28,0.4423268636067708,0.4488684336344401,11.2
2020-10-26,2.27,23.92,78.55,0.43,0.42189661661783856,0.4327932993570964,19.22
2020-10-27,1.0,23.72,78.66,1.1,0.4169667561848958,0.4234460194905599,22.21
2020-10-28,3.72,23.78,79.95,0.31,0.405880610148112,0.4150676727294922,20.3
2020-10-29,6.42,23.16,85.34,0.33,0.42650794982910156,0.4114309946695964,16.28
2020-10-30,5.02,23.17,85.1,0.54,0.4417317708333333,0.41657129923502606,18.1
2020-10-31,76.67,22.47,91.48,0.43,0.47230084737141925,0.45377222696940106,11.88
2020-11-01,46.93,21.52,94.15,0.77,0.46224021911621094,0.4588572184244792,5.66
2020-11-02,14.66,22.59,87.77,0.15,0.4665273030598958,0.45438067118326825,15.35
2020-11-03,34.27,22.8,90.44,0.53,0.45830027262369794,0.4646046956380208,10.2
2020-11-04,44.25,22.5,91.69,0.28,0.46160316467285156,0.46623484293619794,6.27
2020-11-05,16.16,22.73,88.77,0.45,0.4691937764485677,0.46762975056966144,12.97
2020-11-06,10.78,22.34,90.39,0.36,0.4365641276041667,0.46488062540690106,12.95
2020-11-07,4.17,22.52,86.05,0.26,0.4695555369059245,0.4656848907470703,14.43
2020-11-08,8.78,23.31,85.3,0.13,0.4654426574707031,0.46828460693359375,13.71
2020-11-09,13.78,22.89,89.07,0.36,0.46744219462076825,0.4761168162027995,13.74
2020-11-10,14.21,22.99,87.25,0.29,0.4624671936035156,0.4695587158203125,15.61
2020-11-11,16.51,22.65,88.6,0.16,0.4722474416097005,0.48364003499348956,15.23
2020-11-12,32.65,22.35,88.46,0.37,0.45795249938964844,0.4734598795572917,16.27
2020-11-13,48.78,21.99,92.02,0.72,0.4561360677083333,0.4634284973144531,8.5
2020-11-14,5.33,20.77,92.55,1.09,0.4713255564371745,0.4566020965576172,6.53
2020-11-15,3.08,21.68,89.77,0.08,0.4658368428548177,0.4593385060628255,10.92
2020-11-16,15.16,22.76,88.43,0.36,0.4635429382324219,0.4626973470052083,13.27
2020-11-17,58.2,21.84,91.89,0.07,0.45375696818033856,0.4766845703125,6.01
2020-11-18,90.04,22.1,91.64,0.28,0.45782216389973956,0.46632639567057294,11.94
2020-11-19,6.43,22.7,84.66,0.34,0.4650249481201172,0.44654591878255206,17.18
2020-11-20,6.41,23.17,83.4,0.49,0.4680442810058594,0.4579652150472005,16.25
2020-11-21,2.2,23.15,81.44,0.08,0.44501304626464844,0.4520104726155599,17.91
2020-11-22,10.25,23.18,86.83,0.12,0.45908546447753906,0.45185216267903644,16.46
2020-11-23,4.86,23.43,84.61,0.12,0.4638532002766927,0.46299107869466144,16.08
2020-11-24,5.32,23.17,86.11,0.7,0.4629859924316406,0.45783106486002606,15.8
2020-11-25,0.92,22.83,84.27,1.22,0.456756591796875,0.4556954701741536,17.9
2020-11-26,5.26,22.41,87.29,1.41,0.4507134755452474,0.44850603739420575,17.32
2020-11-27,14.17,22.45,88.36,0.93,0.4612693786621094,0.4551404317220052,14.82
2020-11-28,47.18,21.84,91.65,0.35,0.4561500549316406,0.4686088562011719,7.38
2020-11-29,3.49,22.55,87.04,0.69,0.4611746470133464,0.46645482381184894,14.22
2020-11-30,2.55,23.07,86.01,0.78,0.4573955535888672,0.460720698038737,14.98
2020-12-01,1.42,23.28,84.73,0.34,0.4520988464355469,0.45569292704264325,14.71
2020-12-02,1.51,23.16,84.42,0.6,0.44518470764160156,0.4504082997639974,15.91
2020-12-03,0.18,22.6,77.86,1.17,0.4330056508382161,0.4440511067708333,20.39
2020-12-04,0.05,21.15,78.85,1.19,0.41529210408528644,0.4351348876953125,21.05
2020-12-05,0.56,21.87,79.78,0.74,0.4030386606852214,0.42644182840983075,17.55
2020-12-06,0.89,22.78,81.54,0.7,0.39893023173014325,0.4196065266927083,18.42
2020-12-07,4.02,23.48,87.03,0.49,0.41021474202473956,0.41460927327473956,16.41
2020-12-08,1.68,23.68,84.64,0.4,0.41825294494628906,0.4129021962483724,16.71
2020-12-09,5.24,22.93,89.45,0.68,0.43346277872721356,0.4131011962890625,13.85
2020-12-10,1.42,22.09,85.98,1.25,0.42946942647298175,0.41606394449869794,18.84
2020-12-11,1.31,21.57,84.61,1.37,0.4201183319091797,0.4144509633382161,20.17
2020-12-12,0.36,21.81,80.04,1.06,0.4016030629475911,0.4103902180989583,20.45
2020-12-13,0.14,21.42,79.69,1.14,0.386569341023763,0.40484174092610675,21.25
2020-12-14,1.71,21.79,82.23,0.78,0.37671661376953125,0.39898236592610675,18.84
2020-12-15,18.29,22.73,86.05,0.85,0.4362176259358724,0.4165973663330078,15.21
2020-12-16,2.51,22.2,84.78,1.04,0.4507738749186198,0.43391863505045575,18.94
2020-12-17,1.85,21.99,86.72,1.24,0.43438275655110675,0.4315325419108073,17.2
2020-12-18,2.04,21.93,84.19,1.5,0.4293231964111328,0.4274889628092448,18.73
2020-12-19,2.45,21.57,80.28,1.44,0.4268608093261719,0.4236380259195964,19.17
2020-12-20,0.99,21.25,79.97,1.23,0.4158426920572917,0.41922632853190106,20.14
2020-12-21,1.3,22.01,82.25,0.97,0.4047705332438151,0.41375096638997394,19.45
2020-12-22,2.74,22.14,85.22,1.3,0.40603383382161456,0.40912628173828125,16.68
2020-12-23,2.73,22.25,82.96,1.49,0.41611798604329425,0.40714263916015625,18.26
2020-12-24,2.88,21.75,82.9,1.44,0.4151496887207031,0.4058278401692708,18.85
2020-12-25,29.7,22.38,87.75,0.88,0.4388071695963542,0.4247474670410156,14.83
2020-12-26,6.23,21.95,84.04,0.94,0.4678516387939453,0.45328013102213544,19.83
2020-12-27,7.92,22.09,85.0,0.45,0.4595998128255208,0.4603220621744792,18.3
2020-12-28,1.53,22.36,84.26,0.59,0.44991111755371094,0.4541066487630208,18.08
2020-12-29,3.12,22.09,83.28,0.94,0.4505653381347656,0.4488487243652344,17.51
2020-12-30,1.27,21.41,81.1,1.23,0.4369163513183594,0.44318072001139325,20.58
2020-12-31,2.83,21.11,82.91,1.29,0.429653803507487,0.4361108144124349,20.06
2021-01-01,9.07,21.15,86.34,1.49,0.457366943359375,0.4418099721272786,16.52
2021-01-02,3.26,20.95,85.3,1.55,0.4509175618489583,0.4464842478434245,17.22
2021-01-03,2.05,21.13,83.03,1.57,0.44601885477701825,0.44327354431152344,19.12
2021-01-04,0.78,20.39,80.72,1.12,0.4292519887288411,0.4367815653483073,20.27
2021-01-05,0.41,21.36,73.61,0.84,0.41336949666341144,0.4287300109863281,21.61
2021-01-06,0.79,21.9,74.83,0.56,0.4032357533772786,0.4208106994628906,20.39
2021-01-07,0.75,23.01,68.83,0.28,0.39435704549153644,0.41385777791341144,18.62
2021-01-08,9.77,22.46,83.23,0.83,0.4268945058186849,0.411529541015625,15.44
2021-01-09,0.78,22.56,82.52,0.59,0.4333000183105469,0.4204521179199219,14.52
2021-01-10,3.37,21.68,85.23,1.35,0.4308961232503255,0.42047373453776044,16.27
2021-01-11,2.12,21.93,82.46,1.46,0.4236939748128255,0.41945775349934894,15.05
2021-01-12,0.79,21.1,78.06,1.49,0.41608301798502606,0.4168478647867839,19.5
2021-01-13,0.1,20.96,78.92,1.18,0.39734331766764325,0.4109656016031901,21.28
2021-01-14,0.27,22.0,75.38,0.72,0.3813667297363281,0.4037666320800781,21.24
2021-01-15,0.36,22.3,78.22,0.84,0.37024815877278644,0.39680226643880206,19.82
2021-01-16,0.01,21.81,68.3,0.76,0.3594786326090495,0.3902269999186198,20.88
2021-01-17,0.01,21.55,67.83,1.0,0.3458849589029948,0.38321495056152344,22.86
2021-01-18,0.31,21.5,68.37,1.21,0.3328132629394531,0.37586021423339844,22.41
2021-01-19,0.05,20.91,67.47,1.61,0.3200721740722656,0.3688367207845052,22.91
2021-01-20,0.48,21.31,75.33,1.63,0.30965550740559894,0.3621253967285156,20.22
2021-01-21,0.31,21.04,78.46,1.4,0.3016643524169922,0.3565101623535156,19.6
2021-01-22,0.57,21.72,74.29,1.09,0.2955373128255208,0.35130945841471356,21.3
2021-01-23,0.16,22.77,70.95,0.99,0.288787841796875,0.34614117940266925,22.83
2021-01-24,0.73,22.32,76.57,1.37,0.2825202941894531,0.3410682678222656,20.22
2021-01-25,0.28,21.62,72.82,1.5,0.27703094482421875,0.3365669250488281,21.06
2021-01-26,0.01,21.26,70.44,1.49,0.2670981089274089,0.33185450236002606,22.59
2021-01-27,0.02,21.18,71.1,1.31,0.25751495361328125,0.32710901896158856,21.11
2021-01-28,0.74,21.91,76.65,1.48,0.25233904520670575,0.3228340148925781,21.19
2021-01-29,0.24,21.42,69.94,1.5,0.25013097127278644,0.319003423055013,22.51
2021-01-30,0.58,20.46,68.43,1.42,0.24291229248046875,0.31498972574869794,22.33
2021-01-31,1.84,21.63,73.92,1.37,0.24352709452311197,0.31142107645670575,21.39
2021-02-01,2.9,23.15,72.52,0.88,0.2646656036376953,0.30866050720214844,20.81
2021-02-02,1.53,24.37,68.74,0.35,0.2718009948730469,0.3064950307210286,20.09
2021-02-03,2.1,23.6,75.37,0.77,0.2769571940104167,0.3045800526936849,18.45
2021-02-04,1.9,23.69,71.73,0.86,0.2866783142089844,0.30297597249348956,19.7
2021-02-05,1.84,24.01,69.64,0.97,0.2855854034423828,0.301089604695638,21.96
2021-02-06,1.07,23.85,72.53,1.22,0.2897256215413411,0.2990709940592448,23.26
2021-02-07,0.81,22.96,72.83,1.06,0.2805194854736328,0.29691823323567706,22.05
2021-02-08,1.07,23.8,69.64,1.2,0.27465375264485675,0.29479026794433594,23.0
2021-02-09,4.08,22.16,78.96,1.46,0.2851263682047526,0.2929693857828776,18.61
2021-02-10,3.33,23.3,72.96,1.24,0.30140240987141925,0.2921498616536458,19.84
2021-02-11,1.12,22.23,67.45,1.33,0.30881373087565106,0.2913290659586589,22.69
2021-02-12,10.14,22.73,71.75,1.01,0.3208605448404948,0.29032007853190106,21.9
2021-02-13,1.95,23.8,67.79,0.34,0.3712469736735026,0.2994499206542969,20.03
2021-02-14,3.68,24.53,67.78,0.31,0.35634295145670575,0.30390485127766925,16.63
2021-02-15,4.35,24.23,73.49,1.01,0.37761815388997394,0.3103453318277995,21.5
2021-02-16,2.83,23.31,72.96,1.17,0.3633626302083333,0.31397565205891925,19.62
2021-02-17,5.09,22.63,73.46,1.5,0.37344614664713544,0.31700388590494794,20.31
2021-02-18,1.82,22.15,70.71,1.55,0.37160682678222656,0.32214800516764325,22.87
2021-02-19,3.27,22.51,67.77,1.08,0.360836664835612,0.32318687438964844,22.89
2021-02-20,6.55,23.28,70.15,1.2,0.3664652506510417,0.3242181142171224,18.8
2021-02-21,3.93,22.63,71.69,1.41,0.3851203918457031,0.33248138427734375,20.37
2021-02-22,3.37,22.13,72.0,1.52,0.3812878926595052,0.33910687764485675,20.51
2021-02-23,2.38,22.94,70.06,1.16,0.3703905741373698,0.34154637654622394,20.2
2021-02-24,6.24,22.59,78.1,1.52,0.3863538106282552,0.3439445495605469,15.18
2021-02-25,13.29,22.45,82.81,1.83,0.4183979034423828,0.35965410868326825,14.06
2021-02-26,17.65,22.57,81.86,1.84,0.41393280029296875,0.3956858317057292,17.01
2021-02-27,6.23,22.1,77.1,2.07,0.4358208974202474,0.3942025502522786,19.57
2021-02-28,1.96,21.66,71.12,1.98,0.4201971689860026,0.39473533630371094,21.74
2021-03-01,0.56,21.83,62.35,1.86,0.39569536844889325,0.3882764180501302,25.59
2021-03-02,0.02,20.78,65.83,1.53,0.3693777720133464,0.3793983459472656,26.16
2021-03-03,0.0,21.94,46.43,1.21,0.3470713297526042,0.37019983927408856,27.37
2021-03-04,0.44,23.4,55.57,0.72,0.3279914855957031,0.3612524668375651,25.87
2021-03-05,2.36,23.16,68.91,0.64,0.3295968373616536,0.35443878173828125,20.04
2021-03-06,4.28,23.66,69.81,0.71,0.3541418711344401,0.3503348032633464,19.54
2021-03-07,3.68,24.71,73.72,1.08,0.3594214121500651,0.347622553507487,19.89
2021-03-08,1.81,23.19,76.43,1.62,0.3687928517659505,0.34668858846028644,16.58
2021-03-09,6.11,22.2,77.36,1.83,0.37103843688964844,0.3459269205729167,18.04
2021-03-10,2.51,21.82,73.26,1.59,0.38941001892089844,0.350216547648112,22.96
2021-03-11,1.99,22.49,69.26,1.03,0.3729108174641927,0.35087013244628906,18.66
2021-03-12,4.44,23.16,68.55,1.14,0.3762226104736328,0.35042762756347656,23.07
2021-03-13,7.75,22.84,71.86,1.26,0.3955834706624349,0.3545481363932292,21.01
2021-03-14,18.13,22.53,77.51,1.35,0.4110088348388672,0.37340227762858075,19.37
2021-03-15,15.19,22.55,81.06,1.4,0.41413625081380206,0.39706993103027344,17.59
2021-03-16,30.87,21.78,87.73,1.44,0.4219074249267578,0.4068806966145833,13.59
2021-03-17,11.91,21.83,83.55,1.44,0.4676202138264974,0.42880821228027344,15.67
2021-03-18,5.66,22.58,82.4,1.47,0.4507605234781901,0.4318733215332031,18.84
2021-03-19,5.78,22.21,81.5,1.31,0.4483356475830078,0.43175188700358075,18.02
2021-03-20,2.4,22.25,76.0,1.4,0.4375559488932292,0.4278450012207031,23.41
2021-03-21,1.19,22.13,71.93,1.2,0.4175726572672526,0.4200286865234375,24.46
2021-03-22,1.95,22.93,72.89,0.74,0.40783055623372394,0.4122670491536458,20.24
2021-03-23,8.29,22.87,79.06,0.24,0.41222190856933594,0.40758196512858075,15.86
2021-03-24,18.45,22.32,87.81,0.83,0.4522908528645833,0.4260915120442708,15.36
2021-03-25,40.16,22.5,85.08,1.31,0.4677594502766927,0.4489447275797526,16.95
2021-03-26,3.32,22.1,77.77,1.76,0.4588762919108073,0.456546147664388,22.82
2021-03-27,1.85,21.26,75.43,1.67,0.4380321502685547,0.4410260518391927,22.93
2021-03-28,2.88,21.93,76.07,1.6,0.4289671579996745,0.4298604329427083,21.75
2021-03-29,18.5,22.7,83.92,1.57,0.45531145731608075,0.43803977966308594,17.94
2021-03-30,13.35,23.11,83.39,1.48,0.4501209259033203,0.44034385681152344,19.29
2021-03-31,9.5,22.9,81.33,1.58,0.4590460459391276,0.45054372151692706,15.78
2021-04-01,6.08,22.22,84.76,1.39,0.4556128184000651,0.452114741007487,12.31
2021-04-02,23.6,22.43,88.02,0.94,0.45048967997233075,0.4291852315266927,10.76
2021-04-03,18.17,23.15,84.98,0.71,0.46063486735026044,0.4546209971110026,14.88
2021-04-04,9.76,22.45,88.24,1.0,0.4479713439941406,0.42384592692057294,11.85
2021-04-05,2.6,22.6,83.72,0.99,0.4497826894124349,0.4310894012451172,16.08
2021-04-06,7.02,22.88,89.2,0.91,0.4477195739746094,0.43045488993326825,12.58
2021-04-07,8.84,23.09,85.79,0.43,0.4712403615315755,0.45489756266276044,10.29
2021-04-08,14.24,22.8,89.64,0.54,0.4495677947998047,0.4556090037027995,9.25
2021-04-09,4.44,23.24,87.89,0.68,0.46490478515625,0.4525146484375,12.9
2021-04-10,2.22,22.99,86.84,0.61,0.45292917887369794,0.4480934143066406,15.11
2021-04-11,2.48,23.42,83.01,0.5,0.4465535481770833,0.4418265024820964,17.41
2021-04-12,2.47,24.7,78.48,0.29,0.4393927256266276,0.4360802968343099,18.27
2021-04-13,6.98,24.78,78.24,0.17,0.44466590881347656,0.4325021107991536,17.97
2021-04-14,22.84,23.33,89.05,0.79,0.46897315979003906,0.4548072814941406,13.7
2021-04-15,6.66,22.67,88.11,0.63,0.4737173716227214,0.4653790791829427,12.4
2021-04-16,23.25,23.32,87.37,0.38,0.4676583607991536,0.4666252136230469,12.32
2021-04-17,6.28,23.9,82.94,0.15,0.4562492370605469,0.4694754282633464,17.1
2021-04-18,0.7,24.33,76.17,0.48,0.4572989145914714,0.4572823842366536,19.83
2021-04-19,0.4,24.57,69.51,0.54,0.43094952901204425,0.4433460235595703,23.68
2021-04-20,11.24,24.26,77.35,0.82,0.424533208211263,0.4330018361409505,23.44
2021-04-21,11.76,22.69,83.34,0.85,0.4602521260579427,0.4578329722086589,19.23
2021-04-22,5.09,23.44,77.77,0.69,0.4259026845296224,0.4443035125732422,19.97
2021-04-23,3.77,23.73,80.76,1.07,0.4338906606038411,0.43359375,22.51
2021-04-24,9.06,23.51,84.57,0.59,0.4565588633219401,0.43656158447265625,16.71
2021-04-25,3.26,23.58,84.01,0.73,0.4501221974690755,0.44192949930826825,20.3
2021-04-26,2.26,23.3,84.5,1.01,0.4435202280680339,0.4388345082600911,18.33
2021-04-27,12.72,22.73,89.39,1.07,0.4562479654947917,0.451663335164388,13.8
2021-04-28,25.92,21.72,91.76,0.68,0.4523436228434245,0.4632835388183594,10.51
2021-04-29,46.96,22.02,91.02,0.62,0.4680004119873047,0.4634011586507161,17.68
2021-04-30,15.49,21.88,87.96,0.32,0.45644378662109375,0.46120262145996094,13.39
2021-05-01,5.68,22.4,85.94,0.24,0.4683144887288411,0.46152623494466144,18.1
2021-05-02,9.9,22.83,88.8,0.44,0.4645576477050781,0.4627539316813151,17.64
2021-05-03,25.78,22.17,91.22,0.41,0.45789527893066406,0.4731941223144531,8.48
2021-05-04,57.9,21.64,92.48,0.33,0.4650656382242839,0.4734331766764323,7.84
2021-05-05,20.28,22.35,88.43,0.72,0.4735126495361328,0.46202850341796875,12.03
2021-05-06,31.68,22.09,91.29,0.77,0.45757293701171875,0.4743785858154297,11.53
2021-05-07,14.35,22.24,89.14,0.71,0.472476323445638,0.47876612345377606,12.59
2021-05-08,26.18,22.47,89.18,0.75,0.4692083994547526,0.4744281768798828,12.27
2021-05-09,15.88,22.16,90.74,1.17,0.46613438924153644,0.4735552469889323,10.71
2021-05-10,7.01,22.65,86.29,0.91,0.4713459014892578,0.4640922546386719,12.1
2021-05-11,7.26,23.06,86.22,1.25,0.4384880065917969,0.4634329477945964,18.13
2021-05-12,1.2,23.05,84.81,1.21,0.4221051534016927,0.44507598876953125,18.36
2021-05-13,0.13,23.6,77.97,1.13,0.4152577718098958,0.4345041910807292,21.48
2021-05-14,0.06,23.32,74.15,1.1,0.3984489440917969,0.4248879750569661,23.39
2021-05-15,0.57,23.62,78.18,0.95,0.3835137685139974,0.41556676228841144,24.11
2021-05-16,1.25,24.14,81.01,0.65,0.37704722086588544,0.40769004821777344,19.97
2021-05-17,14.11,23.52,89.66,0.61,0.4304313659667969,0.40731175740559894,11.82
2021-05-18,9.06,23.44,87.08,0.41,0.46929359436035156,0.4358959197998047,15.15
2021-05-19,18.72,23.91,85.67,0.14,0.46677207946777344,0.4576536814371745,16.0
2021-05-20,13.55,23.74,85.05,0.38,0.4596169789632161,0.4690265655517578,17.97
2021-05-21,13.36,23.72,86.61,0.62,0.4544137318929036,0.47262001037597656,15.56
2021-05-22,16.98,23.52,89.61,0.73,0.45756785074869794,0.4691333770751953,13.21
2021-05-23,8.0,23.37,88.23,0.77,0.4734954833984375,0.46958478291829425,13.52
2021-05-24,2.93,23.82,84.86,0.97,0.4666576385498047,0.4709936777750651,17.73
2021-05-25,5.28,23.61,88.07,1.13,0.46297264099121094,0.46433258056640625,12.96
2021-05-26,0.06,23.56,75.64,1.28,0.4524847666422526,0.4612572987874349,20.73
2021-05-27,3.53,23.31,81.17,1.0,0.43459002176920575,0.4498729705810547,23.21
2021-05-28,11.47,23.3,88.76,0.74,0.4606456756591797,0.4509499867757161,13.44
2021-05-29,17.64,22.32,93.02,0.63,0.4595133463541667,0.46237627665201825,7.71
2021-05-30,12.29,22.51,91.62,0.65,0.45064544677734375,0.46408526102701825,8.64
2021-05-31,0.79,22.98,84.0,0.91,0.45660400390625,0.4718157450358073,18.2
2021-06-01,10.03,23.31,89.52,0.79,0.4609050750732422,0.4622364044189453,14.64
2021-06-02,10.97,23.35,85.56,0.46,0.4817638397216797,0.4787762959798177,12.26
2021-06-03,6.57,23.0,86.93,0.88,0.4761664072672526,0.47829564412434894,15.99
2021-06-04,8.75,23.28,88.48,0.66,0.4787476857503255,0.478668212890625,12.59
2021-06-05,12.89,23.61,86.73,0.64,0.4652220408121745,0.4751904805501302,15.36
2021-06-06,13.25,23.53,87.62,0.68,0.48006248474121094,0.4698956807454427,12.71
2021-06-07,8.27,22.84,87.14,0.97,0.4755878448486328,0.4715391794840495,9.45
2021-06-08,3.01,22.51,82.89,0.82,0.4722131093343099,0.4739176432291667,13.04
2021-06-09,3.13,23.42,80.66,0.08,0.46297772725423175,0.4644355773925781,13.61
2021-06-10,0.73,23.53,81.89,0.23,0.44805653889973956,0.4551709493001302,21.17
2021-06-11,3.49,24.38,83.49,0.21,0.4377492268880208,0.4449011484781901,19.83
2021-06-12,9.97,23.77,85.3,0.24,0.45551427205403644,0.44316673278808594,15.95
2021-06-13,9.13,24.15,83.95,0.14,0.4726708730061849,0.4659690856933594,16.77
2021-06-14,0.88,23.59,79.87,0.03,0.4596290588378906,0.46632130940755206,21.71
2021-06-15,0.54,23.47,81.58,0.3,0.43982505798339844,0.45484670003255206,16.66
2021-06-16,0.27,24.2,74.33,0.76,0.4283123016357422,0.4454663594563802,23.45
2021-06-17,1.16,23.52,80.7,0.85,0.41639137268066406,0.4354381561279297,16.83
2021-06-18,4.12,24.32,82.33,0.19,0.42156092325846356,0.4293098449707031,15.76
2021-06-19,0.57,24.83,73.14,0.68,0.42709604899088544,0.42711830139160156,22.41
2021-06-20,1.9,24.03,77.97,0.86,0.4104010264078776,0.4212958017985026,19.99
2021-06-21,0.87,24.41,74.42,0.64,0.410403569539388,0.4161872863769531,19.59
2021-06-22,0.17,24.21,72.28,0.78,0.3943888346354167,0.41049830118815106,20.17
2021-06-23,1.59,23.5,77.75,0.69,0.37959543863932294,0.4036629994710286,20.36
2021-06-24,19.72,22.36,88.93,0.62,0.4110705057779948,0.40261586507161456,11.13
2021-06-25,19.83,22.65,86.42,0.39,0.4632587432861328,0.46582667032877606,14.27
2021-06-26,11.88,22.41,87.96,0.23,0.464630126953125,0.4596595764160156,10.12
2021-06-27,14.22,22.46,87.07,0.39,0.4537207285563151,0.46717198689778644,13.81
2021-06-28,1.37,23.9,77.95,0.55,0.45671717325846356,0.46036656697591144,19.66
2021-06-29,0.19,23.71,75.31,0.88,0.43870290120442706,0.4520378112792969,22.28
2021-06-30,0.62,23.36,80.54,1.08,0.4216785430908203,0.4416879018147786,21.96
2021-07-01,3.62,23.57,82.39,0.26,0.42426109313964844,0.43358929951985675,17.7
2021-07-02,3.04,22.92,83.62,0.17,0.4367968241373698,0.43075116475423175,17.59
2021-07-03,2.31,23.41,84.01,0.57,0.4308878580729167,0.42833582560221356,15.51
2021-07-04,3.68,23.97,75.35,0.22,0.4316914876302083,0.4262351989746094,20.39
2021-07-05,0.84,24.0,75.74,0.22,0.4313863118489583,0.4250710805257161,23.29
2021-07-06,1.81,24.04,78.27,0.61,0.4113616943359375,0.419827143351237,22.5
2021-07-07,4.27,23.6,80.85,1.18,0.4261620839436849,0.41648610432942706,20.72
2021-07-08,0.79,23.68,76.92,1.3,0.41501490275065106,0.41418711344401044,19.29
2021-07-09,5.85,22.6,82.71,1.4,0.412686030069987,0.41026751200358075,17.67
2021-07-10,7.78,22.11,89.69,0.9,0.44561004638671875,0.4186700185139974,8.62
2021-07-11,8.86,22.32,83.05,0.95,0.46674474080403644,0.4419873555501302,11.65
2021-07-12,0.68,23.69,76.58,0.88,0.4433733622233073,0.44408226013183594,21.72
2021-07-13,0.71,24.43,70.71,1.04,0.42490196228027344,0.4346078236897786,21.32
2021-07-14,0.29,23.81,69.93,1.2,0.40647633870442706,0.4252001444498698,19.53
2021-07-15,4.62,23.26,81.49,0.91,0.40205955505371094,0.4170551300048828,16.96
2021-07-16,5.53,23.99,81.91,0.79,0.4373340606689453,0.4212748209635417,18.31
2021-07-17,0.34,24.39,72.72,1.16,0.41985448201497394,0.42146937052408856,22.17
2021-07-18,0.23,23.63,68.54,1.0,0.39670244852701825,0.41375986735026044,24.24
2021-07-19,1.09,25.1,67.22,0.64,0.3781789143880208,0.4046885172526042,24.31
2021-07-20,3.3,24.02,76.98,1.12,0.3818060557047526,0.3972524007161458,18.79
2021-07-21,3.44,23.71,77.49,1.45,0.3882465362548828,0.39313824971516925,19.55
2021-07-22,3.19,23.59,77.97,1.33,0.3966064453125,0.3910401662190755,18.96
2021-07-23,2.76,24.06,81.78,1.0,0.4025707244873047,0.39115460713704425,19.4
2021-07-24,5.17,24.21,81.07,0.35,0.39696375528971356,0.3899847666422526,18.33
2021-07-25,13.61,22.54,89.99,0.63,0.4565442403157552,0.40677833557128906,9.23
2021-07-26,6.18,22.8,85.56,0.2,0.4581807454427083,0.42944971720377606,12.55
2021-07-27,4.48,22.92,85.43,0.67,0.4599742889404297,0.4386297861735026,13.04
2021-07-28,2.37,23.32,82.62,0.91,0.443820317586263,0.43742815653483075,21.22
2021-07-29,4.01,24.22,78.21,0.21,0.4412269592285156,0.432247797648112,19.29
2021-07-30,0.55,24.95,75.6,0.11,0.43131573994954425,0.4285634358723958,19.44
2021-07-31,1.06,24.27,77.78,1.01,0.41451454162597656,0.421536127726237,23.53
2021-08-01,4.96,24.55,78.35,0.77,0.4055563608805339,0.4135748545328776,20.81
2021-08-02,5.01,24.57,80.71,0.28,0.43208948771158856,0.41567738850911456,14.43
2021-08-03,4.11,24.15,77.23,0.27,0.43236732482910156,0.42133204142252606,15.56
2021-08-04,8.27,23.71,80.24,0.09,0.44243621826171875,0.4243418375651042,13.16
2021-08-05,2.77,24.52,75.88,0.63,0.4447275797526042,0.43135706583658856,20.13
2021-08-06,0.68,24.95,72.55,0.56,0.4260266621907552,0.4251848856608073,22.55
2021-08-07,3.44,24.11,79.2,0.67,0.4192975362141927,0.4176489512125651,21.02
2021-08-08,6.35,24.05,77.67,0.89,0.4370644887288411,0.4179096221923828,21.35
2021-08-09,0.56,24.06,72.23,0.91,0.4210376739501953,0.41620635986328125,23.73
2021-08-10,4.55,24.33,76.32,0.81,0.40578142801920575,0.4091358184814453,19.41
2021-08-11,14.05,23.82,84.06,0.38,0.43828900655110675,0.4166615804036458,16.7
2021-08-12,3.67,24.68,77.1,0.24,0.4474067687988281,0.4335072835286458,22.5
2021-08-13,1.53,24.58,73.73,0.36,0.43229230244954425,0.4251861572265625,21.7
2021-08-14,1.86,23.98,77.89,0.58,0.415683110555013,0.417324701944987,18.19
2021-08-15,3.9,23.53,82.18,0.68,0.4176445007324219,0.4119548797607422,15.57
2021-08-16,8.19,23.76,80.1,0.57,0.429229736328125,0.41112200419108075,18.8
2021-08-17,6.01,23.3,84.0,0.38,0.4451681772867839,0.423702875773112,17.21
2021-08-18,13.15,23.35,82.82,0.59,0.4170385996500651,0.42854944864908856,19.99
2021-08-19,4.68,23.75,83.63,0.58,0.42728296915690106,0.41818682352701825,18.21
2021-08-20,2.87,23.07,83.1,0.35,0.43438084920247394,0.4179617563883464,18.7
2021-08-21,5.8,23.58,81.73,0.33,0.42692311604817706,0.41582489013671875,20.59
2021-08-22,11.88,23.61,85.67,0.76,0.46068700154622394,0.43229039510091144,18.73
2021-08-23,14.74,23.37,86.32,0.76,0.4475180308024089,0.4414685567220052,16.05
2021-08-24,23.65,22.7,89.63,0.38,0.46677080790201825,0.4443174997965495,13.63
2021-08-25,57.45,22.38,91.39,0.76,0.46348826090494794,0.4550514221191406,10.0
2021-08-26,4.7,23.21,86.26,0.55,0.4536813100179036,0.44250043233235675,16.49
2021-08-27,3.64,23.57,81.38,0.71,0.4588050842285156,0.4476617177327474,22.86
2021-08-28,0.24,23.89,78.19,0.96,0.43045298258463544,0.4401194254557292,22.02
2021-08-29,3.13,23.59,80.43,1.11,0.4162120819091797,0.4301916758219401,19.64
2021-08-30,2.32,23.54,80.6,0.17,0.4260520935058594,0.42493629455566406,13.39
2021-08-31,5.75,22.21,89.14,0.9,0.44879404703776044,0.42635854085286456,10.27
2021-09-01,9.2,23.42,81.54,0.22,0.45180320739746094,0.43229103088378906,17.52
2021-09-02,2.6,24.4,78.88,0.47,0.4564037322998047,0.4499492645263672,21.21
2021-09-03,0.39,24.81,73.85,0.77,0.4334246317545573,0.44331614176432294,23.03
2021-09-04,1.1,24.04,81.02,0.92,0.4166552225748698,0.43316078186035156,20.77
2021-09-05,6.3,23.07,88.05,0.49,0.42319997151692706,0.42581748962402344,14.96
2021-09-06,9.76,23.12,87.29,0.19,0.446319580078125,0.4322560628255208,16.84
2021-09-07,5.66,22.72,88.4,0.44,0.46158472696940106,0.4516588846842448,11.99
2021-09-08,2.85,23.6,83.94,0.32,0.45425160725911456,0.4511089324951172,15.66
2021-09-09,1.35,24.03,77.91,0.21,0.44452540079752606,0.446929931640625,21.24
2021-09-10,0.48,24.06,74.3,0.92,0.4293448130289714,0.4393755594889323,23.41
2021-09-11,1.66,23.78,78.15,0.7,0.41564305623372394,0.4300689697265625,20.17
2021-09-12,4.51,23.32,81.98,0.47,0.42175928751627606,0.42399152119954425,14.18
2021-09-13,0.66,23.4,80.43,0.23,0.42690086364746094,0.42331504821777344,18.05
2021-09-14,2.24,24.13,77.04,0.24,0.41192881266276044,0.41879526774088544,19.3
2021-09-15,0.19,24.08,72.95,0.07,0.4077720642089844,0.4140745798746745,21.35
2021-09-16,0.24,24.93,68.89,0.4,0.3880615234375,0.4070110321044922,23.62
2021-09-17,0.66,24.77,72.69,0.9,0.3710034688313802,0.39878273010253906,22.02
2021-09-18,1.04,24.55,74.94,0.89,0.3638159434000651,0.3914915720621745,22.12
2021-09-19,2.12,24.0,80.28,0.51,0.3584556579589844,0.3851935068766276,18.74
2021-09-20,5.92,23.53,84.57,0.57,0.37566502888997394,0.38165283203125,13.82
2021-09-21,7.74,23.47,84.31,0.52,0.4362951914469401,0.38944753011067706,15.04
2021-09-22,2.26,24.07,82.91,0.33,0.4220714569091797,0.3965721130371094,16.21
2021-09-23,2.36,23.85,81.57,0.52,0.41610081990559894,0.3971290588378906,17.58
2021-09-24,1.25,24.26,77.29,0.25,0.41070302327473956,0.3963756561279297,20.18
2021-09-25,0.4,24.99,68.51,0.34,0.39160410563151044,0.39284706115722656,22.89
2021-09-26,1.85,25.28,73.53,0.6,0.3756186167399089,0.3870900472005208,20.89
2021-09-27,2.03,24.92,75.93,0.58,0.3739827473958333,0.382663091023763,20.64
2021-09-28,10.76,23.73,83.83,0.2,0.3947296142578125,0.380520502726237,16.25
2021-09-29,14.11,23.62,82.87,0.36,0.43354034423828125,0.42122650146484375,12.31
2021-09-30,27.6,22.7,87.1,0.14,0.4529946645100911,0.434726079305013,14.32
2021-10-01,14.0,22.94,85.13,0.25,0.4387073516845703,0.4505907694498698,16.13
2021-10-02,5.5,23.47,79.44,0.38,0.4680411020914714,0.4587167104085286,17.04
2021-10-03,10.27,23.7,80.96,0.31,0.466427485148112,0.4616432189941406,17.83
2021-10-04,9.22,23.87,84.5,0.23,0.432034174601237,0.44850730895996094,17.77
2021-10-05,5.47,24.16,84.49,0.22,0.4649130503336589,0.4528706868489583,16.41
2021-10-06,1.21,24.1,80.94,0.83,0.45347023010253906,0.4523487091064453,19.16
2021-10-07,0.94,24.45,76.82,0.8,0.4315172831217448,0.4431743621826172,22.33
2021-10-08,3.57,24.48,79.61,0.68,0.4221413930257161,0.4331226348876953,21.79
2021-10-09,7.63,23.92,84.69,0.47,0.44296900431315106,0.4297955830891927,17.53
2021-10-10,6.43,23.43,86.76,0.29,0.4550774892171224,0.4415473937988281,15.32
2021-10-11,26.58,22.68,90.75,0.36,0.469174067179362,0.46268463134765625,7.78
2021-10-12,4.53,23.71,85.72,0.31,0.47095489501953125,0.4699300130208333,14.9
2021-10-13,5.31,23.49,86.9,0.47,0.4688256581624349,0.46561431884765625,12.29
2021-10-14,2.05,24.27,80.8,0.14,0.4594281514485677,0.4628912607828776,16.92
2021-10-15,9.53,23.9,83.75,0.17,0.46839459737141925,0.46112696329752606,17.35
2021-10-16,14.67,23.41,88.79,0.31,0.4540945688883464,0.4640051523844401,13.54
2021-10-17,5.54,23.02,90.85,0.32,0.46985626220703125,0.4579366048177083,13.07
2021-10-18,1.88,23.69,84.17,0.33,0.4593760172526042,0.4561392466227214,21.61
2021-10-19,1.83,23.91,81.25,0.65,0.438446044921875,0.4462318420410156,20.54
2021-10-20,0.4,24.5,76.52,0.75,0.42849477132161456,0.4370930989583333,22.34
2021-10-21,2.99,24.0,80.0,0.44,0.416439692179362,0.42839304606119794,20.23
2021-10-22,1.23,23.68,82.59,0.26,0.4201558430989583,0.4232025146484375,19.12
2021-10-23,10.61,23.73,84.98,0.48,0.4538186391194661,0.42736371358235675,17.03
2021-10-24,1.64,23.65,83.33,0.42,0.44611676534016925,0.43625768025716144,18.72
2021-10-25,0.67,23.54,80.35,1.01,0.4281120300292969,0.4322611490885417,21.83
2021-10-26,1.53,23.63,77.4,0.59,0.4096508026123047,0.42460187276204425,20.3
2021-10-27,4.96,23.39,83.96,0.18,0.4180062611897786,0.41960398356119794,17.46
2021-10-28,2.87,23.69,80.65,0.48,0.4336509704589844,0.4192358652750651,14.72
2021-10-29,4.89,23.26,83.31,0.57,0.44640032450358075,0.4229418436686198,10.47
2021-10-30,8.27,22.6,86.18,0.47,0.45001983642578125,0.43000348409016925,13.51
2021-10-31,16.6,22.3,89.51,0.25,0.4662240346272786,0.4576435089111328,14.32
2021-11-01,10.49,22.83,85.72,0.27,0.4648113250732422,0.4616127014160156,13.04
2021-11-02,1.64,22.32,80.49,0.76,0.4649823506673177,0.46584510803222656,14.03
2021-11-03,6.06,22.86,81.55,0.34,0.4535833994547526,0.45844078063964844,18.66
2021-11-04,7.28,23.14,84.29,0.48,0.46244239807128906,0.4616902669270833,16.27
2021-11-05,3.05,23.44,83.08,0.34,0.4249776204427083,0.4492053985595703,19.93
2021-11-06,0.02,23.62,76.48,0.31,0.4163201649983724,0.43689537048339844,21.3
2021-11-07,0.24,24.06,75.08,0.36,0.40205637613932294,0.4263617197672526,20.69
2021-11-08,6.84,23.62,85.95,0.49,0.4147783915201823,0.4191608428955078,16.89
2021-11-09,0.46,22.91,81.08,1.09,0.430999755859375,0.4198004404703776,19.57
2021-11-10,0.45,22.7,77.28,0.95,0.4077504475911458,0.4156055450439453,20.66
2021-11-11,0.03,22.83,70.85,0.91,0.39170265197753906,0.40956751505533856,23.3
2021-11-12,0.08,22.51,73.6,1.03,0.3741766611735026,0.402462641398112,20.43
2021-11-13,0.58,23.07,76.79,0.81,0.36285146077473956,0.3960978190104167,19.62
2021-11-14,1.78,23.14,80.45,1.06,0.36422093709309894,0.3908863067626953,18.94
2021-11-15,1.79,23.18,79.42,1.03,0.3634866078694661,0.3867390950520833,19.36
2021-11-16,0.83,22.93,74.95,1.28,0.3648153940836589,0.38284556070963544,20.06
2021-11-17,0.25,22.5,68.14,1.26,0.35060564676920575,0.37812360127766925,21.62
2021-11-18,0.02,23.48,69.27,1.2,0.3342304229736328,0.3725840250651042,21.3
2021-11-19,0.35,23.15,73.69,1.08,0.3217722574869792,0.36727650960286456,19.21
2021-11-20,0.49,23.47,72.29,0.61,0.31376012166341144,0.36252466837565106,20.06
2021-11-21,2.95,23.08,82.68,0.83,0.320834477742513,0.3584664662679036,16.67
2021-11-22,8.13,22.98,85.76,0.4,0.34408823649088544,0.3566048940022786,12.54
2021-11-23,15.79,22.76,86.68,0.19,0.4558951059977214,0.3779226938883464,10.91
2021-11-24,12.67,22.41,89.19,0.46,0.4697564442952474,0.4191811879475911,9.13
2021-11-25,9.78,21.98,88.93,0.9,0.462249755859375,0.4460519154866536,11.76
2021-11-26,13.69,21.63,91.27,0.69,0.46404774983723956,0.4571997324625651,6.31
2021-11-27,9.06,22.39,85.4,0.26,0.4362710316975911,0.45008214314778644,12.5
2021-11-28,15.49,22.3,88.37,0.97,0.4798043568929036,0.4770183563232422,11.4
2021-11-29,1.62,23.24,80.38,0.94,0.4611549377441406,0.4681841532389323,17.65
2021-11-30,1.4,23.16,81.52,1.04,0.4512621561686198,0.45812733968098956,17.12
2021-12-01,1.0,22.71,77.3,1.21,0.4394582112630208,0.44979222615559894,19.25
2021-12-02,1.44,23.33,68.62,0.8,0.4250437418619792,0.4404455820719401,19.81
2021-12-03,0.11,22.76,76.32,1.28,0.4184449513753255,0.4323876698811849,18.49
2021-12-04,1.21,22.04,79.9,1.36,0.40788014729817706,0.42455164591471356,17.92
2021-12-05,1.16,22.56,80.2,1.38,0.40330950419108075,0.41809844970703125,16.11
2021-12-06,0.66,22.59,78.24,1.36,0.39687538146972656,0.41228675842285156,19.44
2021-12-07,1.32,22.04,79.99,1.47,0.3877067565917969,0.40611902872721356,16.79
2021-12-08,2.95,21.95,79.76,1.44,0.39113426208496094,0.40137799580891925,17.39
2021-12-09,2.47,22.42,79.13,1.54,0.39612452189127606,0.3979028065999349,18.53
2021-12-10,1.17,22.05,77.48,1.64,0.3982378641764323,0.3951117197672526,18.26
2021-12-11,0.24,21.86,71.03,1.35,0.3821697235107422,0.391384760538737,21.26
2021-12-12,0.02,22.64,65.01,1.01,0.3634777069091797,0.3859272003173828,20.63
2021-12-13,0.4,22.86,69.72,1.17,0.34854380289713544,0.3801275889078776,19.34
2021-12-14,4.0,21.83,77.06,1.18,0.3467877705891927,0.37519073486328125,16.38
2021-12-15,3.84,23.13,78.18,1.06,0.3789437611897786,0.3734353383382161,15.37
2021-12-16,9.34,22.47,81.7,1.39,0.4229056040445964,0.3813730875651042,15.94
2021-12-17,3.74,22.2,77.69,1.56,0.4234606424967448,0.3965288798014323,15.98
2021-12-18,1.0,21.96,75.37,1.32,0.4028269449869792,0.397274653116862,16.53
2021-12-19,10.56,22.41,84.04,1.24,0.4219716389973958,0.3984292348225911,13.75
2021-12-20,2.47,22.93,79.58,0.85,0.42931238810221356,0.4135996500651042,17.18
2021-12-21,4.8,23.31,79.37,0.34,0.42214330037434894,0.41188939412434894,14.12
2021-12-22,5.01,22.97,83.65,0.54,0.43207550048828125,0.4142144521077474,15.76
2021-12-23,1.98,22.97,82.22,0.26,0.43445714314778644,0.41748809814453125,15.77
2021-12-24,5.31,22.9,86.18,0.53,0.4357185363769531,0.4167582194010417,12.72
2021-12-25,6.13,23.2,80.12,1.26,0.4468873341878255,0.4277610778808594,19.09
2021-12-26,5.03,22.75,78.52,1.2,0.43426958719889325,0.4244759877522786,15.76
2021-12-27,5.52,22.66,82.79,1.43,0.4385337829589844,0.4262879689534505,16.3
2021-12-28,3.83,22.18,79.66,1.31,0.4361349741617839,0.4281501770019531,16.55
2021-12-29,0.9,21.98,75.61,1.18,0.4253184000651042,0.42361704508463544,17.72
2021-12-30,1.83,22.3,70.94,1.17,0.4099273681640625,0.41664377848307294,19.51
2021-12-31,1.56,21.48,74.38,1.19,0.40506235758463544,0.4106299082438151,19.49
2022-01-01,5.43,22.28,76.13,1.39,0.4168281555175781,0.40929222106933594,19.91
2022-01-02,0.12,22.72,66.74,1.19,0.4041004180908203,0.4076251983642578,21.78
2022-01-03,0.04,22.43,67.04,1.17,0.3823343912760417,0.40057945251464844,20.12
2022-01-04,0.26,21.21,70.63,1.41,0.3675009409586589,0.39281654357910156,20.84
2022-01-05,0.02,21.2,66.13,1.32,0.3536427815755208,0.3850396474202474,22.07
2022-01-06,0.31,22.19,66.36,1.06,0.3403434753417969,0.37728246053059894,21.38
2022-01-07,4.57,22.77,67.73,0.9,0.33823076883951825,0.3707160949707031,18.07
2022-01-08,6.18,21.81,75.71,1.25,0.38751475016276044,0.3698476155598958,12.57
2022-01-09,1.47,21.31,71.13,1.64,0.39118385314941406,0.375301996866862,19.72
2022-01-10,2.12,20.97,74.53,1.33,0.3804791768391927,0.3746045430501302,16.9
2022-01-11,5.33,21.44,79.01,1.17,0.3960863749186198,0.3753242492675781,11.37
2022-01-12,2.77,22.18,72.53,0.94,0.4005788167317708,0.38033803304036456,19.7
2022-01-13,3.06,22.57,72.71,0.38,0.3980140686035156,0.3815663655598958,17.92
2022-01-14,1.59,22.79,74.47,0.3,0.3925609588623047,0.3819739023844401,17.5
2022-01-15,4.19,22.33,77.12,1.04,0.3887182871500651,0.3802693684895833,17.75
2022-01-16,7.63,23.42,69.58,0.81,0.4005247751871745,0.38175710042317706,19.96
2022-01-17,5.14,23.31,75.29,0.7,0.4140440622965495,0.39695167541503906,17.53
2022-01-18,7.03,22.53,81.2,1.3,0.4309546152750651,0.4046179453531901,13.68
2022-01-19,0.36,21.83,69.43,1.37,0.41500282287597656,0.40549278259277344,21.7
2022-01-20,5.73,22.33,76.64,1.35,0.40400950113932294,0.39757728576660156,19.67
2022-01-21,4.34,22.71,78.32,1.3,0.4174213409423828,0.40078989664713544,16.1
2022-01-22,6.74,22.55,77.63,1.42,0.41770490010579425,0.4023660024007161,17.43
2022-01-23,2.62,22.33,77.55,1.03,0.41638819376627606,0.4078051249186198,16.1
2022-01-24,4.43,23.08,71.95,0.96,0.4096240997314453,0.40265464782714844,20.7
2022-01-25,1.6,22.82,71.31,1.05,0.40892791748046875,0.402035395304362,18.46
2022-01-26,1.09,22.94,73.53,1.04,0.39554405212402344,0.3968880971272786,18.14
2022-01-27,0.23,22.61,68.23,1.25,0.38265037536621094,0.3907642364501953,22.18
2022-01-28,0.53,21.91,68.27,0.97,0.3658447265625,0.383273442586263,22.86
2022-01-29,0.77,22.74,72.54,0.68,0.357208251953125,0.3765856424967448,19.19
2022-01-30,2.18,21.88,77.54,1.26,0.35622533162434894,0.37161890665690106,16.59
2022-01-31,0.9,22.65,68.41,0.93,0.3564351399739583,0.3677571614583333,22.5
2022-02-01,2.5,22.23,73.84,1.13,0.35622914632161456,0.3634796142578125,20.53
2022-02-02,5.8,22.89,73.45,1.1,0.3649241129557292,0.3607215881347656,18.44
2022-02-03,2.65,23.11,75.16,1.09,0.390194574991862,0.365023930867513,17.75
2022-02-04,10.14,22.77,77.71,1.42,0.40223948160807294,0.37158648173014325,18.42
2022-02-05,7.57,22.25,74.46,1.27,0.4157568613688151,0.3900458017985026,18.95
2022-02-06,10.43,22.51,73.3,1.04,0.41538047790527344,0.40167872111002606,21.19
2022-02-07,3.24,22.81,70.95,0.6,0.3848082224527995,0.39330482482910156,18.24
2022-02-08,7.91,23.13,78.04,0.39,0.41696421305338544,0.3928712209065755,17.78
2022-02-09,7.97,22.83,82.81,0.68,0.4214185078938802,0.4080651601155599,17.21
2022-02-10,3.09,22.95,77.9,1.35,0.42191441853841144,0.40253766377766925,20.88
2022-02-11,0.51,22.35,71.62,1.44,0.40253575642903644,0.3969612121582031,22.51
2022-02-12,1.81,22.02,71.17,1.45,0.3881683349609375,0.38992563883463544,20.77
2022-02-13,10.16,22.3,80.06,1.45,0.4205811818440755,0.39374351501464844,16.39
2022-02-14,3.34,22.22,76.57,1.51,0.41968218485514325,0.4007129669189453,18.48
2022-02-15,0.97,21.43,70.98,1.68,0.40619659423828125,0.3980140686035156,21.37
2022-02-16,0.81,21.52,68.07,1.49,0.38872019449869794,0.3915913899739583,24.04
2022-02-17,2.46,21.91,71.23,1.54,0.3772347768147786,0.38462384541829425,21.49
2022-02-18,5.01,21.98,75.53,1.6,0.3957811991373698,0.38175201416015625,17.18
2022-02-19,4.11,21.76,74.55,1.43,0.40390268961588544,0.3849913279215495,16.36
2022-02-20,1.73,21.51,71.05,1.8,0.39844195048014325,0.3862266540527344,21.63
2022-02-21,1.22,20.98,68.56,1.71,0.3826224009195964,0.38280614217122394,22.58
2022-02-22,3.8,21.22,73.1,1.61,0.3786017100016276,0.3781757354736328,19.18
2022-02-23,1.12,21.71,68.92,1.54,0.38439687093098956,0.37615521748860675,19.7
2022-02-24,3.82,21.62,73.19,1.52,0.3744487762451172,0.37298838297526044,18.88
2022-02-25,4.24,21.7,75.46,1.55,0.39485931396484375,0.3739541371663411,20.4
2022-02-26,4.72,21.98,75.21,1.53,0.3980598449707031,0.3772970835367839,19.08
2022-02-27,13.85,22.5,79.01,1.44,0.4202582041422526,0.39047495524088544,17.98
2022-02-28,20.87,22.18,86.25,0.71,0.43773651123046875,0.40916887919108075,8.91
2022-03-01,21.63,22.17,90.7,0.63,0.4651317596435547,0.4222577412923177,9.42
2022-03-02,30.97,22.21,87.75,1.03,0.4576975504557292,0.4330577850341797,12.04
2022-03-03,3.53,22.55,81.69,1.27,0.4501304626464844,0.42919031778971356,17.94
2022-03-04,2.85,22.11,77.11,1.32,0.43552207946777344,0.42725880940755206,21.0
2022-03-05,10.04,22.3,81.97,1.39,0.44562721252441406,0.4266713460286458,17.28
2022-03-06,12.86,22.32,83.11,1.48,0.4608319600423177,0.45534833272298175,17.98
2022-03-07,4.56,21.56,80.1,1.32,0.4543011983235677,0.4529857635498047,22.34
2022-03-08,10.72,21.97,80.35,1.24,0.454254150390625,0.45121192932128906,21.74
2022-03-09,11.24,22.1,79.64,1.2,0.4276892344156901,0.4337647755940755,20.69
2022-03-10,11.76,22.68,80.33,0.74,0.4460258483886719,0.44315020243326825,19.39
2022-03-11,21.04,22.66,84.44,0.88,0.44608179728190106,0.4284350077311198,17.56
2022-03-12,6.2,22.79,82.59,0.76,0.4542490641276042,0.4557577768961589,15.99
2022-03-13,14.56,22.76,86.75,0.87,0.4375845591227214,0.4283332824707031,12.34
2022-03-14,0.29,22.06,71.73,1.56,0.43846766153971356,0.4249248504638672,23.91
2022-03-15,2.61,21.59,77.12,1.46,0.4142309824625651,0.4180901845296224,21.6
2022-03-16,3.84,22.73,77.76,0.86,0.41918309529622394,0.413326899210612,19.25
2022-03-17,7.71,23.4,79.78,0.89,0.43008677164713544,0.41228993733723956,18.88
2022-03-18,7.37,22.92,81.49,1.43,0.4555524190266927,0.42966651916503906,20.66
2022-03-19,1.31,22.46,78.5,1.48,0.4370810190836589,0.43173662821451825,20.69
2022-03-20,2.59,22.75,76.28,1.43,0.42608006795247394,0.4264748891194661,21.52
2022-03-21,4.31,22.71,77.83,1.56,0.4302794138590495,0.4237772623697917,21.77
2022-03-22,5.33,22.42,76.73,1.62,0.43227195739746094,0.42363421122233075,22.15
2022-03-23,1.39,22.8,71.23,1.29,0.4210364023844401,0.42111651102701825,24.43
2022-03-24,1.21,22.52,73.88,1.25,0.403591791788737,0.4140249888102214,21.92
2022-03-25,1.85,23.43,71.34,0.75,0.3950316111246745,0.40718650817871094,22.5
2022-03-26,7.1,24.74,70.81,0.28,0.3945318857828776,0.40106201171875,20.93
2022-03-27,33.9,23.63,85.03,0.76,0.44448089599609375,0.4315064748128255,16.97
2022-03-28,22.82,21.88,92.92,1.1,0.4584236145019531,0.4490947723388672,7.66
2022-03-29,13.23,21.94,88.82,1.33,0.45875295003255206,0.4457804361979167,9.99
2022-03-30,40.32,21.5,91.95,1.07,0.47146161397298175,0.4596303304036458,8.46
2022-03-31,3.53,21.34,85.6,1.09,0.46326446533203125,0.45133399963378906,12.16
2022-04-01,4.37,22.17,81.63,0.85,0.4558099110921224,0.44653765360514325,15.04
2022-04-02,17.21,22.56,89.0,0.86,0.4784781138102214,0.46060752868652344,11.78
2022-04-03,17.57,23.2,84.47,0.76,0.4450721740722656,0.4598490397135417,14.35
2022-04-04,11.45,23.59,85.36,0.34,0.42664019266764325,0.4394849141438802,14.44
2022-04-05,10.17,22.99,87.22,0.41,0.4735565185546875,0.4480470021565755,11.86
2022-04-06,5.5,22.96,86.61,0.84,0.4655284881591797,0.4563681284586589,13.26
2022-04-07,20.07,22.93,89.67,0.8,0.4688040415445964,0.4686470031738281,13.89
2022-04-08,13.08,22.88,91.34,0.8,0.4836813608805339,0.4760640462239583,11.78
2022-04-09,3.45,23.62,81.55,1.11,0.47103627522786456,0.4760030110677083,21.61
2022-04-10,2.06,22.78,79.53,1.45,0.4543609619140625,0.4620380401611328,19.59
2022-04-11,6.81,23.01,83.96,1.35,0.46135520935058594,0.456973393758138,16.65
2022-04-12,6.77,22.96,83.33,1.53,0.4665883382161458,0.4606456756591797,18.55
2022-04-13,8.01,23.42,82.05,1.31,0.4651641845703125,0.45990244547526044,20.28
2022-04-14,8.39,23.46,80.29,1.19,0.4628766377766927,0.460360844930013,22.11
2022-04-15,27.03,23.27,85.98,0.95,0.44016393025716144,0.45421918233235675,17.19
2022-04-16,46.21,23.08,88.73,0.51,0.4673023223876953,0.472869873046875,12.19
2022-04-17,32.15,22.48,86.38,0.35,0.4651254018147786,0.4694283803304036,21.39
2022-04-18,15.41,23.0,85.95,0.41,0.47666358947753906,0.4713306427001953,21.31
2022-04-19,23.48,22.34,86.16,0.45,0.4729480743408203,0.47684160868326825,17.07
2022-04-20,38.43,22.15,90.17,0.51,0.4542687733968099,0.47320111592610675,17.97
2022-04-21,26.33,22.22,89.11,0.23,0.46070416768391925,0.4775206247965495,14.26
2022-04-22,56.01,21.66,93.33,0.25,0.4665794372558594,0.47513389587402344,12.97
2022-04-23,50.69,21.52,91.73,0.45,0.46143341064453125,0.47515106201171875,11.37
2022-04-24,12.09,21.81,89.37,0.86,0.46946080525716144,0.46869150797526044,13.03
2022-04-25,5.94,22.36,87.25,0.44,0.4506378173828125,0.4604085286458333,11.94
2022-04-26,8.93,22.73,87.83,0.5,0.4596385955810547,0.4599310557047526,16.41
2022-04-27,23.52,22.2,91.47,0.99,0.4613501230875651,0.4730917612711589,12.29
2022-04-28,39.27,21.92,91.82,0.69,0.4745279947916667,0.48291905721028644,7.51
2022-04-29,7.46,22.56,89.72,0.57,0.48136266072591144,0.4821300506591797,12.18
2022-04-30,3.0,23.87,84.35,0.17,0.4677867889404297,0.47596168518066406,13.72
2022-05-01,3.34,23.74,83.96,0.36,0.4661827087402344,0.468414306640625,10.65
2022-05-02,22.81,24.17,83.21,0.22,0.4725259145100911,0.4742043813069661,16.62
2022-05-03,3.03,24.92,80.94,0.33,0.46597544352213544,0.473110834757487,20.86
2022-05-04,14.05,24.02,85.17,0.9,0.4584941864013672,0.4659423828125,19.92
2022-05-05,17.39,23.59,86.32,0.49,0.43088531494140625,0.453823725382487,16.68
2022-05-06,8.48,22.67,87.69,0.3,0.45518938700358075,0.4600118001302083,10.49
2022-05-07,13.41,23.38,85.68,0.15,0.48455810546875,0.47763951619466144,16.59
2022-05-08,7.81,23.89,85.99,0.05,0.4623705546061198,0.47681427001953125,16.86
2022-05-09,11.95,24.46,83.17,0.13,0.4362780253092448,0.4588158925374349,16.59
2022-05-10,11.42,23.71,86.93,0.22,0.471890131632487,0.4733632405598958,12.02
2022-05-11,4.51,22.91,87.96,0.48,0.4766743977864583,0.47910499572753906,11.84
2022-05-12,1.49,23.58,83.48,0.3,0.464175542195638,0.47271156311035156,14.51
2022-05-13,6.35,24.07,84.66,0.37,0.46242650349934894,0.46581459045410156,18.77
2022-05-14,2.67,24.38,85.68,0.44,0.46572113037109375,0.46715354919433594,17.23
2022-05-15,4.69,24.16,86.59,0.33,0.4584674835205078,0.4607842763264974,15.21
2022-05-16,1.62,24.54,82.76,0.36,0.45522181193033856,0.45831044514973956,21.05
2022-05-17,0.69,24.56,80.36,0.04,0.44031397501627606,0.45061302185058594,15.04
2022-05-18,0.4,24.15,81.0,0.59,0.4315185546875,0.4434979756673177,18.68
2022-05-19,0.07,24.54,72.44,0.1,0.41630808512369794,0.4352499643961589,18.98
2022-05-20,0.06,24.1,74.15,0.2,0.40252113342285156,0.4265321095784505,21.73
2022-05-21,0.15,23.9,73.52,1.04,0.38799095153808594,0.41731516520182294,23.34
2022-05-22,0.41,23.66,74.82,1.13,0.37212562561035156,0.40784581502278644,25.32
2022-05-23,2.35,23.46,81.46,0.75,0.36743799845377606,0.399569829305013,22.77
2022-05-24,17.55,23.62,85.97,0.25,0.4343128204345703,0.3999773661295573,16.38
2022-05-25,17.64,23.31,85.93,0.04,0.4642893473307292,0.4551531473795573,13.33
2022-05-26,10.63,23.94,83.8,0.26,0.4295145670572917,0.44879150390625,19.15
2022-05-27,4.72,23.79,81.82,0.23,0.4459540049235026,0.45717302958170575,18.44
2022-05-28,9.22,23.89,81.48,0.52,0.46033795674641925,0.45619773864746094,17.58
2022-05-29,0.6,24.07,74.09,0.55,0.4472452799479167,0.4609184265136719,22.67
2022-05-30,5.2,23.94,78.54,0.37,0.43685468037923175,0.447537104288737,21.31
2022-05-31,2.55,23.83,81.49,0.43,0.4508857727050781,0.4491202036539714,21.58
2022-06-01,0.15,24.47,72.72,0.15,0.4265219370524089,0.441073735555013,24.91
2022-06-02,0.84,23.72,77.84,0.26,0.4084644317626953,0.4302679697672526,22.58
2022-06-03,3.34,23.65,84.13,0.34,0.40597279866536456,0.42188771565755206,19.31
2022-06-04,0.77,23.6,82.86,0.27,0.4153003692626953,0.4175128936767578,16.64
2022-06-05,0.69,23.72,80.39,0.21,0.4034887949625651,0.4130694071451823,20.89
2022-06-06,1.59,23.57,81.54,0.21,0.39637311299641925,0.4073804219563802,20.37
2022-06-07,2.66,23.79,82.82,0.53,0.3927758534749349,0.40246009826660156,21.28
2022-06-08,3.5,23.03,81.35,0.54,0.409423828125,0.398953119913737,21.78
2022-06-09,7.7,22.7,86.26,0.67,0.4167613983154297,0.3974081675211589,15.72
2022-06-10,6.85,22.52,85.08,0.74,0.45249303181966144,0.41301600138346356,14.78
2022-06-11,6.36,22.94,86.09,0.79,0.4523722330729167,0.42701466878255206,14.91
2022-06-12,4.18,23.02,88.28,0.19,0.4440879821777344,0.43234825134277344,13.64
2022-06-13,11.96,23.03,85.18,0.76,0.4660256703694661,0.44240697224934894,16.32
2022-06-14,6.93,22.53,86.16,0.71,0.466281255086263,0.4564399719238281,16.75
2022-06-15,3.61,22.84,86.49,0.59,0.4517504374186198,0.447231928507487,15.23
2022-06-16,5.03,23.61,80.31,0.11,0.4590950012207031,0.44898351033528644,18.83
2022-06-17,4.34,23.53,85.21,0.41,0.45232200622558594,0.4455833435058594,17.47
2022-06-18,0.88,23.57,80.73,0.29,0.44147809346516925,0.44232432047526044,21.19
2022-06-19,7.24,22.63,87.75,0.39,0.4381885528564453,0.43550364176432294,16.16
2022-06-20,3.34,22.45,86.3,0.68,0.4542249043782552,0.440945307413737,19.59
2022-06-21,4.69,22.86,88.1,0.64,0.4530169169108073,0.44064076741536456,14.41
2022-06-22,3.74,23.53,83.36,0.27,0.450286865234375,0.442111333211263,16.69
2022-06-23,7.21,23.63,82.14,0.27,0.4617932637532552,0.4491589864095052,17.21
2022-06-24,2.94,23.35,85.57,0.19,0.45267168680826825,0.44754600524902344,15.33
2022-06-25,3.05,23.01,84.92,0.4,0.44763755798339844,0.4441699981689453,16.44
2022-06-26,2.61,22.81,84.0,0.26,0.4511229197184245,0.4422200520833333,13.38
2022-06-27,2.65,22.67,83.29,0.19,0.44162877400716144,0.4396654764811198,12.72
2022-06-28,1.84,23.32,78.66,0.22,0.4373251597086589,0.43648338317871094,19.1
2022-06-29,1.42,22.99,79.27,1.38,0.43259239196777344,0.43196996053059894,21.16
2022-06-30,10.0,23.02,84.67,0.47,0.45295079549153644,0.43469683329264325,17.88
2022-07-01,13.4,23.21,84.11,0.18,0.4639135996500651,0.4566338857014974,12.98
2022-07-02,4.38,23.26,84.37,0.92,0.46598243713378906,0.4622701009114583,20.3
2022-07-03,3.22,24.27,78.92,0.12,0.44667307535807294,0.451779047648112,20.15
2022-07-04,1.53,24.18,80.32,0.67,0.44808514912923175,0.44702593485514325,16.82
2022-07-05,2.22,23.58,83.62,0.63,0.43182945251464844,0.44011370340983075,17.3
2022-07-06,2.82,23.11,87.11,0.68,0.4379571278889974,0.4353109995524089,16.2
2022-07-07,2.54,23.91,82.93,0.67,0.4350140889485677,0.43271827697753906,16.71
2022-07-08,2.4,23.21,82.11,0.99,0.4366264343261719,0.43227068583170575,17.61
2022-07-09,3.36,23.79,85.42,0.81,0.42496617635091144,0.42840003967285156,14.24
2022-07-10,2.84,24.42,77.98,0.83,0.43815358479817706,0.42908159891764325,20.92
2022-07-11,2.47,23.75,80.33,0.97,0.4229971567789714,0.424960454305013,19.95
2022-07-12,3.93,24.17,75.63,0.52,0.42572657267252606,0.42115147908528644,17.65
2022-07-13,2.16,23.72,73.09,1.13,0.4248390197753906,0.4205919901529948,21.12
2022-07-14,1.73,24.15,71.5,1.11,0.41303571065266925,0.4159933725992839,22.3
2022-07-15,0.56,23.79,69.86,0.99,0.39226849873860675,0.4089368184407552,24.54
2022-07-16,1.79,24.39,74.1,0.77,0.37931060791015625,0.4009215037027995,22.3
2022-07-17,4.79,23.81,82.34,0.91,0.3943856557210286,0.39565086364746094,17.18
2022-07-18,3.69,23.96,82.48,0.87,0.41060320536295575,0.3963623046875,17.42
2022-07-19,1.25,24.11,79.57,1.03,0.40599505106608075,0.39708836873372394,19.22
2022-07-20,1.09,23.93,77.41,0.91,0.3886146545410156,0.39330101013183594,20.59
2022-07-21,2.23,24.57,79.43,0.49,0.381011962890625,0.38855234781901044,17.99
2022-07-22,1.42,24.69,72.09,0.57,0.38276036580403644,0.38512929280598956,20.87
2022-07-23,0.87,24.36,68.44,1.24,0.3728338877360026,0.38059043884277344,22.24
2022-07-24,6.66,23.96,73.74,0.81,0.3674093882242839,0.3752981821695964,20.66
2022-07-25,2.98,24.13,76.99,0.5,0.40113194783528644,0.37862714131673175,16.88
2022-07-26,4.11,23.73,81.91,0.52,0.39536285400390625,0.3807544708251953,18.25
2022-07-27,5.28,23.9,80.28,0.8,0.40701039632161456,0.3838494618733724,17.41
2022-07-28,16.73,22.84,87.42,0.61,0.4193776448567708,0.3938547770182292,14.03
2022-07-29,16.38,23.14,85.52,0.78,0.45276323954264325,0.4262243906656901,17.93
2022-07-30,0.07,23.68,76.28,1.39,0.43725140889485675,0.427249272664388,23.27
2022-07-31,1.13,23.43,72.85,1.24,0.40973472595214844,0.41805140177408856,22.83
2022-08-01,4.85,23.11,81.73,1.22,0.4106438954671224,0.4106591542561849,17.92
2022-08-02,5.1,23.42,77.5,1.2,0.4346809387207031,0.41802342732747394,18.21
2022-08-03,5.63,23.0,81.18,1.03,0.4329846700032552,0.41973304748535156,14.82
2022-08-04,6.76,23.75,81.2,1.05,0.4392649332682292,0.423855463663737,15.18
2022-08-05,5.45,23.6,81.58,0.85,0.4415028889973958,0.4274177551269531,17.4
2022-08-06,3.48,23.5,81.24,1.01,0.4395128885904948,0.4278462727864583,19.63
2022-08-07,7.57,23.87,81.9,0.76,0.43531545003255206,0.4237448374430339,18.72
2022-08-08,2.34,24.24,74.35,0.81,0.4346192677815755,0.429287592569987,20.01
2022-08-09,0.45,25.22,68.07,0.96,0.4119396209716797,0.41929181416829425,23.02
2022-08-10,1.38,24.37,75.52,0.74,0.3974316914876302,0.4096902211507161,16.63
2022-08-11,1.62,24.65,74.58,0.4,0.3943214416503906,0.403384526570638,17.19
2022-08-12,7.51,24.25,77.26,0.34,0.4013373057047526,0.3989308675130208,18.3
2022-08-13,3.33,23.32,84.5,0.24,0.43139012654622394,0.4064076741536458,13.33
2022-08-14,2.79,23.09,82.65,0.23,0.4256127675374349,0.40872446695963544,12.12
2022-08-15,4.49,23.73,79.81,0.43,0.4273662567138672,0.4090696970621745,14.99
2022-08-16,3.16,23.55,77.26,0.36,0.42914899190266925,0.41337839762369794,20.73
2022-08-17,0.26,24.34,68.08,0.96,0.411712646484375,0.4094187418619792,25.02
2022-08-18,0.03,24.82,61.68,1.25,0.38514073689778644,0.40040016174316406,25.58
2022-08-19,0.18,25.54,54.65,0.98,0.36266326904296875,0.39013099670410156,26.12
2022-08-20,1.58,24.74,72.61,0.38,0.34903589884440106,0.3808097839355469,20.18
2022-08-21,10.94,23.46,82.54,0.61,0.38991355895996094,0.37702051798502606,16.19
2022-08-22,12.07,23.38,82.45,0.28,0.4205760955810547,0.3937307993570964,11.52
2022-08-23,3.01,22.95,83.72,0.48,0.4349600474039714,0.41811688741048175,14.24
2022-08-24,6.9,24.13,77.93,0.21,0.44689178466796875,0.41801897684733075,20.97
2022-08-25,0.99,24.26,76.83,0.39,0.42802683512369794,0.41459910074869794,20.74
2022-08-26,4.63,23.17,84.22,0.39,0.4224363962809245,0.40912755330403644,15.53
2022-08-27,3.53,23.74,78.81,0.37,0.42868677775065106,0.4095541636149089,17.22
2022-08-28,9.81,23.69,80.3,0.36,0.4449170430501302,0.4178307851155599,17.13
2022-08-29,5.88,23.44,83.29,0.45,0.4445921579996745,0.4250043233235677,15.46
2022-08-30,3.04,24.14,74.51,0.34,0.4373760223388672,0.42395973205566406,18.84
2022-08-31,1.06,24.6,71.63,0.48,0.4244181315104167,0.4186388651529948,20.99
2022-09-01,2.39,24.01,76.52,0.24,0.4093678792317708,0.41112836201985675,20.94
2022-09-02,5.8,23.55,82.02,0.86,0.4307708740234375,0.4094422658284505,18.79
2022-09-03,4.26,24.12,79.91,0.64,0.4294891357421875,0.411319096883138,20.23
2022-09-04,22.54,24.31,82.37,0.3,0.42365773518880206,0.4226907094319661,14.73
2022-09-05,4.9,24.62,75.35,0.4,0.43220074971516925,0.4183400472005208,18.08
2022-09-06,1.6,24.82,74.79,0.11,0.4327290852864583,0.41858545939127606,19.17
2022-09-07,11.43,24.02,81.39,0.48,0.45421600341796875,0.42346445719401044,17.12
2022-09-08,8.85,23.71,82.52,0.55,0.45821507771809894,0.4377511342366536,16.96
2022-09-09,4.45,24.31,81.06,0.1,0.4117317199707031,0.4254035949707031,19.44
2022-09-10,0.48,24.74,67.98,0.3,0.4154001871744792,0.4176597595214844,22.87
2022-09-11,3.33,24.72,76.62,0.59,0.40102895100911456,0.4092966715494792,19.48
2022-09-12,6.82,23.48,83.38,0.16,0.42131487528483075,0.4060707092285156,17.35
2022-09-13,5.19,23.6,79.97,0.21,0.4343802134195964,0.4132849375406901,20.34
2022-09-14,2.77,23.95,76.16,0.23,0.43680699666341144,0.4196491241455078,18.42
2022-09-15,5.18,24.19,79.16,0.56,0.42671839396158856,0.41805076599121094,18.6
2022-09-16,1.23,24.27,79.17,0.33,0.42852528889973956,0.4191048940022786,20.89
2022-09-17,13.39,23.05,87.69,0.52,0.4395154317220052,0.4219830830891927,15.13
2022-09-18,10.65,23.15,84.96,0.51,0.4409523010253906,0.4376532236735026,18.7
2022-09-19,13.37,21.85,87.84,0.79,0.46553993225097656,0.445980707804362,13.97
2022-09-20,4.86,22.67,84.75,0.57,0.4622580210367839,0.4515113830566406,18.34
2022-09-21,13.34,22.93,85.52,0.48,0.46443939208984375,0.459259033203125,16.9
2022-09-22,10.55,22.39,87.95,0.31,0.4578806559244792,0.4535605112711589,14.01
2022-09-23,1.55,22.83,85.31,0.23,0.4542077382405599,0.45017560323079425,14.12
2022-09-24,2.23,23.58,79.41,0.65,0.4404614766438802,0.44159698486328125,19.36
2022-09-25,1.69,22.85,84.29,0.5,0.4376900990804036,0.4344902038574219,16.36
2022-09-26,2.37,24.11,79.01,0.21,0.4291636149088542,0.4288190205891927,19.92
2022-09-27,7.3,23.59,82.7,0.2,0.4474264780680339,0.4276421864827474,15.47
2022-09-28,16.01,23.46,86.32,0.16,0.45902442932128906,0.4407844543457031,18.07
2022-09-29,26.32,22.78,87.44,0.43,0.46924908955891925,0.4704182942708333,15.96
2022-09-30,11.6,22.21,89.28,0.49,0.4823290506998698,0.476260503133138,14.99
2022-10-01,2.17,22.42,83.87,0.37,0.46604029337565106,0.47426732381184894,15.34
2022-10-02,1.73,23.8,78.71,0.29,0.4543113708496094,0.4611199696858724,19.8
2022-10-03,0.32,24.18,76.07,0.35,0.44036293029785156,0.4492715199788411,23.17
2022-10-04,0.7,24.33,76.48,0.29,0.42112477620442706,0.4372151692708333,22.46
2022-10-05,2.45,23.63,82.76,0.23,0.4133625030517578,0.42752520243326825,17.54
2022-10-06,18.57,22.4,90.37,0.26,0.4437135060628255,0.4300676981608073,13.38
2022-10-07,22.81,21.96,91.53,0.65,0.47038904825846356,0.47191111246744794,8.4
2022-10-08,1.95,23.1,80.86,0.46,0.46532630920410156,0.4671344757080078,12.38
2022-10-09,10.73,23.33,83.97,0.25,0.4764486948649089,0.4671618143717448,14.05
2022-10-10,2.53,23.42,81.81,0.05,0.46487681070963544,0.4693349202473958,16.46
2022-10-11,1.56,23.49,80.61,0.55,0.4545574188232422,0.46010589599609375,17.75
2022-10-12,4.94,23.2,83.51,0.66,0.44996897379557294,0.45135943094889325,16.33
2022-10-13,3.01,22.92,86.2,0.26,0.4528961181640625,0.45051002502441406,11.76
2022-10-14,11.0,22.66,88.17,0.07,0.4723930358886719,0.4562981923421224,14.39
2022-10-15,2.6,23.27,84.16,0.43,0.4648996988932292,0.4659722646077474,18.83
2022-10-16,12.46,22.96,89.94,0.26,0.4583148956298828,0.4625085194905599,15.07
2022-10-17,13.71,22.98,86.29,0.04,0.4434032440185547,0.45919164021809894,16.46
2022-10-18,30.66,22.96,85.07,0.2,0.4684651692708333,0.4625008900960286,18.9
2022-10-19,12.66,23.05,88.12,0.32,0.47893206278483075,0.46562830607096356,16.07
2022-10-20,9.25,23.0,85.3,0.08,0.4350897471110026,0.4555517832438151,17.81
2022-10-21,12.06,22.78,87.86,0.22,0.4442933400472005,0.4377848307291667,16.01
2022-10-22,16.51,22.63,87.03,0.16,0.471713383992513,0.46889495849609375,7.19
2022-10-23,16.25,22.84,87.35,0.22,0.44992637634277344,0.4725379943847656,15.24
2022-10-24,6.95,22.99,86.81,0.28,0.4689521789550781,0.4622230529785156,15.29
2022-10-25,7.37,22.69,87.59,0.43,0.4663887023925781,0.4632142384847005,13.11
2022-10-26,27.58,22.47,90.67,0.25,0.46041234334309894,0.4746907552083333,12.24
2022-10-27,53.73,22.23,87.28,0.35,0.4720033009847005,0.463107426961263,16.85
2022-10-28,12.41,22.3,88.33,0.45,0.4650999704996745,0.4593283335367839,18.74
2022-10-29,19.51,21.72,89.0,0.5,0.4544391632080078,0.4708410898844401,17.44
2022-10-30,2.28,21.68,83.19,0.91,0.4659951527913411,0.4679705301920573,23.06
2022-10-31,0.23,22.98,73.6,0.42,0.4442284901936849,0.45702171325683594,23.02
2022-11-01,2.3,23.36,79.48,0.23,0.42899449666341144,0.44544029235839844,17.85
2022-11-02,4.45,23.6,84.63,0.85,0.4400564829508464,0.43936920166015625,17.74
2022-11-03,11.17,23.05,88.21,0.65,0.4576841990152995,0.4417858123779297,15.09
2022-11-04,30.74,22.08,91.54,0.58,0.46066029866536456,0.4680315653483073,9.05
2022-11-05,25.45,21.24,94.31,0.81,0.4563426971435547,0.47454198201497394,6.2
2022-11-06,14.73,20.6,90.8,0.81,0.4500344594319661,0.47313181559244794,10.88
2022-11-07,12.5,21.7,87.37,0.49,0.4701652526855469,0.4655596415201823,13.17
2022-11-08,9.17,21.99,88.38,0.33,0.4735921223958333,0.48058636983235675,13.93
2022-11-09,11.34,22.05,86.42,0.31,0.46748606363932294,0.4794292449951172,15.99
2022-11-10,7.69,22.11,85.59,0.27,0.4645118713378906,0.46587880452473956,16.2
2022-11-11,10.56,22.89,86.87,0.3,0.47558848063151044,0.468105951944987,15.82
2022-11-12,7.39,22.2,88.3,0.41,0.4669424692789714,0.469296137491862,12.77
2022-11-13,12.13,21.55,91.99,0.14,0.47628211975097656,0.47721099853515625,5.11
2022-11-14,10.24,22.54,86.36,0.4,0.47139930725097656,0.4808095296223958,14.46
2022-11-15,9.59,22.69,87.13,0.89,0.458831787109375,0.4622936248779297,13.53
2022-11-16,2.56,23.02,85.24,0.97,0.46051661173502606,0.4582532246907552,15.98
2022-11-17,3.78,22.76,85.71,0.84,0.453884760538737,0.451199213663737,15.57
2022-11-18,9.19,22.36,89.44,0.54,0.4675121307373047,0.4523169199625651,12.75
2022-11-19,6.51,22.48,87.3,1.02,0.4753074645996094,0.46808497111002606,15.34
2022-11-20,2.21,22.53,85.86,1.32,0.4629720052083333,0.4674072265625,17.05
2022-11-21,1.83,22.05,85.08,1.44,0.45202000935872394,0.4599138895670573,17.61
2022-11-22,0.71,22.54,80.44,0.88,0.43991533915201825,0.45203590393066406,20.91
2022-11-23,3.8,22.65,84.38,0.73,0.4334532419840495,0.44380823771158856,18.56
2022-11-24,3.75,22.2,83.21,0.09,0.44626108805338544,0.4410114288330078,16.47
2022-11-25,2.71,22.56,85.26,0.18,0.4515310923258464,0.44240760803222656,17.83
2022-11-26,9.94,22.86,86.55,0.49,0.45003700256347656,0.4419898986816406,15.22
2022-11-27,3.32,22.66,83.54,0.67,0.4645843505859375,0.45771026611328125,14.99
2022-11-28,0.33,22.2,82.02,0.95,0.45171546936035156,0.45425987243652344,15.72
2022-11-29,5.56,21.44,87.33,0.98,0.44620196024576825,0.4479777018229167,10.65
2022-11-30,0.68,21.77,82.54,0.94,0.4505074818929036,0.44983863830566406,20.8
2022-12-01,1.18,21.31,83.22,1.53,0.4360637664794922,0.44298680623372394,19.92
2022-12-02,1.92,20.91,81.21,1.46,0.4246832529703776,0.4356396993001302,17.04
2022-12-03,2.67,20.91,81.45,1.27,0.4257609049479167,0.4304618835449219,17.05
2022-12-04,2.23,21.41,82.64,1.25,0.4318682352701823,0.427707036336263,19.19
2022-12-05,2.84,21.93,80.96,0.92,0.431399663289388,0.4254646301269531,19.87
2022-12-06,0.31,21.56,75.99,1.15,0.4198137919108073,0.4220008850097656,21.25
2022-12-07,0.61,20.36,73.12,1.01,0.400723139444987,0.41567039489746094,20.6
2022-12-08,2.7,20.83,81.61,1.15,0.3995653788248698,0.4098021189371745,18.03
2022-12-09,3.41,20.66,86.29,1.19,0.4170494079589844,0.40723737080891925,16.94
2022-12-10,1.29,21.13,82.85,0.97,0.41121864318847656,0.4062792460123698,16.49
2022-12-11,2.74,21.23,86.57,0.97,0.413455327351888,0.40455373128255206,14.03
2022-12-12,8.39,21.38,88.38,0.79,0.43233172098795575,0.40665117899576825,11.76
2022-12-13,2.2,21.79,83.71,0.54,0.4376341501871745,0.41884803771972656,15.39
2022-12-14,2.85,21.61,86.41,1.14,0.43639500935872394,0.4210898081461589,13.49
2022-12-15,5.81,22.23,86.72,1.23,0.43181292215983075,0.42080434163411456,16.18
2022-12-16,4.6,22.4,82.15,1.41,0.4457098642985026,0.4320119222005208,19.58
2022-12-17,0.81,21.66,79.88,1.56,0.4239877065022786,0.4268004099527995,19.11
2022-12-18,1.73,20.92,80.81,1.32,0.41340382893880206,0.41928672790527344,18.36
2022-12-19,3.31,21.67,80.89,1.28,0.4175650278727214,0.41462961832682294,18.53
2022-12-20,0.91,21.72,77.67,1.33,0.4101339975992839,0.4111932118733724,20.75
2022-12-21,1.66,21.43,81.6,1.31,0.39818763732910156,0.40555763244628906,19.83
2022-12-22,0.47,22.14,79.52,1.29,0.389495849609375,0.4002024332682292,19.79
2022-12-23,0.09,22.02,73.95,1.11,0.3736489613850911,0.3938910166422526,21.12
2022-12-24,0.01,20.89,69.48,1.48,0.3581657409667969,0.3868427276611328,21.3
2022-12-25,0.02,20.78,70.3,1.35,0.34314600626627606,0.3795019785563151,21.63
2022-12-26,0.48,20.88,72.31,1.06,0.33109092712402344,0.3724842071533203,21.55
2022-12-27,1.25,22.5,71.91,0.31,0.3265940348307292,0.36635716756184894,17.94
2022-12-28,3.3,22.92,77.62,0.49,0.3337109883626302,0.36191050211588544,16.75
2022-12-29,5.2,21.94,82.3,1.34,0.38546180725097656,0.360165278116862,19.47
2022-12-30,0.18,21.61,73.87,1.27,0.37340545654296875,0.3590323130289714,21.52
2022-12-31,1.08,21.93,78.87,1.07,0.3551858266194661,0.3556226094563802,19.71
2023-01-01,3.49,21.88,83.07,1.27,0.36155128479003906,0.3529650370279948,16.57
2023-01-02,1.16,21.58,77.49,1.15,0.364138921101888,0.35158856709798175,20.62
2023-01-03,3.26,21.43,78.82,1.28,0.3579107920328776,0.3492883046468099,17.98
2023-01-04,3.88,21.43,78.97,1.23,0.3797626495361328,0.3492437998453776,18.24
2023-01-05,3.93,21.23,78.92,1.05,0.38358497619628906,0.35113970438639325,17.76
2023-01-06,11.31,22.3,81.4,0.7,0.41501426696777344,0.36108144124348956,15.35
2023-01-07,12.06,22.77,84.74,0.69,0.44367408752441406,0.3905646006266276,13.47
2023-01-08,28.08,21.63,88.69,0.98,0.4596048990885417,0.42458661397298175,13.67
2023-01-09,14.22,22.29,85.46,0.48,0.4439462025960286,0.4243144989013672,13.71
2023-01-10,38.14,22.1,88.7,0.42,0.44929059346516925,0.44879913330078125,10.82
2023-01-11,29.62,21.9,88.0,0.96,0.46283404032389325,0.4696769714355469,12.25
2023-01-12,3.62,21.42,86.19,1.29,0.4669939676920573,0.46228663126627606,12.47
2023-01-13,5.35,22.77,82.52,0.7,0.46137555440266925,0.45713551839192706,15.91
2023-01-14,11.04,22.76,83.78,0.57,0.47787221272786456,0.471584955851237,14.94
2023-01-15,3.64,22.23,84.45,1.11,0.4668769836425781,0.4683411916097005,17.68
2023-01-16,3.77,21.63,80.52,1.17,0.45528284708658856,0.4591999053955078,20.15
2023-01-17,2.98,22.01,80.32,0.98,0.45278040568033856,0.4528484344482422,19.86
2023-01-18,4.78,22.24,79.98,1.04,0.45006688435872394,0.44771258036295575,18.04
2023-01-19,0.51,21.75,73.14,1.21,0.44329833984375,0.44566917419433594,22.18
2023-01-20,0.06,20.95,73.14,1.46,0.41908518473307294,0.4358336130777995,21.14
2023-01-21,0.06,20.62,75.33,1.38,0.4023335774739583,0.42523447672526044,21.77
2023-01-22,0.45,20.9,77.31,1.17,0.3898232777913411,0.415774663289388,20.06
2023-01-23,1.04,23.14,69.83,0.99,0.3816382090250651,0.40794118245442706,19.9
2023-01-24,0.4,21.88,77.42,1.39,0.375827153523763,0.4015820821126302,17.38
2023-01-25,0.01,21.98,67.38,1.37,0.36516571044921875,0.395477294921875,22.09
2023-01-26,0.11,21.51,66.18,1.56,0.3492717742919922,0.38829676310221356,21.64
2023-01-27,0.0,20.57,67.56,1.64,0.3366597493489583,0.3816293080647786,23.15
2023-01-28,0.04,19.78,66.44,1.74,0.3233114878336589,0.37484995524088544,23.25
2023-01-29,0.04,19.64,67.88,1.56,0.3109703063964844,0.3683656056722005,22.3
2023-01-30,0.17,20.65,72.47,1.48,0.3017896016438802,0.3625621795654297,23.63
2023-01-31,0.02,20.61,67.3,1.61,0.2914441426595052,0.35677019755045575,23.78
2023-02-01,0.13,20.67,61.75,1.65,0.2814642588297526,0.35116132100423175,23.5
2023-02-02,0.22,20.58,69.32,1.59,0.2744191487630208,0.3458849589029948,23.64
2023-02-03,0.57,21.07,63.44,1.15,0.26697031656901044,0.3409156799316406,23.7
2023-02-04,3.21,22.14,74.88,1.09,0.2705554962158203,0.33689308166503906,19.37
2023-02-05,1.34,22.1,75.08,1.33,0.29178619384765625,0.33449427286783856,19.59
2023-02-06,3.39,22.35,78.87,1.31,0.29944101969401044,0.33226585388183594,19.24
2023-02-07,2.86,22.06,76.85,1.67,0.3214912414550781,0.3310292561848958,18.8
2023-02-08,6.17,21.94,80.38,1.88,0.35325876871744794,0.3304634094238281,16.66
2023-02-09,13.08,21.81,81.59,1.77,0.4008827209472656,0.3387654622395833,18.97
2023-02-10,11.74,22.11,77.23,1.62,0.4262841542561849,0.3825257619222005,21.19
2023-02-11,8.61,22.02,80.34,1.7,0.4280719757080078,0.3984813690185547,18.51
2023-02-12,7.43,22.06,81.57,1.59,0.4286918640136719,0.4092947642008464,16.87
2023-02-13,9.34,22.18,83.24,1.46,0.4358558654785156,0.41802978515625,16.95
2023-02-14,4.49,22.2,82.72,1.36,0.4318682352701823,0.4194742838541667,14.15
2023-02-15,13.44,22.21,86.08,1.71,0.44558970133463544,0.4247856140136719,14.91
2023-02-16,7.65,21.9,83.28,1.85,0.4466196695963542,0.42812156677246094,16.58
2023-02-17,0.39,20.89,72.07,1.61,0.4236501057942708,0.41891733805338544,24.23
2023-02-18,0.36,20.6,73.1,1.84,0.4005877176920573,0.4087746938069661,22.01
2023-02-19,0.01,20.76,59.77,1.63,0.3836193084716797,0.3998800913492839,25.84
2023-02-20,1.12,20.72,69.91,1.57,0.3664023081461589,0.39055951436360675,25.19
2023-02-21,0.81,20.92,70.96,1.36,0.36264292399088544,0.38311513264973956,25.43
2023-02-22,0.24,21.2,67.2,1.44,0.34930992126464844,0.37612279256184894,24.99
2023-02-23,0.01,21.15,67.25,1.62,0.33291180928548175,0.3688697814941406,24.58
2023-02-24,0.0,20.54,66.22,1.64,0.31850751241048175,0.36196263631184894,23.23
2023-02-25,0.48,21.21,70.11,1.67,0.30868275960286456,0.3556957244873047,23.52
2023-02-26,1.98,21.18,76.91,1.44,0.30490875244140625,0.35016314188639325,22.11
2023-02-27,0.63,22.6,71.53,1.04,0.3051891326904297,0.34591039021809894,24.59
2023-02-28,0.62,23.45,72.36,1.0,0.29668617248535156,0.3414014180501302,23.09
2023-03-01,0.05,23.72,69.06,1.24,0.28815142313639325,0.3369935353597005,25.38
2023-03-02,0.06,22.79,70.28,1.54,0.2744897206624349,0.3319695790608724,24.38
2023-03-03,0.51,23.07,67.64,1.08,0.2640705108642578,0.3272228240966797,24.14
2023-03-04,3.21,23.89,76.09,0.94,0.27030499776204425,0.3233744303385417,20.12
2023-03-05,2.15,24.09,76.41,1.0,0.2912171681722005,0.32099278767903644,20.44
2023-03-06,3.44,22.71,81.01,1.47,0.3048553466796875,0.31907208760579425,19.05
2023-03-07,2.43,22.39,79.52,1.28,0.32160313924153644,0.3179359436035156,18.92
2023-03-08,1.0,22.74,77.57,0.61,0.3195196787516276,0.31705983479817706,16.03
2023-03-09,17.04,21.57,92.81,0.56,0.37417157491048175,0.31816736857096356,10.63
2023-03-10,10.93,21.16,90.86,0.75,0.4545307159423828,0.3582916259765625,13.23
2023-03-11,3.13,21.6,83.92,0.62,0.43518320719401044,0.38152122497558594,16.45
2023-03-12,9.7,22.45,85.08,0.26,0.42742029825846356,0.3871599833170573,17.1
2023-03-13,31.91,21.84,92.11,0.53,0.45615704854329425,0.43045488993326825,7.62
2023-03-14,9.77,22.24,88.27,0.26,0.44616127014160156,0.4489892323811849,10.5
2023-03-15,3.93,22.91,82.94,0.26,0.46297264099121094,0.4536927541097005,15.38
2023-03-16,3.27,23.01,83.54,0.11,0.4552898406982422,0.451077143351237,17.41
2023-03-17,8.35,21.92,86.29,1.09,0.46750958760579425,0.45220057169596356,15.68
2023-03-18,3.98,22.08,82.94,0.95,0.4607098897298177,0.4557984670003255,18.7
2023-03-19,0.59,22.38,75.93,1.14,0.4480889638264974,0.44973119099934894,25.36
2023-03-20,0.99,22.45,75.01,1.06,0.42561594645182294,0.4386285146077474,25.16
2023-03-21,1.88,21.64,80.72,1.69,0.41805076599121094,0.4292742411295573,22.28
2023-03-22,1.03,20.5,77.73,1.74,0.4098523457845052,0.4219474792480469,20.86
2023-03-23,1.74,21.06,76.94,1.57,0.401645024617513,0.4148139953613281,22.85
2023-03-24,1.5,21.99,72.01,1.4,0.39954694112141925,0.4080880482991536,26.15
2023-03-25,1.75,21.67,75.42,1.42,0.383572260538737,0.4005896250406901,23.82
2023-03-26,1.17,22.31,73.35,1.22,0.37717755635579425,0.39405059814453125,25.19
2023-03-27,2.23,22.16,76.73,1.36,0.3655077616373698,0.38727696736653644,23.68
2023-03-28,3.02,22.29,79.01,1.38,0.37565040588378906,0.3823089599609375,22.35
2023-03-29,4.31,22.32,80.6,1.34,0.38613637288411456,0.37960370381673175,19.27
2023-03-30,5.48,22.3,80.2,1.37,0.4013048807779948,0.380771001180013,20.84
2023-03-31,11.94,22.3,84.01,1.71,0.4292138417561849,0.3928642272949219,17.49
2023-04-01,25.26,22.17,86.18,1.56,0.454562505086263,0.4348894755045573,15.9
2023-04-02,19.13,22.94,83.67,1.44,0.4477405548095703,0.4342047373453776,19.93
2023-04-03,5.55,23.29,79.98,1.32,0.45319684346516925,0.4416510264078776,22.01
2023-04-04,8.19,23.21,82.93,1.46,0.45253435770670575,0.440493901570638,19.66
2023-04-05,13.56,22.38,87.19,1.25,0.44587961832682294,0.4433574676513672,14.04
2023-04-06,21.56,21.75,88.99,1.38,0.46886126200358075,0.44496409098307294,13.0
2023-04-07,28.06,21.76,87.25,0.94,0.4577954610188802,0.4417959849039714,17.74
2023-04-08,12.48,22.28,85.59,0.36,0.43653615315755206,0.4336280822753906,20.47
2023-04-09,13.9,22.74,82.09,0.44,0.45650291442871094,0.4527727762858073,20.98
2023-04-10,8.76,23.58,79.54,0.35,0.4459215799967448,0.4587059020996094,21.58
2023-04-11,21.4,23.26,82.0,0.33,0.45716603597005206,0.46032079060872394,18.86
2023-04-12,4.25,22.92,87.94,0.87,0.46248435974121094,0.45317840576171875,14.32
2023-04-13,2.62,23.49,80.47,1.18,0.4494984944661458,0.4479815165201823,22.78
2023-04-14,2.48,22.4,78.79,1.34,0.4373130798339844,0.4389025370279948,23.31
2023-04-15,2.0,22.58,80.63,0.97,0.43143653869628906,0.4315013885498047,19.85
2023-04-16,6.33,22.96,83.24,0.83,0.42856407165527344,0.4262593587239583,15.92
2023-04-17,18.09,22.8,87.48,0.48,0.4608580271402995,0.44120216369628906,12.42
2023-04-18,12.53,22.78,86.51,0.75,0.44378217061360675,0.45178858439127606,14.18
2023-04-19,2.71,22.97,81.31,1.07,0.45704205830891925,0.4518451690673828,21.55
2023-04-20,7.07,22.89,81.9,1.04,0.448520024617513,0.444454828898112,20.72
2023-04-21,4.64,23.26,85.09,0.28,0.4525286356608073,0.4492562611897786,18.45
2023-04-22,42.79,21.68,90.69,0.55,0.47594134012858075,0.47336578369140625,14.02
2023-04-23,8.18,21.51,83.82,0.12,0.44361432393391925,0.4564361572265625,20.35
2023-04-24,3.92,22.78,81.96,0.15,0.4446919759114583,0.4432392120361328,22.58
2023-04-25,3.81,23.27,83.08,0.22,0.45139503479003906,0.4393075307210286,21.21
2023-04-26,2.27,23.9,80.89,0.12,0.44256591796875,0.436282475789388,20.14
2023-04-27,2.16,24.07,82.13,0.36,0.4359048207600911,0.4323291778564453,20.79
2023-04-28,13.86,23.66,87.82,0.57,0.4565722147623698,0.43491490681966144,13.39
2023-04-29,8.22,23.51,85.78,0.5,0.47345225016276044,0.46110089619954425,14.75
2023-04-30,4.15,24.01,87.31,0.49,0.4661204020182292,0.4633038838704427,13.86
2023-05-01,0.2,24.31,79.42,0.18,0.4525400797526042,0.4574788411458333,21.15
2023-05-02,0.0,25.23,69.09,0.74,0.4288412729899089,0.4458567301432292,25.68
2023-05-03,0.04,25.1,65.28,0.69,0.4072278340657552,0.4329846700032552,25.44
2023-05-04,0.48,25.33,68.34,0.93,0.3900337219238281,0.42111651102701825,25.48
2023-05-05,2.06,24.76,72.72,1.01,0.38048235575358075,0.4106833140055339,25.04
2023-05-06,0.81,23.76,74.75,1.13,0.3815447489420573,0.40309906005859375,20.99
2023-05-07,0.85,24.43,73.99,0.59,0.37253888448079425,0.39633941650390625,21.46
2023-05-08,0.64,25.29,72.14,0.62,0.3610083262125651,0.3894907633463542,24.1
2023-05-09,16.5,25.7,75.17,0.41,0.3680960337320964,0.38457171122233075,18.87
2023-05-10,19.24,24.0,84.27,0.13,0.45748329162597656,0.4417101542154948,10.62
2023-05-11,0.98,24.62,79.66,0.28,0.4421399434407552,0.4379984537760417,18.49
2023-05-12,0.4,24.92,71.75,0.86,0.42211659749348956,0.4290351867675781,23.29
2023-05-13,1.46,24.82,72.37,0.36,0.40447362263997394,0.4189949035644531,21.79
2023-05-14,4.22,25.43,73.84,0.43,0.4037132263183594,0.4116064707438151,13.65
2023-05-15,1.57,24.8,75.67,0.4,0.4174124399820964,0.41147486368815106,13.39
2023-05-16,5.86,24.27,85.54,0.12,0.42269452412923175,0.411593755086263,12.01
2023-05-17,6.84,24.15,84.3,0.07,0.4509461720784505,0.4247029622395833,14.07
2023-05-18,3.95,24.91,81.76,0.6,0.43839391072591144,0.426144282023112,19.22
2023-05-19,7.24,24.71,87.11,0.66,0.4517313639322917,0.4300225575764974,18.42
2023-05-20,14.28,24.76,85.9,0.57,0.449978510538737,0.43546613057454425,18.17
2023-05-21,61.51,24.26,88.59,0.24,0.4494164784749349,0.46657880147298175,16.83
2023-05-22,15.69,23.88,88.36,0.28,0.4659862518310547,0.46700096130371094,19.14
2023-05-23,18.84,24.01,85.56,0.31,0.44593048095703125,0.4656664530436198,17.4
2023-05-24,21.67,23.73,87.48,0.44,0.45143381754557294,0.4594586690266927,16.28
2023-05-25,14.25,23.29,89.19,0.34,0.45755958557128906,0.45820363362630206,12.93
2023-05-26,5.03,23.7,87.01,0.61,0.45667394002278644,0.4558569590250651,13.38
2023-05-27,9.52,23.65,86.64,0.28,0.4738089243570964,0.4628467559814453,15.33
2023-05-28,11.54,24.63,82.55,0.2,0.44574928283691406,0.4648844401041667,15.25
2023-05-29,8.81,23.96,89.05,0.15,0.4549795786539714,0.4515062967936198,16.38
2023-05-30,14.15,23.52,86.77,0.1,0.4857597351074219,0.4756450653076172,11.89
2023-05-31,2.88,24.32,82.3,0.27,0.468807856241862,0.47577158610026044,12.51
2023-06-01,4.69,24.4,84.97,0.49,0.4709002176920573,0.4701112111409505,9.98
2023-06-02,10.91,24.22,85.66,0.44,0.4409465789794922,0.46442095438639325,17.21
2023-06-03,3.99,25.37,75.29,0.48,0.4520498911539714,0.4499359130859375,21.36
2023-06-04,4.75,24.92,79.4,0.2,0.45355796813964844,0.44635899861653644,15.64
2023-06-05,6.96,24.18,87.31,0.16,0.46491050720214844,0.45114707946777344,15.4
2023-06-06,3.85,24.69,83.06,0.06,0.4623037974039714,0.4571545918782552,17.1
2023-06-07,8.46,25.16,80.24,0.25,0.4696509043375651,0.46239344278971356,19.35
2023-06-08,4.65,24.55,82.81,0.44,0.4610525767008464,0.4639383951822917,17.35
2023-06-09,5.39,24.18,80.0,0.15,0.42508506774902344,0.4569721221923828,19.38
2023-06-10,9.17,24.1,88.06,0.42,0.4332752227783203,0.4435869852701823,17.13
2023-06-11,3.04,24.45,82.32,0.36,0.460330327351888,0.45004908243815106,19.97
2023-06-12,4.39,24.41,84.01,0.81,0.4512818654378255,0.4480387369791667,18.8
2023-06-13,4.41,24.11,85.0,0.81,0.451449712117513,0.4480597178141276,18.76
2023-06-14,3.64,24.62,83.35,0.61,0.4566179911295573,0.4522940317789714,19.42
2023-06-15,0.42,24.35,78.63,0.55,0.44160207112630206,0.4485015869140625,17.92
2023-06-16,3.02,24.14,82.61,0.88,0.4363085428873698,0.44207763671875,18.02
2023-06-17,6.44,23.25,84.67,0.33,0.44663238525390625,0.43932851155598956,11.68
2023-06-18,8.02,24.09,83.95,0.79,0.4686667124430339,0.4555886586507161,18.58
2023-06-19,1.19,25.1,77.47,0.24,0.44826634724934894,0.45371246337890625,21.47
2023-06-20,2.14,25.37,78.77,0.38,0.43473180135091144,0.44461631774902344,21.07
2023-06-21,1.22,25.68,74.16,0.41,0.43396568298339844,0.4381237030029297,22.03
2023-06-22,1.48,24.64,80.41,0.55,0.41668128967285156,0.43066978454589844,20.22
2023-06-23,2.09,24.66,81.24,0.95,0.412631352742513,0.423977533976237,20.46
2023-06-24,3.77,24.25,80.76,0.55,0.41051610310872394,0.4182586669921875,21.47
2023-06-25,11.35,24.41,84.07,0.36,0.4547201792399089,0.4273185729980469,17.16
2023-06-26,9.14,23.92,86.56,0.54,0.4677836100260417,0.4450308481852214,14.52
2023-06-27,0.7,24.16,80.79,0.6,0.4519062042236328,0.44994672139485675,18.78
2023-06-28,0.8,24.62,79.71,0.73,0.4304281870524089,0.4399770100911458,21.81
2023-06-29,4.28,25.19,79.61,0.5,0.42369842529296875,0.4311364491780599,18.26
2023-06-30,3.17,26.16,72.52,0.25,0.4320672353108724,0.42905743916829425,15.4
2023-07-01,2.27,25.81,75.56,0.17,0.43078358968098956,0.4276256561279297,19.36
2023-07-02,0.82,24.12,82.11,0.18,0.42365137736002606,0.42439015706380206,14.31
2023-07-03,1.56,24.68,78.28,0.48,0.4118703206380208,0.4198449452718099,20.29
2023-07-04,0.56,24.35,77.82,0.72,0.404019037882487,0.41367530822753906,21.1
2023-07-05,4.93,24.79,80.59,0.32,0.395266850789388,0.4073034922281901,18.39
2023-07-06,10.01,24.24,83.77,0.5,0.43967946370442706,0.41603851318359375,14.6
2023-07-07,5.34,24.29,82.21,0.7,0.4476826985677083,0.43535614013671875,19.29
2023-07-08,0.57,24.71,74.39,0.47,0.4229501088460286,0.4280128479003906,21.63
2023-07-09,0.91,24.83,76.15,0.58,0.408877690633138,0.4189491271972656,20.24
2023-07-10,0.47,24.58,75.12,1.2,0.3941815694173177,0.4109363555908203,20.96
2023-07-11,4.36,23.97,82.53,1.28,0.3895715077718099,0.40350596110026044,18.86
2023-07-12,4.33,24.7,80.92,0.9,0.4172503153483073,0.4030011494954427,17.67
2023-07-13,0.65,25.09,73.72,0.72,0.40504709879557294,0.4032967885335286,21.06
2023-07-14,0.79,24.56,74.62,1.2,0.3860117594401042,0.39783287048339844,21.26
2023-07-15,5.36,24.05,80.1,1.08,0.3874460856119792,0.3924827575683594,16.6
2023-07-16,9.55,23.23,86.38,1.08,0.42746225992838544,0.39902814229329425,15.51
2023-07-17,1.42,24.15,75.05,1.09,0.4252007802327474,0.4110393524169922,21.86
2023-07-18,3.81,24.87,72.12,0.33,0.40271441141764325,0.40556907653808594,18.49
2023-07-19,3.72,24.58,75.4,1.06,0.4216626485188802,0.4093939463297526,21.75
2023-07-20,1.87,25.38,71.57,0.66,0.3978964487711589,0.4045562744140625,21.72
2023-07-21,11.62,25.41,73.61,0.63,0.420559565226237,0.4046122233072917,19.87
2023-07-22,7.34,25.12,70.98,0.24,0.43479283650716144,0.4242852528889974,18.85
2023-07-23,2.25,25.38,71.86,0.71,0.4248282114664714,0.42049725850423175,13.94
2023-07-24,0.38,24.4,77.11,1.24,0.4082508087158203,0.4136912027994792,19.34
2023-07-25,0.73,24.2,75.03,1.35,0.3916575113932292,0.40479151407877606,21.21
2023-07-26,5.7,24.8,77.35,0.52,0.3888435363769531,0.3971678415934245,18.76
2023-07-27,15.11,24.42,82.81,0.24,0.4497362772623698,0.4209156036376953,12.44
2023-07-28,3.66,25.35,77.67,0.43,0.443359375,0.42424774169921875,19.71
2023-07-29,5.31,24.65,81.34,0.84,0.4335778554280599,0.42149988810221356,20.31
2023-07-30,8.05,25.92,76.69,0.47,0.4390341440836589,0.42776234944661456,18.67
2023-07-31,3.08,25.47,77.23,0.17,0.42605018615722656,0.42911529541015625,16.17
2023-08-01,1.04,26.16,66.38,0.25,0.4186744689941406,0.41993268330891925,19.95
2023-08-02,0.2,26.04,64.67,0.13,0.4005578358968099,0.4114246368408203,23.0
2023-08-03,0.16,26.69,61.72,0.91,0.37943776448567706,0.4015432993570964,24.61
2023-08-04,0.82,26.05,66.2,1.01,0.3627128601074219,0.39174461364746094,20.88
2023-08-05,1.02,25.38,73.76,0.96,0.35654131571451825,0.38413747151692706,20.02
2023-08-06,0.88,25.75,72.87,0.67,0.3502890268961589,0.3777243296305339,19.81
2023-08-07,1.11,25.92,73.06,0.59,0.3442700703938802,0.3717638651529948,19.99
2023-08-08,0.2,26.59,66.53,0.25,0.3353258768717448,0.3659051259358724,21.96
2023-08-09,0.07,26.73,62.94,0.28,0.3195044199625651,0.3592395782470703,22.68
2023-08-10,1.54,26.35,66.75,0.44,0.3081779479980469,0.3526426951090495,20.03
2023-08-11,3.71,26.65,66.4,0.27,0.3130499521891276,0.3476187388102214,20.77
2023-08-12,2.04,26.16,64.14,1.11,0.33852259318033856,0.3440062204996745,22.84
2023-08-13,4.01,24.83,73.54,0.85,0.33382225036621094,0.3402875264485677,20.29
2023-08-14,1.06,26.0,68.24,0.57,0.34740575154622394,0.3386618296305339,19.86
2023-08-15,1.77,25.36,69.06,1.22,0.337802251180013,0.3361651102701823,20.47
2023-08-16,4.27,24.71,73.29,0.92,0.3411184946695964,0.33367919921875,14.91
2023-08-17,6.58,24.77,76.01,0.52,0.38543128967285156,0.33663686116536456,15.69
2023-08-18,8.15,25.12,76.21,0.53,0.4135335286458333,0.3510443369547526,18.7
2023-08-19,3.81,25.28,76.21,0.96,0.4099718729654948,0.3622290293375651,18.75
2023-08-20,2.13,25.46,71.88,1.09,0.3964284261067708,0.3652203877766927,22.1
2023-08-21,13.09,24.39,83.71,0.53,0.3931236267089844,0.3671588897705078,16.6
2023-08-22,16.53,23.29,89.27,1.1,0.443332036336263,0.40227508544921875,13.52
2023-08-23,2.26,23.9,81.8,0.79,0.4498780568440755,0.42580731709798175,16.7
2023-08-24,10.14,24.02,80.72,0.3,0.4461530049641927,0.43120574951171875,21.01
2023-08-25,1.58,24.97,75.34,0.19,0.43615086873372394,0.42470423380533856,20.28
2023-08-26,2.58,24.87,72.81,0.15,0.4181569417317708,0.41664759318033856,20.41
2023-08-27,3.46,25.56,70.84,0.15,0.41849517822265625,0.41077105204264325,18.86
2023-08-28,4.57,26.34,68.36,0.06,0.4205786387125651,0.4084084828694661,22.18
2023-08-29,0.17,26.22,64.11,0.19,0.413967768351237,0.4077135721842448,24.06
2023-08-30,0.43,26.3,67.19,0.67,0.38523419698079425,0.3994935353597005,23.51
2023-08-31,0.15,27.81,61.01,0.11,0.3652966817220052,0.39014561971028644,22.48
2023-09-01,0.57,26.87,63.19,0.79,0.3486410776774089,0.3810259501139323,23.11
2023-09-02,1.56,25.85,75.35,0.44,0.34090614318847656,0.37307167053222656,19.28
2023-09-03,3.22,25.34,77.4,0.54,0.3509820302327474,0.3678137461344401,18.79
2023-09-04,0.25,25.37,70.71,0.34,0.3527361551920573,0.3637237548828125,19.53
2023-09-05,0.37,26.3,66.5,0.5,0.3356984456380208,0.3584219614664714,21.63
2023-09-06,0.37,26.4,68.17,0.55,0.3205636342366536,0.35237566630045575,22.98
2023-09-07,1.24,26.23,72.02,0.68,0.3086007436116536,0.34634844462076825,20.81
2023-09-08,3.65,25.56,72.76,0.5,0.3167228698730469,0.3420708974202474,15.43
2023-09-09,15.38,24.65,80.8,0.86,0.3507264455159505,0.3420251210530599,15.49
2023-09-10,20.63,24.1,86.23,0.33,0.4496453603108724,0.4058411916097005,12.93
2023-09-11,3.92,24.78,80.12,0.48,0.4422067006429036,0.4122784932454427,20.35
2023-09-12,1.02,25.29,75.58,0.32,0.4242998758951823,0.4075355529785156,21.17
2023-09-13,2.33,25.5,73.28,0.3,0.40467389424641925,0.3998870849609375,20.69
2023-09-14,1.19,26.5,72.16,0.35,0.40010325113932294,0.39387067159016925,22.02
2023-09-15,2.12,26.19,68.11,0.14,0.38542811075846356,0.3877067565917969,18.41
2023-09-16,4.22,25.63,71.7,0.46,0.3939107259114583,0.3838418324788411,17.06
2023-09-17,2.65,25.16,75.54,0.69,0.39870262145996094,0.38425254821777344,16.83
2023-09-18,10.01,24.73,79.63,0.46,0.4124279022216797,0.3879311879475911,14.78
2023-09-19,2.26,25.63,72.09,0.07,0.4207579294840495,0.39997100830078125,19.3
2023-09-20,0.6,26.29,63.82,0.56,0.4045003255208333,0.3960304260253906,20.59
2023-09-21,3.14,26.16,68.94,0.45,0.39034398396809894,0.389102300008138,19.35
2023-09-22,3.59,25.88,68.39,0.83,0.3942254384358724,0.3849500020345052,21.07
2023-09-23,1.08,26.17,66.44,0.1,0.3950614929199219,0.3832867940266927,16.93
2023-09-24,2.88,25.8,70.57,0.38,0.3867499033610026,0.3805014292399089,16.59
2023-09-25,0.15,27.17,58.93,0.36,0.38268470764160156,0.3782081604003906,22.41
2023-09-26,1.04,26.39,67.29,0.54,0.3595740000406901,0.3719463348388672,19.32
2023-09-27,2.68,25.73,75.73,0.78,0.3559869130452474,0.3665504455566406,22.53
2023-09-28,2.66,26.02,71.82,0.58,0.3625036875406901,0.3620726267496745,23.83
2023-09-29,7.92,26.02,69.51,0.3,0.3928871154785156,0.36021677652994794,19.82
2023-09-30,6.39,25.95,73.88,0.38,0.41257476806640625,0.3655344645182292,17.43
2023-10-01,2.25,25.33,76.84,0.1,0.4141654968261719,0.3779125213623047,17.58
2023-10-02,18.4,25.05,83.36,0.4,0.40646998087565106,0.3819732666015625,16.66
2023-10-03,35.62,24.47,83.88,0.55,0.453671137491862,0.42828369140625,16.52
2023-10-04,15.43,23.89,87.35,0.79,0.4242928822835286,0.4343274434407552,14.06
2023-10-05,2.39,24.27,80.02,0.52,0.4314740498860677,0.4277655283610026,14.33
2023-10-06,29.58,24.12,84.6,0.33,0.45099767049153644,0.4403940836588542,13.36
2023-10-07,9.73,24.53,84.63,0.44,0.46411577860514325,0.4628156026204427,18.7
2023-10-08,5.58,24.69,82.7,0.53,0.42377980550130206,0.4444421132405599,17.34
2023-10-09,3.7,24.7,79.81,0.25,0.4490795135498047,0.43780072530110675,18.75
2023-10-10,1.47,25.51,76.82,0.54,0.4420846303304036,0.4351011912027995,21.41
2023-10-11,0.53,24.85,76.47,0.19,0.42305246988932294,0.4277769724527995,20.85
2023-10-12,0.56,25.4,73.77,0.19,0.40559132893880206,0.4193522135416667,20.61
2023-10-13,2.18,25.64,73.06,0.02,0.39269065856933594,0.41100819905598956,21.11
2023-10-14,15.59,24.92,78.59,0.47,0.44823137919108075,0.4339040120442708,18.83
2023-10-15,6.5,24.32,82.43,0.41,0.4591878255208333,0.4423096974690755,19.39
2023-10-16,2.07,24.22,84.03,0.2,0.4412981669108073,0.4404398600260417,16.8
2023-10-17,11.26,24.08,82.44,0.15,0.4626344045003255,0.4464906056722005,17.95
2023-10-18,0.43,24.51,77.12,0.52,0.4403870900472005,0.45119603474934894,21.15
2023-10-19,2.3,24.76,79.35,0.39,0.4324544270833333,0.4398415883382161,20.68
2023-10-20,13.53,24.82,83.4,0.57,0.4524161020914714,0.44968096415201825,18.82
2023-10-21,21.46,23.5,85.14,0.45,0.4592170715332031,0.4586467742919922,18.15
2023-10-22,21.01,23.8,84.77,0.12,0.4609851837158203,0.4659423828125,16.67
2023-10-23,11.0,24.46,82.33,0.09,0.4665934244791667,0.46232859293619794,17.07
2023-10-24,14.41,24.14,86.73,0.24,0.46198272705078125,0.4688758850097656,15.48
2023-10-25,50.97,23.18,91.05,0.35,0.4672985076904297,0.46207237243652344,12.16
2023-10-26,19.13,22.68,89.4,0.54,0.4775575002034505,0.4755115509033203,12.08
2023-10-27,38.57,22.01,92.79,0.56,0.4609521230061849,0.45891443888346356,12.17
2023-10-28,18.7,22.13,90.91,0.87,0.4724915822347005,0.4635791778564453,14.56
2023-10-29,3.93,21.87,90.84,0.85,0.4691689809163411,0.4660784403483073,11.53
2023-10-30,1.06,23.28,84.27,0.31,0.4587605794270833,0.4603385925292969,17.33
2023-10-31,10.14,23.26,88.26,0.21,0.459506352742513,0.4594930013020833,12.88
2023-11-01,36.25,22.93,91.0,0.19,0.45890235900878906,0.47785186767578125,13.51
2023-11-02,55.83,22.52,90.16,0.38,0.45958201090494794,0.4630877176920573,13.09
2023-11-03,30.51,22.46,92.76,0.31,0.4644610087076823,0.468716303507487,7.24
2023-11-04,16.33,23.62,86.84,0.21,0.45197486877441406,0.46802838643391925,16.27
2023-11-05,11.88,23.93,87.8,0.19,0.4595197041829427,0.4635944366455078,16.18
2023-11-06,23.61,23.63,86.19,0.15,0.46802711486816406,0.4771747589111328,14.81
2023-11-07,50.14,23.22,90.16,0.16,0.471408208211263,0.4767646789550781,8.87
2023-11-08,3.27,24.51,81.79,0.12,0.4670092264811198,0.4723320007324219,14.63
2023-11-09,4.16,24.87,81.98,0.67,0.46689097086588544,0.46656354268391925,17.98
2023-11-10,5.03,24.62,82.51,0.79,0.45990244547526044,0.4612127939860026,16.43
2023-11-11,2.25,23.8,83.38,1.02,0.4611428578694661,0.46166737874348956,14.31
2023-11-12,1.2,23.98,85.2,0.84,0.4447377522786458,0.45409711201985675,15.07
2023-11-13,0.84,24.35,82.39,0.61,0.434811274210612,0.44636281331380206,17.14
2023-11-14,6.6,23.88,88.37,0.63,0.4423758188883464,0.4411875406901042,14.95
2023-11-15,5.9,24.08,88.56,0.05,0.4627393086751302,0.4492626190185547,9.21
2023-11-16,0.38,24.86,76.08,0.47,0.45067405700683594,0.4522654215494792,15.97
2023-11-17,0.55,24.64,75.87,0.5,0.432644526163737,0.44410069783528644,17.76
2023-11-18,2.49,23.45,84.98,0.72,0.42659950256347656,0.4364312489827474,14.9
2023-11-19,3.77,22.52,90.18,0.82,0.43718910217285156,0.43319956461588544,9.4
2023-11-20,4.36,22.44,88.06,0.45,0.4509665171305339,0.4353936513264974,14.8
2023-11-21,5.43,23.32,86.68,0.37,0.46258989969889325,0.4437999725341797,16.88
2023-11-22,2.91,23.49,86.12,0.32,0.45460255940755206,0.44642384847005206,15.9
2023-11-23,0.66,24.23,81.81,0.54,0.43828900655110675,0.44282976786295575,19.85
2023-11-24,0.05,24.06,77.98,0.89,0.4213631947835286,0.43515586853027344,19.44
2023-11-25,0.48,23.88,83.53,0.68,0.4079710642496745,0.42693328857421875,18.51
2023-11-26,0.28,23.68,78.22,0.93,0.39652760823567706,0.4192047119140625,19.92
2023-11-27,0.04,23.23,80.07,1.34,0.38501548767089844,0.41144434611002606,19.21
2023-11-28,0.03,23.48,77.04,0.99,0.3719189961751302,0.4037971496582031,20.8
2023-11-29,0.53,23.27,79.83,1.28,0.3616676330566406,0.39631017049153644,19.63
2023-11-30,0.08,23.33,80.09,1.22,0.35100237528483075,0.38956642150878906,18.29
2023-12-01,0.21,22.23,75.67,1.41,0.3418712615966797,0.383297602335612,20.98
2023-12-02,0.1,22.42,77.13,1.39,0.329928716023763,0.376681645711263,20.71
2023-12-03,0.2,22.62,77.27,1.25,0.3189811706542969,0.37041346232096356,20.56
2023-12-04,0.26,22.5,78.45,1.33,0.31041717529296875,0.36454327901204425,20.4
2023-12-05,0.01,23.25,73.13,1.18,0.3009484608968099,0.35887591044108075,21.12
2023-12-06,0.0,22.97,72.59,1.12,0.2901083628336589,0.35315577189127606,20.19
2023-12-07,1.23,22.81,78.55,1.19,0.28248151143391925,0.3479728698730469,18.7
2023-12-08,2.93,22.33,83.78,1.45,0.2989705403645833,0.3441651662190755,18.17
2023-12-09,2.8,23.54,81.8,1.42,0.3205267588297526,0.34142176310221356,19.38
2023-12-10,3.11,23.41,84.58,1.21,0.33000437418619794,0.3389015197753906,17.13
2023-12-11,1.27,23.47,82.46,1.18,0.336093266805013,0.3371620178222656,18.74
2023-12-12,0.21,23.15,79.35,1.5,0.327423095703125,0.334744135538737,18.2
2023-12-13,1.73,22.11,83.24,1.6,0.31931304931640625,0.3321704864501953,15.54
2023-12-14,8.97,22.44,87.54,1.49,0.37602996826171875,0.3323446909586589,13.36
2023-12-15,6.31,22.89,87.34,0.93,0.4106407165527344,0.3414173126220703,13.39
2023-12-16,2.54,23.56,84.58,0.36,0.4024505615234375,0.35213661193847656,14.76
2023-12-17,2.33,24.14,85.17,0.29,0.3975537618001302,0.3560930887858073,16.89
2023-12-18,2.19,24.24,83.81,0.14,0.3874123891194661,0.3573493957519531,17.28
2023-12-19,3.15,24.0,87.44,0.31,0.3898792266845703,0.35776201883951825,16.9
2023-12-20,3.73,23.45,86.91,0.51,0.4009024302164714,0.35953839619954425,13.83
2023-12-21,9.71,23.03,87.71,1.1,0.42455291748046875,0.365451176961263,14.05
2023-12-22,5.22,22.55,87.87,1.37,0.4375184377034505,0.38718541463216144,15.8
2023-12-23,10.39,23.1,87.2,1.14,0.4485880533854167,0.4076684315999349,16.78
2023-12-24,13.81,23.53,86.13,0.61,0.4643433888753255,0.4287274678548177,11.79
2023-12-25,14.06,23.44,87.12,0.72,0.45103009541829425,0.43912315368652344,14.05
2023-12-26,3.57,23.59,85.32,0.67,0.43939463297526044,0.431365966796875,17.76
2023-12-27,10.28,23.34,88.43,0.67,0.4649823506673177,0.4376627604166667,12.3
2023-12-28,2.72,23.58,85.69,0.56,0.45711517333984375,0.44626808166503906,15.43
2023-12-29,2.3,23.66,85.78,0.43,0.4459374745686849,0.4411996205647786,16.36
2023-12-30,3.42,23.33,86.89,0.66,0.44565709431966144,0.4367790222167969,14.79
2023-12-31,1.51,23.46,82.65,0.98,0.4384759267171224,0.434109369913737,18.75
2024-01-01,2.87,22.08,86.4,1.48,0.4361127217610677,0.42973073323567706,18.14
2024-01-02,4.66,22.17,86.89,1.23,0.4391466776529948,0.4275525410970052,17.2
2024-01-03,1.03,23.07,80.59,1.06,0.43259620666503906,0.4272581736246745,21.11
2024-01-04,0.37,23.08,76.76,0.86,0.4103380839029948,0.42064348856608075,21.2
2024-01-05,0.3,22.95,78.37,1.16,0.39487965901692706,0.4127159118652344,20.26
2024-01-06,0.76,22.13,80.42,1.21,0.3840802510579427,0.40509796142578125,19.59
2024-01-07,0.06,22.67,75.07,1.23,0.3731524149576823,0.39805857340494794,20.66
2024-01-08,0.18,21.88,75.88,1.49,0.3582070668538411,0.39043553670247394,20.37
2024-01-09,0.2,22.53,74.32,0.86,0.3455422719319661,0.38300196329752606,21.81
2024-01-10,5.18,24.22,76.41,0.73,0.34143956502278644,0.376190185546875,17.8
2024-01-11,4.42,24.06,79.34,1.07,0.4052747090657552,0.3763682047526042,21.21
2024-01-12,0.46,23.05,77.96,0.8,0.382443110148112,0.3758036295572917,21.27
2024-01-13,0.67,23.79,78.49,0.59,0.36450958251953125,0.37187639872233075,18.4
2024-01-14,0.15,23.89,72.34,0.98,0.351291020711263,0.3675390879313151,21.71
2024-01-15,0.04,22.81,73.98,1.31,0.3329944610595703,0.3619009653727214,21.63
2024-01-16,0.03,23.51,71.21,1.14,0.3164774576822917,0.3559977213541667,21.54
2024-01-17,0.49,23.19,78.26,1.38,0.30307960510253906,0.35016314188639325,20.74
2024-01-18,0.29,22.68,74.34,1.33,0.29585011800130206,0.34488995869954425,21.51
2024-01-19,0.37,23.22,72.12,0.96,0.2848339080810547,0.3395182291666667,22.24
2024-01-20,0.89,23.81,74.92,0.96,0.27819379170735675,0.3345197041829427,20.88
2024-01-21,1.15,23.5,75.83,1.2,0.27741559346516925,0.33017921447753906,20.97
2024-01-22,0.93,22.8,75.25,1.76,0.27713775634765625,0.32620811462402344,19.44
2024-01-23,0.12,22.77,68.11,1.57,0.2696075439453125,0.3221759796142578,23.08
2024-01-24,0.02,22.75,68.29,1.61,0.25695037841796875,0.317416508992513,23.37
2024-01-25,0.03,22.35,66.17,1.59,0.24636967976888022,0.312808354695638,23.19
2024-01-26,0.12,22.28,71.08,1.38,0.2373676300048828,0.30845896402994794,23.49
2024-01-27,4.63,22.86,79.34,1.49,0.25423304239908856,0.30486170450846356,20.85
2024-01-28,1.4,23.07,77.59,1.31,0.27065277099609375,0.3026542663574219,20.81
2024-01-29,1.19,23.39,74.75,0.81,0.2696959177652995,0.3003094991048177,21.69
2024-01-30,2.14,23.55,77.78,0.92,0.2781683603922526,0.2982330322265625,18.59
2024-01-31,2.93,23.39,80.79,0.96,0.2860705057779948,0.2966562906901042,17.89
2024-02-01,3.49,23.31,83.91,0.88,0.31073633829752606,0.2956384023030599,16.5
2024-02-02,6.22,22.91,88.33,0.64,0.3488330841064453,0.2959276835123698,12.58
2024-02-03,8.13,23.35,87.69,0.18,0.3816967010498047,0.2994117736816406,16.96
2024-02-04,8.67,23.49,86.71,0.29,0.4299468994140625,0.31546656290690106,16.44
2024-02-05,27.84,22.97,84.29,0.4,0.43239402770996094,0.3979937235514323,18.93
2024-02-06,25.96,22.31,90.17,0.43,0.42166773478190106,0.4331982930501302,16.26
2024-02-07,14.59,21.76,91.66,0.54,0.43841552734375,0.445956548055013,12.58
2024-02-08,7.62,21.76,89.0,0.83,0.4706408182779948,0.4503771464029948,16.66
2024-02-09,1.0,20.82,86.85,1.27,0.45677820841471356,0.45197423299153644,13.51
2024-02-10,1.03,22.22,82.67,1.59,0.4407672882080078,0.4438934326171875,20.08
2024-02-11,0.66,22.94,77.31,1.58,0.42370033264160156,0.43402544657389325,22.65
2024-02-12,0.1,22.51,71.45,1.04,0.40335845947265625,0.4234148661295573,24.21
2024-02-13,0.61,23.89,76.14,0.67,0.3867715199788411,0.41297658284505206,23.21
2024-02-14,0.75,23.6,79.05,0.96,0.3775488535563151,0.40399424235026044,22.45
2024-02-15,3.52,23.98,78.62,0.97,0.37181345621744794,0.39619700113932294,20.45
2024-02-16,22.55,24.43,82.97,1.11,0.44422276814778644,0.4340699513753255,20.32
2024-02-17,1.27,24.57,78.72,0.75,0.43045997619628906,0.4329973856608073,20.82
2024-02-18,2.27,26.45,69.53,0.18,0.4280738830566406,0.4255116780598958,23.18
2024-02-19,0.21,25.32,75.96,0.77,0.4039052327473958,0.4171295166015625,22.73
2024-02-20,0.48,23.69,77.94,1.25,0.3860658009847005,0.40782419840494794,23.72
2024-02-21,5.48,22.58,84.78,1.14,0.387912114461263,0.4000237782796224,15.36
2024-02-22,15.41,22.4,87.12,0.87,0.46172014872233075,0.4156036376953125,19.88
2024-02-23,10.78,21.8,87.65,1.05,0.4733956654866536,0.4444618225097656,14.61
2024-02-24,1.85,22.69,80.49,0.85,0.45115407307942706,0.4483629862467448,20.69
2024-02-25,2.26,23.25,80.3,0.96,0.4402758280436198,0.43937047322591144,18.58
2024-02-26,2.85,22.24,78.27,1.25,0.4313812255859375,0.432254155476888,22.71
2024-02-27,1.11,22.35,78.55,1.34,0.42573293050130206,0.4260234832763672,22.31
2024-02-28,0.71,22.3,74.79,1.57,0.4097296396891276,0.4188397725423177,25.6
2024-02-29,0.12,21.89,70.13,1.57,0.3874219258626302,0.4095191955566406,25.52
2024-03-01,0.64,21.48,75.08,1.61,0.3700421651204427,0.3999754587809245,22.38
2024-03-02,1.31,21.92,76.81,1.41,0.36184247334798175,0.39194806416829425,23.25
2024-03-03,3.33,22.56,77.19,1.27,0.3632628122965495,0.3853015899658203,24.19
2024-03-04,2.22,23.06,77.64,0.99,0.373504638671875,0.38067054748535156,20.25
2024-03-05,1.27,23.74,76.61,0.85,0.3706277211507161,0.3768933614095052,20.47
2024-03-06,2.32,24.29,76.55,0.78,0.36502965291341144,0.37280019124348956,22.9
2024-03-07,7.22,25.58,72.72,0.39,0.36971155802408856,0.3688672383626302,23.16
2024-03-08,3.2,25.43,79.16,0.77,0.40443992614746094,0.37524859110514325,20.85
2024-03-09,1.28,25.26,77.41,0.77,0.3886254628499349,0.3772665659586589,23.33
2024-03-10,0.49,25.53,76.18,0.74,0.3685232798258464,0.37352434794108075,23.6
2024-03-11,0.58,24.61,77.86,1.32,0.3498128255208333,0.3680775960286458,21.11
2024-03-12,1.23,23.78,73.81,1.46,0.33846092224121094,0.36272239685058594,22.35
2024-03-13,8.18,23.79,78.58,1.22,0.3511651357014974,0.3579730987548828,22.19
2024-03-14,3.78,24.62,76.36,1.04,0.3923575083414714,0.36225128173828125,22.8
2024-03-15,5.38,23.84,80.9,1.27,0.394287109375,0.36676597595214844,19.89
2024-03-16,7.03,24.5,77.1,0.99,0.4026285807291667,0.3750953674316406,24.28
2024-03-17,7.21,25.08,77.04,1.01,0.4074389139811198,0.3844871520996094,22.21
2024-03-18,11.59,25.04,75.24,0.59,0.4094257354736328,0.3965962727864583,21.15
2024-03-19,13.49,25.2,78.33,0.22,0.3932374318440755,0.40213457743326825,19.82
2024-03-20,5.22,25.31,79.53,0.18,0.42933019002278644,0.4043782552083333,13.92
2024-03-21,2.33,24.79,79.04,1.12,0.43146514892578125,0.4085184733072917,22.27
2024-03-22,0.91,24.15,73.34,1.34,0.4099712371826172,0.4031257629394531,25.14
2024-03-23,0.52,25.13,70.38,0.65,0.38713709513346356,0.3949445088704427,25.61
2024-03-24,10.08,25.8,77.03,0.27,0.39275487263997394,0.38771311442057294,23.21
2024-03-25,16.06,25.07,77.68,0.24,0.455081303914388,0.40677134195963544,21.63
2024-03-26,6.92,24.06,80.2,0.26,0.46264902750651044,0.4370384216308594,21.76
2024-03-27,11.99,23.55,84.92,0.42,0.4533551534016927,0.4383678436279297,19.63
2024-03-28,2.91,23.8,83.33,0.39,0.41858673095703125,0.4349161783854167,23.61
2024-03-29,2.53,23.71,81.99,0.76,0.42377789815266925,0.42610613505045575,20.24
2024-03-30,1.17,23.45,77.15,1.23,0.4119300842285156,0.4190680185953776,25.39
2024-03-31,1.02,22.89,75.43,1.41,0.39696820576985675,0.4105968475341797,26.33
2024-04-01,1.93,22.67,77.02,1.37,0.3800455729166667,0.40175120035807294,24.41
2024-04-02,4.91,23.09,84.02,1.43,0.40527979532877606,0.39630889892578125,21.78
2024-04-03,5.5,23.92,84.53,0.49,0.4216664632161458,0.3975213368733724,18.83
2024-04-04,9.75,24.54,84.93,0.48,0.44744618733723956,0.4114449818929036,17.82
2024-04-05,0.87,24.96,79.21,0.34,0.43211809794108075,0.41744359334309894,22.4
2024-04-06,0.09,25.18,72.2,0.81,0.4065329233805339,0.41177813212076825,23.53
2024-04-07,0.63,25.75,72.03,0.87,0.38401222229003906,0.4029407501220703,24.54
2024-04-08,0.29,25.24,74.34,0.84,0.36931800842285156,0.3941427866617839,23.61
2024-04-09,1.31,24.84,77.84,1.21,0.3604755401611328,0.38626734415690106,20.39
2024-04-10,0.53,23.93,75.96,1.31,0.34969139099121094,0.379550298055013,22.73
2024-04-11,0.43,24.53,73.32,1.22,0.3371499379475911,0.3723347981770833,26.26
2024-04-12,0.1,24.21,69.12,1.5,0.3214867909749349,0.3647041320800781,26.94
2024-04-13,0.49,23.56,72.93,1.58,0.3056151072184245,0.35711669921875,23.45
2024-04-14,0.66,23.69,68.21,1.5,0.29642804463704425,0.3505840301513672,26.18
2024-04-15,3.01,23.87,77.82,1.35,0.29825401306152344,0.3445587158203125,22.78
2024-04-16,1.49,24.93,76.57,0.83,0.3077405293782552,0.3407389322916667,21.56
2024-04-17,6.86,25.3,80.03,0.81,0.3290901184082031,0.33786900838216144,20.35
2024-04-18,73.59,23.98,90.27,0.76,0.4629325866699219,0.43026987711588544,15.62
2024-04-19,11.99,24.08,88.56,0.56,0.4462699890136719,0.46173985799153644,16.65
2024-04-20,17.5,23.71,88.58,0.72,0.4648863474527995,0.47325897216796875,15.92
2024-04-21,17.1,23.36,89.92,0.86,0.46624310811360675,0.4624207814534505,13.15
2024-04-22,16.24,22.9,92.19,0.67,0.4703820546468099,0.4734414418538411,8.54
2024-04-23,8.38,23.3,90.29,0.75,0.4682852427164714,0.4664293924967448,11.58
2024-04-24,3.95,23.63,86.12,1.1,0.4585501352945964,0.4658470153808594,16.79
2024-04-25,4.69,23.61,87.67,1.03,0.46056493123372394,0.4581642150878906,17.16
2024-04-26,7.89,23.92,87.91,0.43,0.4669443766276042,0.45978037516276044,11.29
2024-04-27,12.72,23.05,90.1,0.89,0.4646930694580078,0.46444066365559894,13.87
2024-04-28,8.19,22.88,89.63,0.62,0.45479393005371094,0.4504159291585286,9.22
2024-04-29,8.54,23.41,87.39,0.37,0.47591908772786456,0.4594561258951823,15.49
2024-04-30,13.52,24.07,87.0,0.71,0.4626146952311198,0.46438344319661456,17.25
2024-05-01,8.47,24.75,84.19,0.13,0.4669170379638672,0.4561882019042969,19.27
2024-05-02,15.46,24.41,86.91,0.24,0.4340190887451172,0.4451414744059245,17.6
2024-05-03,5.29,24.32,86.46,0.43,0.450405756632487,0.4333699544270833,17.35
2024-05-04,39.81,24.0,88.12,0.28,0.46015167236328125,0.4698333740234375,15.84
2024-05-05,9.13,24.19,88.59,0.39,0.46660423278808594,0.46762975056966144,16.27
2024-05-06,16.92,24.84,86.81,0.21,0.46061452229817706,0.4582722981770833,12.57
2024-05-07,21.32,24.4,88.9,0.34,0.46169153849283856,0.46781667073567706,10.4
2024-05-08,28.79,24.45,88.63,0.3,0.462188720703125,0.4491049448649089,16.94
2024-05-09,96.83,23.36,94.27,0.26,0.4666392008463542,0.4752705891927083,6.7
2024-05-10,12.87,24.04,86.22,0.21,0.4479878743489583,0.46955108642578125,17.85
2024-05-11,9.57,25.13,84.12,0.14,0.46530914306640625,0.4603735605875651,19.52
2024-05-12,45.65,24.58,87.96,0.39,0.4536081949869792,0.4739545186360677,14.69
2024-05-13,0.69,25.05,82.0,1.08,0.43192100524902344,0.45371564229329425,20.43
2024-05-14,0.62,25.01,77.95,0.99,0.4199644724527995,0.4400259653727214,22.5
2024-05-15,0.77,24.55,80.37,0.36,0.4090048472086589,0.4298165639241536,23.1
2024-05-16,4.87,25.04,85.22,0.58,0.40721575419108075,0.4217853546142578,21.95
2024-05-17,12.14,25.0,85.49,0.47,0.453732172648112,0.428036371866862,19.53
2024-05-18,13.48,24.67,85.37,0.92,0.433258056640625,0.4510428110758464,15.96
2024-05-19,1.54,25.17,81.61,0.67,0.4290994008382161,0.4414227803548177,22.93
2024-05-20,4.22,25.49,78.45,0.22,0.4353249867757161,0.43517176310221356,19.71
2024-05-21,9.32,24.1,88.03,0.49,0.4612414042154948,0.44060834248860675,8.39
2024-05-22,4.6,24.52,82.43,0.11,0.46430079142252606,0.451815923055013,11.68
2024-05-23,4.25,24.42,83.93,0.39,0.45762888590494794,0.4536170959472656,17.55
2024-05-24,2.91,24.19,87.55,0.09,0.4523785909016927,0.45163599650065106,13.51
2024-05-25,2.4,24.47,84.28,0.31,0.4513683319091797,0.4489491780598958,15.42
2024-05-26,0.48,24.42,85.4,0.69,0.4401753743489583,0.44426600138346356,13.37
2024-05-27,2.01,25.18,76.89,0.63,0.4325103759765625,0.43837928771972656,12.92
2024-05-28,3.35,25.08,79.05,0.57,0.4416554768880208,0.4355049133300781,15.93
2024-05-29,3.46,24.81,85.37,0.4,0.43837865193684894,0.43360646565755206,17.26
2024-05-30,9.92,24.41,86.71,0.23,0.4525044759114583,0.43586985270182294,16.65
2024-05-31,11.6,23.98,88.36,0.11,0.4801349639892578,0.46155865987141925,7.86
2024-06-01,0.91,25.14,78.59,0.44,0.45624033610026044,0.4609902699788411,20.49
2024-06-02,1.69,25.63,81.13,0.16,0.4409097035725911,0.4499092102050781,20.09
2024-06-03,8.91,25.38,81.69,0.58,0.45097923278808594,0.44473520914713544,17.14
2024-06-04,4.57,24.7,77.9,0.46,0.44704945882161456,0.45818519592285156,12.99
2024-06-05,3.28,24.77,81.05,0.3,0.4496917724609375,0.4497292836507161,11.87
2024-06-06,4.22,24.12,86.15,0.05,0.45653851826985675,0.4490744272867839,14.1
2024-06-07,1.4,24.43,81.78,0.25,0.4456990559895833,0.4475758870442708,19.72
2024-06-08,5.42,24.91,82.7,0.11,0.4435221354166667,0.44112714131673175,18.36
2024-06-09,4.41,24.92,83.75,0.25,0.45597267150878906,0.4478893280029297,20.92
2024-06-10,3.49,24.53,84.19,0.34,0.44080225626627606,0.44250043233235675,18.4
2024-06-11,5.39,24.76,83.59,0.28,0.4427452087402344,0.4384117126464844,19.93
2024-06-12,13.72,24.76,85.06,0.4,0.45088640848795575,0.4539012908935547,16.96
2024-06-13,0.14,25.23,77.22,0.27,0.4067395528157552,0.43924585978190106,19.33
2024-06-14,0.41,24.76,78.46,0.47,0.40026601155598956,0.4280312856038411,23.15
2024-06-15,3.75,24.02,86.43,0.53,0.39795684814453125,0.41894785563151044,14.08
2024-06-16,6.83,23.82,88.28,0.4,0.4357401529947917,0.4175866444905599,15.81
2024-06-17,7.2,24.39,80.85,0.45,0.4594910939534505,0.43521690368652344,22.48
2024-06-18,3.02,24.77,80.28,0.08,0.43822669982910156,0.4363854726155599,20.15
2024-06-19,4.03,23.69,83.46,0.14,0.44968414306640625,0.4362773895263672,15.69
2024-06-20,3.6,23.51,84.26,0.17,0.4447803497314453,0.43724822998046875,11.83
2024-06-21,2.73,24.03,81.79,0.4,0.4413922627766927,0.4372202555338542,17.04
2024-06-22,0.52,24.78,78.63,0.43,0.4355659484863281,0.4347972869873047,21.34
2024-06-23,0.79,24.23,79.93,0.55,0.41659990946451825,0.4280548095703125,22.48
2024-06-24,3.83,24.1,84.45,0.12,0.4181906382242839,0.4216531117757161,11.32
2024-06-25,0.93,24.46,77.93,0.53,0.42462158203125,0.4203643798828125,18.18
2024-06-26,3.65,24.02,84.25,0.42,0.4133313496907552,0.4160652160644531,14.76
2024-06-27,6.29,23.96,85.08,0.34,0.44228172302246094,0.4181098937988281,15.92
2024-06-28,1.51,23.79,82.4,0.62,0.4371013641357422,0.4241498311360677,21.42
2024-06-29,0.35,24.31,77.45,0.81,0.4154777526855469,0.4197425842285156,23.2
2024-06-30,1.47,23.68,80.2,1.0,0.3975963592529297,0.41240564982096356,19.53
2024-07-01,6.0,23.83,84.66,0.87,0.4182243347167969,0.4082482655843099,17.21
2024-07-02,8.46,23.82,88.04,0.46,0.4374001820882161,0.4121259053548177,15.54
2024-07-03,3.92,24.0,85.02,0.29,0.4448566436767578,0.4251270294189453,14.71
2024-07-04,10.84,23.96,86.47,0.4,0.463137944539388,0.4420585632324219,18.63
2024-07-05,18.22,22.88,90.62,0.61,0.45831553141276044,0.4481213887532552,8.18
2024-07-06,10.21,23.15,85.75,0.11,0.4730517069498698,0.46438344319661456,16.43
2024-07-07,1.74,24.45,76.56,0.8,0.4568767547607422,0.46173350016276044,21.96
2024-07-08,1.82,23.83,83.96,0.83,0.4438177744547526,0.4514700571695964,19.84
2024-07-09,0.67,24.26,80.34,1.02,0.4370187123616536,0.44384193420410156,20.71
2024-07-10,1.4,24.82,78.52,0.8,0.4214528401692708,0.435455322265625,18.61
2024-07-11,0.12,24.8,69.02,1.04,0.41263071695963544,0.4280109405517578,22.1
2024-07-12,1.19,24.64,75.31,1.04,0.3945598602294922,0.4187933603922526,21.43
2024-07-13,3.05,23.51,83.77,0.87,0.4063091278076172,0.41241455078125,12.36
2024-07-14,1.8,24.62,77.04,1.11,0.4140968322753906,0.41028785705566406,20.94
2024-07-15,1.02,24.76,76.37,1.12,0.39583714803059894,0.40528233846028644,22.23
2024-07-16,0.77,24.77,80.14,0.83,0.3832327524820964,0.39910316467285156,20.15
2024-07-17,3.13,25.21,80.23,0.15,0.3774865468343099,0.39367230733235675,17.31
2024-07-18,4.54,24.09,84.5,0.34,0.40955670674641925,0.39205678304036456,10.84
2024-07-19,0.75,24.53,79.93,0.15,0.4115009307861328,0.39442698160807294,16.15
2024-07-20,0.2,24.62,74.52,0.24,0.39422035217285156,0.3921629587809245,20.34
2024-07-21,0.93,24.82,72.11,1.06,0.37514623006184894,0.38716888427734375,22.52
2024-07-22,1.1,24.32,77.2,1.24,0.36415735880533856,0.38141822814941406,21.67
2024-07-23,5.78,24.83,78.93,0.37,0.3714612325032552,0.37657801310221356,17.95
2024-07-24,7.78,24.88,84.42,0.32,0.4225330352783203,0.38020070393880206,15.58
2024-07-25,4.18,24.76,80.33,0.69,0.4236653645833333,0.3896299997965495,17.6
2024-07-26,1.82,24.71,77.11,0.69,0.4139455159505208,0.39356358846028644,20.97
2024-07-27,2.22,24.92,76.53,0.6,0.4111518859863281,0.3934516906738281,17.93
2024-07-28,1.23,24.69,74.24,1.11,0.3916161855061849,0.39088884989420575,20.44
2024-07-29,7.35,24.41,83.91,1.1,0.41700172424316406,0.39199574788411456,17.36
2024-07-30,2.18,24.89,78.12,0.41,0.4089679718017578,0.39548810323079425,15.89
2024-07-31,1.04,25.87,70.91,0.25,0.4015655517578125,0.3938891092936198,19.61
2024-08-01,5.34,25.38,72.85,0.12,0.39638519287109375,0.39006805419921875,18.77
2024-08-02,8.88,24.24,75.78,0.43,0.4337043762207031,0.39862632751464844,19.75
2024-08-03,0.25,25.3,69.13,0.3,0.4185778299967448,0.40551185607910156,21.61
2024-08-04,0.84,25.2,70.73,0.88,0.3917859395345052,0.39888763427734375,22.42
2024-08-05,2.13,25.2,73.42,1.04,0.38042132059733075,0.39139238993326825,21.2
2024-08-06,6.12,23.53,87.74,0.48,0.3963915506998698,0.3870124816894531,10.71
2024-08-07,2.84,24.01,80.87,0.59,0.41672388712565106,0.3903706868489583,15.07
2024-08-08,2.97,24.33,79.79,0.35,0.4183648427327474,0.3923816680908203,17.82
2024-08-09,0.21,24.57,71.97,1.22,0.40425872802734375,0.39163780212402344,24.09
2024-08-10,1.22,24.93,73.37,0.72,0.3781471252441406,0.3852303822835286,20.77
2024-08-11,0.67,24.42,79.3,0.44,0.3703460693359375,0.3796990712483724,17.73
2024-08-12,2.0,26.06,68.39,0.41,0.3639214833577474,0.3745555877685547,23.43
2024-08-13,1.55,25.53,71.48,0.38,0.3576914469401042,0.36911773681640625,21.4
2024-08-14,1.14,25.2,74.57,0.51,0.35029347737630206,0.3643309275309245,17.73
2024-08-15,0.25,26.48,64.97,0.25,0.3403186798095703,0.3595784505208333,22.06
2024-08-16,0.03,26.46,63.72,0.17,0.32189051310221356,0.3534425099690755,23.36
2024-08-17,1.55,26.0,66.37,0.28,0.30803489685058594,0.3471565246582031,19.86
2024-08-18,0.3,26.83,57.22,0.22,0.30456288655598956,0.34207789103190106,22.71
2024-08-19,0.43,26.54,60.85,0.61,0.28981463114420575,0.3361644744873047,23.18
2024-08-20,1.36,25.46,72.16,0.78,0.28276952107747394,0.330718994140625,20.1
2024-08-21,3.19,25.0,75.38,0.98,0.29276275634765625,0.32677459716796875,19.41
2024-08-22,2.37,25.54,72.12,0.64,0.3146800994873047,0.32370885213216144,19.62
2024-08-23,1.39,25.26,76.14,0.49,0.3088245391845703,0.3209419250488281,18.15
2024-08-24,6.62,24.44,82.39,0.36,0.3223260243733724,0.31895891825358075,14.42
2024-08-25,16.75,23.51,87.66,0.41,0.43251927693684894,0.34528350830078125,14.46
2024-08-26,5.06,23.37,85.5,0.66,0.4269415537516276,0.3636646270751953,11.57
2024-08-27,0.53,24.57,72.66,0.23,0.41287994384765625,0.3718496958414714,21.34
2024-08-28,0.24,25.11,68.51,1.08,0.3832937876383464,0.36935997009277344,22.32
2024-08-29,0.85,25.5,71.33,0.99,0.3590850830078125,0.3635730743408203,22.23
2024-08-30,1.05,25.49,74.25,0.24,0.34589385986328125,0.35791015625,19.89
2024-08-31,12.63,25.15,78.75,0.26,0.4001668294270833,0.35594749450683594,16.88
2024-09-01,7.7,23.89,84.78,0.35,0.4449990590413411,0.3746941884358724,13.38
2024-09-02,16.85,24.38,84.44,0.31,0.4423681894938151,0.3942241668701172,17.74
2024-09-03,16.85,24.04,84.43,0.13,0.42995325724283856,0.41625213623046875,16.52
2024-09-04,17.51,24.19,85.25,0.15,0.4676971435546875,0.4441916147867839,17.45
2024-09-05,5.29,24.48,83.9,0.12,0.4273681640625,0.4410330454508464,16.17
2024-09-06,6.76,25.0,82.46,0.14,0.44525782267252606,0.43620045979817706,16.39
2024-09-07,3.6,24.5,80.8,0.32,0.45856475830078125,0.44572893778483075,18.35
2024-09-08,3.77,25.05,78.52,0.13,0.4408620198567708,0.4398295084635417,17.61
2024-09-09,13.1,25.65,75.85,0.08,0.4436779022216797,0.43888219197591144,19.36
2024-09-10,4.46,25.37,77.18,0.13,0.43840980529785156,0.4419994354248047,22.92
2024-09-11,3.24,25.35,80.75,0.31,0.4259332021077474,0.4325917561848958,19.65
2024-09-12,7.21,24.49,85.03,0.16,0.44312413533528644,0.4299023946126302,14.93
2024-09-13,5.84,24.72,86.0,0.15,0.4540335337320964,0.43834559122721356,15.93
2024-09-14,3.96,25.51,77.41,0.09,0.44844309488932294,0.4414532979329427,20.88
2024-09-15,0.63,25.69,72.11,0.19,0.43658892313639325,0.4367167154947917,23.39
2024-09-16,0.57,26.02,74.97,0.26,0.415557861328125,0.4274940490722656,19.4
2024-09-17,1.34,25.76,75.3,0.22,0.4054419199625651,0.4192943572998047,17.01
2024-09-18,3.62,25.99,70.49,0.41,0.4045035044352214,0.4130636850992839,20.6
2024-09-19,1.63,25.73,74.21,0.29,0.4085680643717448,0.4094123840332031,21.35
2024-09-20,3.48,25.71,71.8,0.32,0.4045035044352214,0.40523211161295575,18.63
2024-09-21,4.7,24.69,80.26,0.48,0.414431889851888,0.4048620859781901,13.74
2024-09-22,5.55,23.67,86.68,0.5,0.4284807840983073,0.40990638732910156,10.27
2024-09-23,2.89,24.35,81.24,0.22,0.4327767690022786,0.41735204060872394,15.47
2024-09-24,3.62,24.83,75.98,0.33,0.4261945088704427,0.41649818420410156,17.25
2024-09-25,7.38,24.72,77.21,0.36,0.4395395914713542,0.41981760660807294,16.93
2024-09-26,6.62,24.2,80.34,0.17,0.44535064697265625,0.42836252848307294,20.01
2024-09-27,9.1,24.01,77.67,0.19,0.4353192647298177,0.4274953206380208,22.34
2024-09-28,33.31,23.91,84.83,0.46,0.4362653096516927,0.4310385386149089,16.08
2024-09-29,45.76,22.33,93.32,0.8,0.4707628885904948,0.4521643320719401,8.64
2024-09-30,3.18,22.89,84.6,0.2,0.46427154541015625,0.4621206919352214,12.55
2024-10-01,0.77,23.82,77.66,0.26,0.4517809549967448,0.4525400797526042,20.31
2024-10-02,1.72,24.17,83.17,0.23,0.43637530008951825,0.4418017069498698,19.14
2024-10-03,1.21,23.95,79.98,0.41,0.4255847930908203,0.43303362528483075,22.43
2024-10-04,15.48,23.87,84.97,0.49,0.4279702504475911,0.4279136657714844,19.21
2024-10-05,17.54,23.72,87.23,0.39,0.4612242380777995,0.462893803914388,15.72
2024-10-06,9.75,23.28,86.5,0.49,0.477444330851237,0.46484820048014325,15.52
2024-10-07,3.31,23.45,83.91,0.35,0.46073277791341144,0.4622027079264323,17.48
2024-10-08,19.59,23.58,84.74,0.45,0.43544769287109375,0.46412404378255206,18.11
2024-10-09,4.15,23.73,86.74,0.38,0.4353675842285156,0.4434407552083333,15.19
2024-10-10,2.0,24.08,83.0,0.14,0.4415353139241536,0.4372933705647786,18.47
2024-10-11,0.86,23.92,83.29,0.21,0.4311834971110026,0.4317169189453125,18.27
2024-10-12,0.06,24.82,74.49,0.55,0.415554682413737,0.42540931701660156,20.63
2024-10-13,0.81,24.68,79.17,0.63,0.3986002604166667,0.4177996317545573,19.12
2024-10-14,3.61,24.47,80.0,0.21,0.4031976064046224,0.4122517903645833,16.38
2024-10-15,7.11,24.01,83.04,0.32,0.42844200134277344,0.4113178253173828,11.62
2024-10-16,1.08,23.79,77.19,0.2,0.44031333923339844,0.41974639892578125,12.53
2024-10-17,3.77,24.5,79.59,0.38,0.4282004038492839,0.41982142130533856,19.05
2024-10-18,2.12,24.72,80.74,0.34,0.4302520751953125,0.41965993245442706,19.99
2024-10-19,1.67,24.67,81.88,0.65,0.4214833577473958,0.41762733459472656,18.74
2024-10-20,2.61,24.16,85.18,0.17,0.41724522908528644,0.4144611358642578,18.85
2024-10-21,9.59,23.58,86.08,0.52,0.4436969757080078,0.4186255137125651,15.89
2024-10-22,3.4,24.03,82.2,0.39,0.4512290954589844,0.4305604298909505,19.02
2024-10-23,1.36,24.36,79.75,0.25,0.4326038360595703,0.42963282267252606,19.43
2024-10-24,5.51,23.84,86.79,0.44,0.4383665720621745,0.426937739054362,10.7
2024-10-25,0.24,25.12,74.88,1.06,0.4352264404296875,0.4295005798339844,21.65
2024-10-26,0.8,24.7,77.69,1.25,0.4133758544921875,0.42317835489908856,19.45
2024-10-27,3.57,24.38,80.75,1.37,0.4177735646565755,0.41732152303059894,19.28
2024-10-28,0.71,24.82,79.44,0.66,0.40786997477213544,0.4128684997558594,17.36
2024-10-29,1.53,24.58,80.37,0.66,0.399875005086263,0.4081592559814453,15.16
2024-10-30,3.79,25.0,77.45,0.16,0.3988914489746094,0.403988520304362,17.66
2024-10-31,20.15,23.74,84.76,0.67,0.4622662862141927,0.438629150390625,14.05
2024-11-01,36.22,21.76,92.94,0.5,0.46543439229329425,0.45832188924153644,8.43
2024-11-02,24.21,21.64,92.06,0.45,0.46074994405110675,0.47107187906901044,9.4
2024-11-03,10.1,22.56,88.32,0.43,0.47714678446451825,0.4708455403645833,13.1
2024-11-04,5.69,21.98,91.99,0.8,0.4793192545572917,0.48018773396809894,7.51
2024-11-05,3.93,23.32,83.4,0.08,0.465850830078125,0.47130457560221356,17.67
2024-11-06,22.21,23.64,86.76,0.23,0.4722576141357422,0.4703013102213542,17.03
2024-11-07,29.34,23.06,86.59,0.14,0.43176841735839844,0.4485054016113281,14.95
2024-11-08,45.5,22.73,89.15,0.28,0.4727179209391276,0.4708741505940755,11.98
2024-11-09,17.53,21.75,93.0,0.56,0.479214350382487,0.47554588317871094,8.98
2024-11-10,1.55,21.85,85.86,0.65,0.40901947021484375,0.43863805135091144,13.31
2024-11-11,11.52,22.4,90.31,0.38,0.44893455505371094,0.4374351501464844,7.08
2024-11-12,10.36,22.51,88.92,0.26,0.467898686726888,0.45546722412109375,12.51
2024-11-13,26.44,22.2,90.4,0.3,0.47385088602701825,0.4817422231038411,11.6
2024-11-14,19.64,22.01,90.74,0.4,0.4708410898844401,0.47621599833170575,10.39
2024-11-15,4.99,22.74,87.07,0.34,0.4743417104085286,0.4772694905598958,16.27
2024-11-16,9.15,23.1,86.24,0.33,0.4614238739013672,0.47027587890625,17.68
2024-11-17,9.69,22.87,88.62,0.47,0.4540106455485026,0.46161969502766925,14.19
2024-11-18,1.03,23.26,80.0,0.56,0.4617500305175781,0.4663410186767578,19.96
2024-11-19,1.25,23.34,80.39,0.44,0.4439220428466797,0.4569549560546875,19.38
2024-11-20,4.08,22.75,88.11,0.36,0.4447313944498698,0.4491564432779948,14.57
2024-11-21,6.63,22.71,85.89,0.22,0.4569250742594401,0.4484456380208333,14.74
2024-11-22,12.74,22.63,91.21,0.21,0.47970008850097656,0.4658285776774089,10.56
2024-11-23,13.05,22.59,89.13,0.27,0.4477825164794922,0.4668102264404297,10.84
2024-11-24,7.57,23.36,85.32,0.14,0.4757232666015625,0.4691931406656901,15.41
2024-11-25,0.95,23.63,83.02,0.15,0.46030108133951825,0.4668019612630208,16.96
2024-11-26,11.5,23.68,88.04,0.08,0.4641265869140625,0.4663683573404948,10.95
2024-11-27,3.21,23.38,86.44,0.3,0.4290021260579427,0.45784568786621094,12.64
2024-11-28,11.27,23.6,86.89,0.14,0.46507708231608075,0.4556662241617839,16.3
2024-11-29,11.96,23.56,86.42,0.07,0.43566258748372394,0.46859486897786456,15.69
2024-11-30,2.5,24.17,81.78,0.46,0.450531005859375,0.4554595947265625,15.96
2024-12-01,0.68,24.16,81.65,1.04,0.4366448720296224,0.4479490915934245,18.71
2024-12-02,0.45,23.59,83.82,1.12,0.42374610900878906,0.439334233601888,18.14
2024-12-03,2.96,23.1,87.77,1.2,0.4217529296875,0.4321371714274089,15.82
2024-12-04,0.53,22.94,80.98,1.37,0.42195574442545575,0.4277960459391276,18.81
2024-12-05,2.06,22.22,84.66,1.37,0.41655731201171875,0.4225781758626302,17.22
2024-12-06,0.55,22.59,73.7,1.37,0.4096062978108724,0.418087641398112,20.87
2024-12-07,0.02,22.26,66.64,1.19,0.3897228240966797,0.4113318125406901,21.91
2024-12-08,0.27,22.51,73.74,1.36,0.3744455973307292,0.40398279825846356,19.84
2024-12-09,0.05,22.94,70.56,1.12,0.3628425598144531,0.3973560333251953,20.81
2024-12-10,0.08,22.26,76.55,1.32,0.35033289591471356,0.3905874888102214,19.9
2024-12-11,0.8,22.29,80.32,1.22,0.34078534444173175,0.3844420115152995,19.57
2024-12-12,2.53,21.99,85.88,1.57,0.34853871663411456,0.37964439392089844,17.52
2024-12-13,2.6,20.98,86.02,1.51,0.3583081563313802,0.37668100992838544,17.81
2024-12-14,3.94,21.17,85.56,1.18,0.37733713785807294,0.3746236165364583,18.22
2024-12-15,1.98,22.47,79.42,0.44,0.39164988199869794,0.3739134470621745,19.22
2024-12-16,1.17,23.53,75.73,0.33,0.38273048400878906,0.3727607727050781,18.81
2024-12-17,5.3,24.02,81.68,0.65,0.386440912882487,0.37125078837076825,16.69
2024-12-18,7.41,23.59,86.45,0.85,0.4331919352213542,0.3803863525390625,16.19
2024-12-19,3.97,23.7,84.06,0.94,0.43017323811848956,0.3923727671305339,17.29
2024-12-20,1.21,23.93,81.76,0.61,0.4111646016438802,0.3957786560058594,16.79
2024-12-21,8.3,23.96,84.49,0.28,0.43248875935872394,0.3981437683105469,14.46
2024-12-22,1.97,23.58,84.31,0.28,0.4316488901774089,0.4068400065104167,14.27
2024-12-23,5.04,23.09,82.61,0.81,0.43172581990559894,0.4094072977701823,13.86
2024-12-24,1.31,22.67,82.72,1.1,0.4341818491617839,0.41541481018066406,14.78
2024-12-25,1.06,22.67,81.34,1.03,0.41324742635091144,0.4130439758300781,18.92
2024-12-26,2.9,22.95,84.48,0.58,0.4105383555094401,0.40848223368326825,14.47
2024-12-27,8.44,22.92,89.4,0.29,0.4376729329427083,0.40966796875,10.54
2024-12-28,2.52,22.46,86.24,0.48,0.44975026448567706,0.42184702555338544,10.57
2024-12-29,1.07,22.67,80.95,0.69,0.4343128204345703,0.42359288533528644,17.35
2024-12-30,0.75,22.85,79.24,0.62,0.4213479359944661,0.4192689259847005,20.68
2024-12-31,1.26,22.95,79.9,0.63,0.4054724375406901,0.41318829854329425,17.77
2025-01-01,1.97,22.25,83.18,0.9,0.4024346669514974,0.4077917734781901,16.54
2025-01-02,4.87,22.05,87.04,1.1,0.4198455810546875,0.4055074055989583,14.7
2025-01-03,5.34,22.19,87.45,1.27,0.4347890218098958,0.4111639658610026,14.65
2025-01-04,16.18,22.06,91.65,0.95,0.4590606689453125,0.43445269266764325,9.65
2025-01-05,5.85,21.94,88.96,1.29,0.4656810760498047,0.44913482666015625,11.25
2025-01-06,1.3,22.61,83.24,1.2,0.4489428202311198,0.44478098551432294,17.55
2025-01-07,0.58,23.32,81.39,0.92,0.42895062764485675,0.43560345967610675,19.77
2025-01-08,0.07,22.53,76.89,1.2,0.4130503336588542,0.42638206481933594,20.55
2025-01-09,0.0,22.31,73.43,1.13,0.3955504099527995,0.4170602162679036,21.89
2025-01-10,0.01,22.03,65.97,0.96,0.37939198811848956,0.40769704182942706,22.83
2025-01-11,0.0,22.57,63.4,0.85,0.3638909657796224,0.3984947204589844,22.84
2025-01-12,0.04,21.88,67.52,1.04,0.34949620564778644,0.3897889455159505,22.02
2025-01-13,0.07,22.06,72.51,1.25,0.3374805450439453,0.3818626403808594,21.85
2025-01-14,0.01,22.12,67.7,1.5,0.324981689453125,0.37430254618326825,20.97
2025-01-15,0.26,21.96,80.23,1.61,0.3151601155598958,0.36750539143880206,17.27
2025-01-16,0.22,22.39,70.07,1.29,0.30785242716471356,0.36170196533203125,20.57
2025-01-17,0.38,21.71,73.52,1.22,0.29948997497558594,0.355685551961263,21.65
2025-01-18,0.01,22.21,69.33,1.23,0.29152552286783856,0.3499749501546224,21.4
2025-01-19,0.43,22.19,72.16,1.27,0.28319549560546875,0.34433746337890625,20.2
2025-01-20,0.08,22.24,72.82,1.4,0.2744592030843099,0.3390954335530599,21.18
2025-01-21,0.1,22.18,64.23,1.45,0.26505088806152344,0.3337516784667969,21.94
2025-01-22,0.19,22.55,67.15,1.26,0.25562604268391925,0.3283774058024089,21.91
2025-01-23,0.07,21.99,70.77,1.44,0.24941698710123697,0.32360267639160156,21.54
2025-01-24,0.35,23.07,68.38,1.1,0.24251429239908853,0.3190472920735677,21.16
2025-01-25,0.11,22.3,68.96,1.58,0.23877716064453125,0.3149267832438151,21.38
2025-01-26,0.01,22.81,63.38,1.5,0.2311115264892578,0.3107032775878906,23.06
2025-01-27,0.57,22.23,74.26,1.27,0.22515360514322916,0.3065967559814453,21.62
2025-01-28,3.91,23.96,74.59,1.11,0.2335821787516276,0.3034248352050781,19.46
2025-01-29,0.78,23.33,76.56,1.27,0.2605050404866536,0.3014119466145833,15.31
2025-01-30,1.82,22.73,75.96,1.56,0.2571849822998047,0.2995134989420573,18.79
2025-01-31,1.66,22.95,75.44,1.7,0.27793439229329425,0.2975959777832031,19.42
2025-02-01,0.21,22.44,69.69,1.46,0.26614634195963544,0.2953376770019531,22.07
2025-02-02,0.53,22.51,72.05,1.72,0.2573833465576172,0.29279836018880206,21.31
2025-02-03,0.1,21.98,67.14,1.58,0.24866422017415366,0.29037030537923175,22.88
2025-02-04,1.19,21.72,74.39,1.53,0.24134508768717447,0.2878532409667969,21.73
2025-02-05,4.24,21.78,79.36,1.69,0.26837793986002606,0.2861137390136719,17.46
2025-02-06,2.8,21.89,75.92,1.59,0.2835528055826823,0.28508758544921875,19.91
2025-02-07,1.16,22.07,74.19,1.54,0.2903887430826823,0.2839527130126953,20.69
2025-02-08,3.19,21.74,75.67,1.49,0.2905998229980469,0.2827688852945964,17.09
2025-02-09,10.63,22.03,82.77,1.59,0.3740075429280599,0.28635533650716144,16.37
2025-02-10,5.67,21.78,79.14,1.63,0.39242808024088544,0.2990182240804036,19.41
2025-02-11,7.3,21.67,79.57,1.66,0.4068158467610677,0.3145739237467448,17.9
2025-02-12,4.97,21.38,79.81,1.39,0.4072558085123698,0.32957204182942706,10.67
2025-02-13,2.45,21.31,78.7,1.27,0.3905646006266276,0.3378957112630208,17.42
2025-02-14,6.52,22.03,80.68,1.52,0.4060783386230469,0.34384600321451825,17.08
2025-02-15,0.89,21.74,72.51,1.47,0.3925660451253255,0.35091400146484375,22.31
2025-02-16,1.2,22.17,71.29,1.04,0.36822509765625,0.34946950276692706,22.44
2025-02-17,2.24,22.89,74.32,0.99,0.36147816975911456,0.34686724344889325,18.96
2025-02-18,5.5,22.32,81.31,1.43,0.3737366994222005,0.3456350962320964,16.77
2025-02-19,6.67,23.65,75.53,0.88,0.39042218526204425,0.34883880615234375,21.53
2025-02-20,6.21,24.09,76.53,1.1,0.40522130330403644,0.361968994140625,20.18
2025-02-21,3.32,23.53,78.93,1.13,0.40227381388346356,0.3702780405680339,15.31
2025-02-22,6.91,22.4,81.39,1.69,0.41415659586588544,0.3785686492919922,16.53
2025-02-23,6.55,22.18,81.7,1.46,0.41811561584472656,0.3868834177652995,16.2
2025-02-24,6.25,23.44,78.27,0.72,0.41582806905110675,0.3918170928955078,17.04
2025-02-25,5.26,24.33,78.81,0.29,0.4067433675130208,0.4033069610595703,17.35
2025-02-26,8.29,23.61,86.26,0.35,0.4156901041666667,0.3990968068440755,13.6
2025-02-27,3.68,24.24,76.93,1.15,0.4341023763020833,0.4054037729899089,20.84
2025-02-28,1.08,23.1,72.32,1.24,0.4125569661458333,0.3969268798828125,20.75
2025-03-01,1.36,23.38,77.7,1.12,0.3992786407470703,0.38956324259440106,20.51
2025-03-02,3.32,23.49,79.98,0.94,0.3984063466389974,0.38445472717285156,14.25
2025-03-03,2.14,23.52,77.03,0.72,0.3979326883951823,0.382443110148112,17.6
2025-03-04,4.48,23.14,78.17,1.19,0.40441131591796875,0.38115692138671875,21.09
2025-03-05,1.35,23.82,73.81,0.82,0.39717547098795575,0.3807182312011719,20.53
2025-03-06,2.06,24.04,76.25,0.86,0.38700103759765625,0.3772392272949219,19.22
2025-03-07,4.02,23.48,79.81,1.04,0.3896795908610026,0.3741156260172526,18.53
2025-03-08,2.57,23.43,73.49,1.35,0.3985544840494792,0.3740590413411458,23.68
2025-03-09,0.18,23.94,66.19,1.19,0.3733603159586589,0.3703498840332031,24.47
2025-03-10,0.1,24.17,63.88,0.85,0.3499457041422526,0.36376698811848956,25.33
2025-03-11,0.39,24.37,65.93,0.72,0.3305219014485677,0.3566163380940755,24.57
2025-03-12,0.58,24.63,69.69,0.52,0.3179117838541667,0.3500874837239583,23.68
2025-03-13,1.11,23.96,74.15,1.21,0.309051513671875,0.3441149393717448,23.65
2025-03-14,1.63,24.01,73.14,0.99,0.3061949412027995,0.33899561564127606,20.43
2025-03-15,3.17,23.95,74.07,0.85,0.3203360239664714,0.3354943593343099,14.9
2025-03-16,1.28,24.87,69.89,0.55,0.32473182678222656,0.33302942911783856,20.99
2025-03-17,10.55,23.84,85.35,1.15,0.3850727081298828,0.33316993713378906,16.75
2025-03-18,5.44,23.15,84.66,1.14,0.40546417236328125,0.3437296549479167,17.32
2025-03-19,7.05,22.42,86.62,1.31,0.413546880086263,0.3535912831624349,13.72
2025-03-20,3.47,22.9,83.92,1.05,0.4168230692545573,0.36695607503255206,15.62
2025-03-21,20.92,23.65,87.03,1.01,0.43437957763671875,0.39629364013671875,15.16
2025-03-22,2.35,23.87,78.34,1.46,0.4382362365722656,0.4089622497558594,18.59
2025-03-23,1.15,23.43,73.62,1.57,0.41353797912597656,0.40024566650390625,23.36
2025-03-24,1.45,23.54,71.89,1.4,0.3987159729003906,0.3916676839192708,24.27
2025-03-25,2.77,23.39,77.8,1.21,0.38478660583496094,0.3841819763183594,21.14
2025-03-26,8.5,24.86,75.09,0.92,0.40653038024902344,0.3822790781656901,20.71
2025-03-27,10.53,23.74,79.38,1.14,0.42949867248535156,0.4032096862792969,18.48
2025-03-28,11.92,23.24,80.43,1.45,0.4289995829264323,0.4127820332845052,16.14
2025-03-29,8.77,23.09,82.75,1.28,0.40942637125651044,0.4009234110514323,14.19
2025-03-30,7.99,22.8,83.23,1.34,0.4407246907552083,0.4099572499593099,15.51
2025-03-31,10.05,23.11,81.92,0.88,0.43779945373535156,0.4165960947672526,17.08
2025-04-01,12.76,23.0,86.8,1.09,0.4329973856608073,0.4088999430338542,13.94
2025-04-02,12.4,23.14,83.53,1.29,0.4601427714029948,0.431118647257487,17.64
2025-04-03,46.6,22.61,89.95,1.36,0.4582653045654297,0.4424756368001302,10.99
2025-04-04,6.4,21.98,81.95,1.58,0.46868451436360675,0.4584674835205078,13.97
2025-04-05,8.84,22.15,82.42,1.39,0.46454493204752606,0.45729509989420575,17.39
2025-04-06,12.94,22.95,84.49,1.07,0.45401891072591144,0.4560476938883464,16.97
2025-04-07,40.82,23.61,84.83,0.43,0.4509347279866536,0.45232264200846356,19.09
2025-04-08,34.4,23.83,84.91,0.57,0.4604498545328776,0.44512494405110675,18.12
2025-04-09,43.83,23.62,84.3,0.44,0.4655221303304036,0.45604387919108075,17.88
2025-04-10,16.44,23.1,87.8,0.25,0.4588998158772786,0.460269292195638,12.79
2025-04-11,4.97,23.46,88.5,0.34,0.4655011494954427,0.4572302500406901,13.83
2025-04-12,7.29,23.91,86.0,0.27,0.4650535583496094,0.4540551503499349,19.93
2025-04-13,12.62,23.62,81.56,0.31,0.4689013163248698,0.4750836690266927,23.39
2025-04-14,1.05,24.15,79.66,1.35,0.4545739491780599,0.4621194203694661,23.09
2025-04-15,0.13,23.55,76.62,1.39,0.4304097493489583,0.44746653238932294,23.89
2025-04-16,1.18,23.96,79.61,1.05,0.4157034556070964,0.4346001942952474,23.1
2025-04-17,4.03,24.3,83.08,1.09,0.4186573028564453,0.4257520039876302,19.96
2025-04-18,9.42,23.55,86.18,1.25,0.44598134358723956,0.42743810017903644,18.27
2025-04-19,19.46,22.92,88.8,1.32,0.44494056701660156,0.44748369852701825,10.68
2025-04-20,19.41,22.49,90.42,1.42,0.4620672861735026,0.45666058858235675,13.39
2025-04-21,41.96,22.39,86.62,1.25,0.46408653259277344,0.4627691904703776,12.46
2025-04-22,28.25,21.93,90.48,0.95,0.4688097635904948,0.4587777455647786,12.8
2025-04-23,51.12,21.82,91.22,0.79,0.47562408447265625,0.4660778045654297,16.24
2025-04-24,36.41,22.46,87.45,0.61,0.4543018341064453,0.47433725992838544,20.02
2025-04-25,28.04,22.86,86.45,0.81,0.45802752176920575,0.474429448445638,18.8
2025-04-26,10.13,23.04,86.35,0.55,0.4643516540527344,0.4656696319580078,15.46
2025-04-27,14.58,23.2,88.34,0.73,0.4719441731770833,0.4734477996826172,14.69
2025-04-28,4.8,22.5,87.54,1.15,0.4597148895263672,0.4635906219482422,10.55
2025-04-29,14.81,23.3,86.18,0.75,0.461489995320638,0.4629567464192708,14.61
2025-04-30,30.11,23.16,86.5,0.62,0.4724477132161458,0.4759744008382161,14.58
2025-05-01,4.92,23.54,84.78,0.22,0.471096674601237,0.4698060353597005,15.1
2025-05-02,6.56,23.47,85.55,0.21,0.4688498179117839,0.46630287170410156,14.69
2025-05-03,19.5,23.44,87.77,0.12,0.475830078125,0.48035113016764325,15.0
2025-05-04,10.94,23.82,84.36,0.16,0.45568275451660156,0.46798960367838544,16.27
2025-05-05,27.72,23.16,88.48,0.07,0.4589118957519531,0.4769744873046875,11.76
2025-05-06,23.47,22.47,90.75,0.05,0.4773235321044922,0.48110071818033856,9.78
2025-05-07,33.51,22.92,91.22,0.2,0.4743798573811849,0.4675343831380208,15.65
2025-05-08,16.49,23.15,87.02,0.07,0.46650250752766925,0.46875953674316406,14.25
2025-05-09,11.3,23.67,83.51,0.42,0.48164113362630206,0.4823691050211589,18.05
2025-05-10,3.02,24.32,84.53,0.84,0.4670632680257161,0.474331537882487,17.71
2025-05-11,5.66,24.79,82.57,0.56,0.4637457529703776,0.4653441111246745,19.12
2025-05-12,2.71,24.82,79.01,1.11,0.45900408426920575,0.4632422129313151,22.15
2025-05-13,1.95,24.17,81.23,1.31,0.4426104227701823,0.4526685078938802,22.52
2025-05-14,7.24,24.24,84.86,0.6,0.45365269978841144,0.44824473063151044,19.29
2025-05-15,14.76,23.48,90.54,0.05,0.46993064880371094,0.46559778849283856,11.43
2025-05-16,30.11,23.05,90.13,0.11,0.4601186116536458,0.4708029429117839,9.48
2025-05-17,12.64,23.01,87.27,0.04,0.48335901896158856,0.4774481455485026,13.97
2025-05-18,15.49,23.09,86.21,0.23,0.47027333577473956,0.4808921813964844,18.2
2025-05-19,9.86,23.82,85.56,0.25,0.47324244181315106,0.47223854064941406,16.21
2025-05-20,4.48,23.98,83.62,0.37,0.46991729736328125,0.4721291859944661,13.45
2025-05-21,7.98,24.2,84.42,0.21,0.47426605224609375,0.4716504414876302,16.43
2025-05-22,8.52,23.92,86.3,0.73,0.4421857198079427,0.4601980845133464,17.82
2025-05-23,0.26,24.04,77.78,1.21,0.44338544209798175,0.45032501220703125,21.48
2025-05-24,0.66,23.85,80.42,1.35,0.4243431091308594,0.4399267832438151,21.04
2025-05-25,0.09,24.03,75.8,1.22,0.40965906778971356,0.4305000305175781,20.39
2025-05-26,2.59,23.9,81.0,1.04,0.3994922637939453,0.4217662811279297,19.77
2025-05-27,4.79,23.84,86.15,0.81,0.421780268351237,0.4176928202311198,14.45
2025-05-28,0.76,24.03,76.41,1.01,0.42376073201497394,0.418487548828125,15.6
2025-05-29,1.03,23.53,80.78,0.96,0.41050465901692706,0.4155324300130208,19.61
2025-05-30,2.94,24.4,83.32,0.82,0.4074929555257161,0.4113470713297526,19.38
2025-05-31,2.94,24.78,83.21,0.11,0.41399256388346356,0.4090277353922526,13.21
2025-06-01,0.23,24.6,77.35,0.42,0.4128367106119792,0.4091237386067708,17.08
2025-06-02,4.5,24.95,80.65,0.31,0.3998495737711589,0.40554364522298175,20.48
2025-06-03,1.73,24.77,77.08,0.67,0.4169413248697917,0.40557289123535156,18.72
2025-06-04,2.71,23.34,83.11,1.08,0.4114430745442708,0.4049523671468099,18.58
2025-06-05,11.72,23.79,86.19,0.63,0.4297351837158203,0.4074503580729167,13.59
2025-06-06,8.03,23.62,86.83,0.62,0.45808982849121094,0.43468666076660156,12.98
2025-06-07,2.61,23.91,83.8,0.49,0.448391596476237,0.4390513102213542,14.5
2025-06-08,1.82,24.09,80.19,0.89,0.4376017252604167,0.4353555043538411,19.12
2025-06-09,0.39,24.17,77.51,0.88,0.4248116811116536,0.42909495035807294,19.14
2025-06-10,2.75,23.96,82.59,0.8,0.41843287150065106,0.4226563771565755,16.43
2025-06-11,7.44,23.57,84.95,0.67,0.429293950398763,0.4204902648925781,14.31
2025-06-12,6.74,23.16,88.58,0.84,0.4521478017171224,0.4309864044189453,12.42
2025-06-13,17.2,22.78,90.25,0.19,0.45424652099609375,0.4410349527994792,10.82
2025-06-14,38.04,22.1,89.38,0.22,0.4686145782470703,0.4713605244954427,8.01
2025-06-15,6.02,22.56,87.3,0.95,0.47647666931152344,0.47495587666829425,16.21
2025-06-16,4.61,22.94,85.91,1.22,0.4686228434244792,0.47000567118326825,17.94
2025-06-17,1.29,23.35,82.29,0.75,0.4586168924967448,0.4645894368489583,21.24
2025-06-18,3.39,23.44,84.58,1.02,0.4490375518798828,0.4558849334716797,18.17
2025-06-19,1.19,23.58,80.81,1.33,0.4432716369628906,0.4503803253173828,18.9
2025-06-20,0.53,23.86,78.87,1.05,0.4334526062011719,0.4436187744140625,15.05
2025-06-21,2.35,23.37,84.87,1.17,0.42506663004557294,0.43685022989908856,15.73
2025-06-22,5.76,22.61,91.68,0.93,0.4435304005940755,0.4350121815999349,8.01
2025-06-23,3.39,22.96,86.53,0.83,0.4550946553548177,0.4444281260172526,17.47
2025-06-24,2.68,23.67,83.4,0.54,0.4405371348063151,0.4423046112060547,19.39
2025-06-25,4.92,24.25,80.8,0.46,0.4396966298421224,0.43831125895182294,18.09
2025-06-26,3.97,23.8,82.39,0.88,0.45047632853190106,0.4426892598470052,20.53
2025-06-27,1.22,23.65,77.5,1.3,0.4376405080159505,0.4396355946858724,21.87
2025-06-28,3.93,23.07,83.28,1.13,0.4272276560465495,0.4328867594401042,20.22
2025-06-29,3.89,23.55,83.22,1.07,0.4357617696126302,0.4310302734375,18.65
2025-06-30,2.46,23.51,82.23,1.06,0.42947133382161456,0.43017323811848956,15.46
2025-07-01,0.41,23.22,80.96,1.4,0.42328325907389325,0.427548090616862,19.66
2025-07-02,1.05,23.23,81.22,0.77,0.4073111216227214,0.42133649190266925,20.2
2025-07-03,5.22,24.5,82.42,0.5,0.41607093811035156,0.41634178161621094,18.46
2025-07-04,0.58,23.78,82.73,0.27,0.41753578186035156,0.41620127360026044,13.73
2025-07-05,0.84,23.79,79.01,0.1,0.4069080352783203,0.41362253824869794,13.76
2025-07-06,0.17,24.27,67.64,0.41,0.39701207478841144,0.40931955973307294,18.87
2025-07-07,0.0,23.84,68.35,1.28,0.3798166910807292,0.4025885264078776,23.03
2025-07-08,0.61,22.76,80.24,1.01,0.36333147684733075,0.3943824768066406,20.55
2025-07-09,2.54,24.08,81.15,0.79,0.36753273010253906,0.3883196512858073,16.21
2025-07-10,1.23,23.59,81.65,1.02,0.3678747812906901,0.3843835194905599,18.86
2025-07-11,0.86,24.19,76.94,0.82,0.3623676300048828,0.3800862630208333,18.62
2025-07-12,4.78,24.0,81.98,0.61,0.3711973826090495,0.3763593037923177,14.21
2025-07-13,2.34,23.66,75.84,0.86,0.3979880015055339,0.3777764638264974,13.55
2025-07-14,0.15,24.0,71.82,1.14,0.3802197774251302,0.37746556599934894,21.7
2025-07-15,0.17,23.73,76.2,0.97,0.3572832743326823,0.37267430623372394,22.93
2025-07-16,0.31,24.45,74.19,1.15,0.340057373046875,0.36710357666015625,22.19
2025-07-17,1.06,24.07,73.51,1.21,0.3262653350830078,0.36121686299641925,22.24
2025-07-18,2.62,24.51,69.54,1.3,0.34042612711588544,0.3562781016031901,20.95
2025-07-19,2.22,24.14,74.94,1.35,0.3302923838297526,0.3519439697265625,19.7
2025-07-20,6.96,24.39,79.39,1.02,0.36950111389160156,0.349911371866862,20.06
2025-07-21,2.49,24.66,75.95,1.1,0.3799120585123698,0.3526191711425781,18.3
2025-07-22,0.04,24.42,69.42,1.18,0.3654460906982422,0.3534069061279297,17.21
2025-07-23,1.98,24.83,73.95,0.67,0.34971173604329425,0.3509330749511719,18.3
2025-07-24,8.34,24.82,80.72,0.54,0.3640174865722656,0.3492012023925781,16.43
2025-07-25,8.11,24.18,82.26,0.91,0.4094708760579427,0.3591594696044922,18.42
2025-07-26,9.46,23.43,86.3,1.17,0.42507298787434894,0.3828023274739583,14.94
2025-07-27,5.11,24.0,80.77,0.61,0.42798296610514325,0.403378168741862,14.69
2025-07-28,0.03,25.68,66.29,0.41,0.4093208312988281,0.4015007019042969,20.67
2025-07-29,1.45,25.19,70.97,0.84,0.38775634765625,0.3931376139322917,21.26
2025-07-30,1.29,26.07,59.74,0.83,0.3838342030843099,0.38643646240234375,22.88
2025-07-31,1.94,23.71,76.13,1.14,0.36818885803222656,0.3795000712076823,20.37
2025-08-01,2.18,24.74,77.19,0.98,0.3694922129313151,0.37448374430338544,19.88
2025-08-02,1.29,24.71,74.25,1.06,0.3695818583170573,0.3705221811930339,19.78
2025-08-03,0.24,26.05,67.02,0.28,0.3550345102945964,0.3658974965413411,18.79
2025-08-04,1.62,25.01,68.45,0.5,0.3444099426269531,0.3608175913492839,21.03
2025-08-05,2.71,24.82,71.39,0.9,0.34276262919108075,0.3562215169270833,21.12
2025-08-06,3.06,24.34,73.36,1.19,0.3581765492757161,0.353000005086263,18.94
2025-08-07,1.06,24.58,69.71,1.35,0.3527882893880208,0.3504403432210286,22.93
2025-08-08,2.77,24.51,68.05,0.63,0.34151967366536456,0.3466256459554036,20.0
2025-08-09,2.15,24.23,76.08,0.51,0.3614660898844401,0.3447761535644531,17.43
2025-08-10,2.65,23.82,77.31,0.35,0.35558319091796875,0.343502680460612,12.17
2025-08-11,4.84,24.8,72.3,0.41,0.3763662974039714,0.34423065185546875,18.52
2025-08-12,0.37,25.54,62.93,0.85,0.37143516540527344,0.345608393351237,23.39
2025-08-13,0.21,25.27,62.88,1.36,0.344607671101888,0.3424396514892578,21.45
2025-08-14,1.41,24.83,66.42,1.19,0.3259900410970052,0.3380317687988281,20.75
2025-08-15,3.69,24.64,72.28,0.54,0.32739830017089844,0.33433278401692706,19.47
2025-08-16,38.6,22.52,90.67,0.62,0.43951161702473956,0.4002399444580078,10.75
2025-08-17,5.93,23.02,83.88,0.56,0.44869232177734375,0.4254144032796224,15.32
2025-08-18,9.55,23.17,85.31,0.17,0.4551531473795573,0.432162602742513,15.01
2025-08-19,3.81,24.41,82.51,0.46,0.4546966552734375,0.43796666463216144,21.47
2025-08-20,0.23,25.08,73.65,0.86,0.43255043029785156,0.4297936757405599,23.19
2025-08-21,0.3,25.33,70.29,0.66,0.4071661631266276,0.41847991943359375,22.24
2025-08-22,3.55,24.53,77.44,0.91,0.3962688446044922,0.4084695180257161,21.47
2025-08-23,1.6,24.2,75.7,0.19,0.4076588948567708,0.4026947021484375,17.13
2025-08-24,0.23,25.35,64.07,0.59,0.38939348856608075,0.3973102569580078,24.45
2025-08-25,1.52,24.44,75.08,1.2,0.37389246622721356,0.3892052968343099,21.8
2025-08-26,0.79,25.73,69.35,0.62,0.36144447326660156,0.38211313883463544,21.69
2025-08-27,0.63,26.12,64.35,0.31,0.3481973012288411,0.3748893737792969,20.95
2025-08-28,1.41,26.14,63.72,0.29,0.3373209635416667,0.36808522542317706,18.96
2025-08-29,0.23,26.41,58.35,0.2,0.33148956298828125,0.361880620320638,23.82
2025-08-30,0.35,26.79,57.42,0.98,0.3137887318929036,0.3544457753499349,21.99
2025-08-31,0.76,25.55,66.48,1.1,0.30127588907877606,0.3476848602294922,18.2
2025-09-01,0.79,26.49,62.33,0.56,0.29547373453776044,0.34189478556315106,22.67
2025-09-02,0.27,26.35,62.7,0.5,0.2855917612711589,0.3356946309407552,21.36
2025-09-03,0.11,26.26,60.85,0.42,0.27392323811848956,0.32983970642089844,21.65
2025-09-04,1.67,26.01,68.02,0.57,0.2682596842447917,0.32450612386067706,19.31
2025-09-05,0.76,25.57,65.19,0.51,0.2684516906738281,0.32044410705566406,18.43
2025-09-06,1.87,24.85,71.13,0.34,0.27430152893066406,0.3168557484944661,14.38
2025-09-07,3.56,24.57,71.29,0.43,0.2817179361979167,0.31423187255859375,19.15
2025-09-08,12.35,23.4,84.42,0.37,0.3838342030843099,0.3153769175211589,11.53
2025-09-09,6.37,24.7,75.88,0.2,0.42115147908528644,0.33064715067545575,20.91
2025-09-10,0.38,25.75,67.46,0.44,0.390560785929362,0.3383738199869792,23.38
2025-09-11,0.54,25.44,73.47,0.64,0.3603509267171224,0.33642578125,20.86
2025-09-12,2.95,25.02,76.17,0.17,0.348239262898763,0.33355712890625,14.97
2025-09-13,10.57,24.46,80.99,0.15,0.4035288492838542,0.3372351328531901,14.78
2025-09-14,6.16,24.67,78.81,0.27,0.418240229288737,0.3521321614583333,18.34
2025-09-15,3.93,24.99,77.65,0.39,0.4158000946044922,0.3629601796468099,17.51
2025-09-16,6.32,24.96,79.71,0.5,0.41773033142089844,0.3701769510904948,17.87
2025-09-17,2.97,24.38,77.92,0.35,0.41460736592610675,0.37876001993815106,18.74
2025-09-18,8.01,23.22,80.73,0.45,0.4184913635253906,0.3815593719482422,18.97
2025-09-19,7.93,23.04,84.62,0.27,0.4320596059163411,0.39138348897298175,14.19
2025-09-20,2.13,24.29,77.88,0.13,0.4410807291666667,0.4040514628092448,21.09
2025-09-21,5.29,24.7,78.16,0.15,0.4216302235921224,0.399566650390625,18.78
2025-09-22,1.32,24.77,77.75,0.4,0.4247506459554036,0.4027303059895833,20.21
2025-09-23,0.49,24.61,76.05,0.82,0.40108362833658856,0.39642969767252606,22.81
2025-09-24,0.65,24.79,74.56,0.51,0.38176218668619794,0.38803672790527344,21.56
2025-09-25,2.31,24.78,76.87,0.58,0.3725605010986328,0.3807353973388672,18.8
2025-09-26,1.74,25.12,69.2,0.68,0.38242657979329425,0.37632497151692706,18.1
2025-09-27,5.09,24.08,76.96,0.47,0.3775717417399089,0.372128168741862,17.13
2025-09-28,13.71,23.73,81.92,0.3,0.43512725830078125,0.3850282033284505,17.95
2025-09-29,0.71,23.79,80.07,0.29,0.4127788543701172,0.4043814341227214,20.12
2025-09-30,3.37,24.38,79.57,0.15,0.4018440246582031,0.3951924641927083,20.09
2025-10-01,1.97,23.4,80.74,0.44,0.41669591267903644,0.39171091715494794,15.72
2025-10-02,1.33,24.11,74.06,0.07,0.40196863810221356,0.3887793223063151,17.5
2025-10-03,3.21,23.95,82.28,0.12,0.3988596598307292,0.3851083119710286,13.94
2025-10-04,1.32,23.31,81.86,0.41,0.4078909556070964,0.38493792215983075,10.91
2025-10-05,8.43,23.67,80.98,0.56,0.4050331115722656,0.38416099548339844,19.63
2025-10-06,9.09,23.25,84.78,0.29,0.43784141540527344,0.3996696472167969,16.64
2025-10-07,6.05,23.51,84.56,0.09,0.4438743591308594,0.41257349650065106,16.9
2025-10-08,4.99,23.78,83.14,0.16,0.4438209533691406,0.4164918263753255,15.34
2025-10-09,0.75,23.59,82.58,0.38,0.42806116739908856,0.4131844838460286,15.6
2025-10-10,7.25,23.39,84.86,0.66,0.4197521209716797,0.4059734344482422,16.77
2025-10-11,2.93,22.58,87.04,0.49,0.43972206115722656,0.4116586049397786,12.97
2025-10-12,4.81,22.91,84.59,0.41,0.43752098083496094,0.4118792215983073,15.21
2025-10-13,1.48,23.19,81.82,0.15,0.43025461832682294,0.4106286366780599,19.42
2025-10-14,0.56,23.34,77.97,0.08,0.41399065653483075,0.40530840555826825,20.04
2025-10-15,3.51,23.32,86.06,0.68,0.405307133992513,0.39907201131184894,15.56
2025-10-16,2.61,23.13,84.77,0.53,0.4157905578613281,0.39733632405598956,16.82
2025-10-17,7.22,22.84,87.48,0.28,0.43048095703125,0.3984235127766927,11.14
2025-10-18,7.33,23.39,84.7,0.42,0.44783655802408856,0.40894126892089844,13.76
2025-10-19,2.81,24.14,77.09,0.53,0.4478015899658203,0.4217987060546875,19.1
2025-10-20,4.52,23.92,81.38,0.48,0.43364397684733075,0.4165884653727214,17.19
2025-10-21,5.98,22.68,87.08,0.42,0.4402910868326823,0.4160594940185547,16.63
2025-10-22,6.35,22.74,89.69,1.07,0.4562142690022786,0.4238179524739583,10.81
2025-10-23,2.85,22.41,87.87,0.79,0.446688969930013,0.4285596211751302,10.74
2025-10-24,1.11,22.64,83.1,0.76,0.4377435048421224,0.4263051350911458,15.01
2025-10-25,4.45,22.98,86.98,0.76,0.4321600596110026,0.422027587890625,13.21
2025-10-26,4.46,23.33,85.76,0.62,0.4420636494954427,0.4266363779703776,14.52
2025-10-27,6.8,22.99,89.57,0.83,0.44777552286783856,0.42897923787434894,9.27
2025-10-28,3.94,22.86,83.55,0.66,0.44311777750651044,0.4312642415364583,17.76
2025-10-29,2.34,23.76,83.81,0.27,0.438137690226237,0.42910003662109375,16.69
2025-10-30,17.72,23.42,90.01,0.15,0.44798024495442706,0.4304383595784505,11.85
2025-10-31,20.93,23.68,83.67,0.22,0.4379189809163411,0.45161883036295575,18.0
2025-11-01,1.14,23.61,79.17,0.46,0.43660736083984375,0.4400641123453776,19.66
2025-11-02,1.6,23.96,79.13,0.19,0.4259866078694661,0.43195533752441406,16.49
2025-11-03,0.95,23.86,83.35,0.7,0.4209327697753906,0.42542457580566406,19.2
2025-11-04,6.38,22.6,87.82,1.13,0.4359722137451172,0.4214700063069661,16.27
2025-11-05,12.33,22.7,88.94,0.77,0.46605873107910156,0.43450291951497394,14.79
2025-11-06,7.25,22.94,89.03,0.4,0.4535338083902995,0.4501209259033203,13.48
2025-11-07,6.83,23.73,84.23,0.3,0.4330546061197917,0.441525141398112,16.97
2025-11-08,2.05,23.69,83.95,0.97,0.4464232126871745,0.4388999938964844,18.93
2025-11-09,0.8,23.57,82.71,0.93,0.43018468221028644,0.43293507893880206,19.83
2025-11-10,1.08,23.98,84.32,0.45,0.4185708363850911,0.425692876180013,14.82
2025-11-11,1.22,23.48,86.89,0.96,0.4133313496907552,0.4199822743733724,17.16
2025-11-12,1.45,23.09,84.3,1.3,0.40626780192057294,0.414248784383138,19.82
2025-11-13,1.08,22.73,81.25,1.07,0.40267499287923175,0.4087104797363281,19.05
2025-11-14,2.09,23.16,85.44,0.81,0.3931560516357422,0.40331776936848956,18.39
2025-11-15,40.28,22.79,89.78,0.21,0.45110130310058594,0.4408404032389323,10.5
2025-11-16,22.99,22.15,89.94,0.07,0.4643319447835286,0.4731025695800781,6.65
2025-11-17,16.47,22.42,89.57,0.26,0.46883519490559894,0.4790871938069661,10.41
2025-11-18,13.49,22.79,88.59,0.93,0.4641729990641276,0.4442342122395833,15.13
2025-11-19,3.74,22.67,86.49,1.19,0.46222368876139325,0.449337641398112,16.41
2025-11-20,2.78,22.8,85.55,1.01,0.4515838623046875,0.44606590270996094,16.63
2025-11-21,5.9,22.87,87.41,0.65,0.45926984151204425,0.4449380238850911,15.67
2025-11-22,0.39,22.93,79.31,1.28,0.44617335001627606,0.44547144571940106,19.52
2025-11-23,0.39,22.15,80.73,1.4,0.4249426523844401,0.43702443440755206,17.94
2025-11-24,3.87,22.17,85.56,1.26,0.4200445810953776,0.4291706085205078,15.51
2025-11-25,6.45,22.18,85.8,1.36,0.4465503692626953,0.42990366617838544,13.87
2025-11-26,1.41,22.23,85.22,1.4,0.43949000040690106,0.435211181640625,14.28
2025-11-27,3.81,22.52,86.24,1.37,0.4361521402994792,0.43273162841796875,15.31
2025-11-28,19.51,21.88,91.05,1.01,0.4415594736735026,0.4457314809163411,8.09
2025-11-29,21.34,22.0,92.77,0.14,0.45763715108235675,0.4540875752766927,4.86
2025-11-30,5.8,22.38,86.91,0.51,0.46892356872558594,0.45923741658528644,11.02
2025-12-01,20.42,21.95,89.49,0.51,0.47080103556315106,0.4645640055338542,8.58
2025-12-02,9.65,21.81,87.83,0.52,0.4473927815755208,0.4426930745442708,14.43
2025-12-03,2.34,22.0,84.14,0.92,0.45970408121744794,0.4475561777750651,18.37
2025-12-04,1.44,21.96,80.9,1.13,0.4435437520345052,0.44201405843098956,20.86
2025-12-05,1.14,21.92,76.3,0.52,0.42546971638997394,0.43453216552734375,19.64
2025-12-06,4.59,22.46,87.21,0.66,0.42963091532389325,0.42905426025390625,15.83
2025-12-07,5.04,22.42,85.61,0.65,0.45223553975423175,0.4317169189453125,14.92
2025-12-08,2.41,23.05,81.96,0.22,0.4439125061035156,0.4352703094482422,17.91
2025-12-09,6.81,23.34,83.65,0.5,0.4565588633219401,0.43879445393880206,16.94
2025-12-10,1.48,22.58,85.87,1.28,0.4488207499186198,0.4428901672363281,17.5
2025-12-11,0.94,22.65,84.02,0.96,0.43215179443359375,0.4389883677164714,19.24
2025-12-12,2.26,22.58,87.13,1.28,0.4294115702311198,0.43353716532389325,16.32
2025-12-13,0.87,22.49,83.66,1.18,0.4243640899658203,0.4295482635498047,15.59
2025-12-14,0.37,22.34,83.15,0.83,0.41334978739420575,0.4246972401936849,17.36
2025-12-15,2.4,23.26,84.34,0.66,0.40508778889973956,0.41891924540201825,18.43
2025-12-16,8.34,22.45,87.51,0.87,0.44405873616536456,0.42065874735514325,12.72
2025-12-17,2.27,22.38,84.86,0.72,0.4397570292154948,0.4287649790445964,15.36
2025-12-18,6.3,22.77,87.38,1.11,0.45020294189453125,0.43158912658691406,15.29
2025-12-19,0.92,22.07,82.48,1.37,0.44275856018066406,0.43668492635091144,19.9
2025-12-20,0.5,21.28,78.26,1.54,0.4203809102376302,0.4305960337320964,18.64
2025-12-21,1.84,20.77,83.55,1.41,0.4156748453776042,0.42403602600097656,16.22
2025-12-22,6.98,21.45,87.19,1.45,0.4393469492594401,0.4240258534749349,15.7
2025-12-23,1.03,21.58,78.35,1.54,0.433868408203125,0.42749977111816406,18.95
2025-12-24,1.77,20.82,82.34,1.36,0.4167474110921224,0.42243385314941406,19.05
2025-12-25,2.46,21.22,83.18,1.38,0.416354497273763,0.4179452260335286,18.41
2025-12-26,1.12,20.96,80.23,1.23,0.4131285349527995,0.4146264394124349,20.04
2025-12-27,0.78,21.04,78.45,1.19,0.4003887176513672,0.4099311828613281,20.78
2025-12-28,2.26,21.3,83.42,1.09,0.39678319295247394,0.4049523671468099,17.02
2025-12-29,9.52,21.8,87.68,1.22,0.42347462972005206,0.4057973225911458,15.05
2025-12-30,5.61,22.45,85.99,0.88,0.44166310628255206,0.4245503743489583,14.7
2025-12-31,1.86,23.83,78.55,0.24,0.428955078125,0.4246330261230469,17.21
2026-01-01,7.65,23.89,84.4,0.19,0.43216387430826825,0.4213765462239583,14.37
2026-01-02,9.52,22.87,90.12,0.38,0.4545981089274089,0.4396890004475911,11.66
2026-01-03,10.33,22.78,86.28,0.08,0.45673052469889325,0.4446938832600911,12.52
2026-01-04,16.19,22.75,88.63,0.18,0.45614369710286456,0.4544486999511719,12.07
2026-01-05,9.52,22.41,89.66,0.09,0.47770118713378906,0.47100194295247394,12.3
2026-01-06,19.82,22.71,86.86,0.86,0.4725685119628906,0.47278277079264325,16.0
2026-01-07,0.87,21.76,78.32,1.12,0.46098963419596356,0.46721140543619794,21.98
2026-01-08,2.7,21.0,82.18,1.3,0.4434356689453125,0.4556325276692708,18.64
2026-01-09,9.66,21.31,87.97,1.54,0.46724891662597656,0.45757420857747394,13.92
2026-01-10,4.35,21.19,86.2,1.48,0.4634297688802083,0.4630718231201172,14.75
2026-01-11,21.6,21.51,90.22,1.23,0.44600486755371094,0.4597485860188802,13.02
2026-01-12,18.32,21.06,90.75,1.35,0.4814160664876302,0.46652857462565106,11.96
2026-01-13,5.08,21.12,88.52,1.15,0.4744911193847656,0.4761975606282552,10.7
2026-01-14,3.97,21.36,88.12,1.09,0.469149907430013,0.46929931640625,12.24
2026-01-15,4.93,23.07,83.14,0.25,0.4622968037923177,0.4610328674316406,13.51
2026-01-16,4.49,23.32,84.96,0.38,0.4674460093180339,0.4604021708170573,15.07
2026-01-17,0.58,22.63,80.1,1.31,0.4521141052246094,0.4559713999430339,18.66
2026-01-18,1.01,22.11,82.75,1.19,0.43471399943033856,0.4455769856770833,19.42
2026-01-19,6.87,22.7,88.19,1.12,0.44671058654785156,0.4397436777750651,11.35
2026-01-20,0.9,21.69,81.73,1.39,0.4471556345621745,0.4433472951253255,17.16
2026-01-21,2.77,21.42,81.07,1.63,0.4430224100748698,0.4395300547281901,21.61
2026-01-22,1.82,20.99,81.37,1.4,0.42783673604329425,0.4343179066975911,18.17
2026-01-23,2.39,21.83,85.87,1.0,0.43130238850911456,0.4301033020019531,17.0
2026-01-24,1.1,22.13,80.15,1.01,0.42366600036621094,0.42664019266764325,20.8
2026-01-25,1.95,22.0,84.27,1.09,0.41600799560546875,0.4217828114827474,17.88
2026-01-26,17.04,22.34,87.84,1.0,0.4363409678141276,0.4254678090413411,14.97
2026-01-27,11.72,21.76,90.32,1.25,0.45023028055826825,0.4485289255777995,13.55
2026-01-28,5.13,21.61,84.0,1.31,0.46226247151692706,0.4551855723063151,17.93
2026-01-29,1.83,21.92,80.94,0.78,0.45084571838378906,0.45319048563639325,18.04
2026-01-30,8.29,21.85,88.55,0.89,0.46786053975423175,0.4578545888264974,14.29
2026-01-31,1.98,23.12,84.88,0.13,0.45325978597005206,0.45681190490722656,13.11
2026-02-01,10.44,22.75,90.27,0.19,0.4608936309814453,0.4576435089111328,9.54
2026-02-02,12.53,21.95,93.37,0.28,0.45491917928059894,0.45584551493326825,8.95
2026-02-03,7.06,22.28,88.45,1.02,0.4775098164876302,0.47197850545247394,15.09
2026-02-04,0.35,21.88,76.59,1.22,0.45712534586588544,0.4677378336588542,20.44
2026-02-05,0.92,22.85,78.79,0.51,0.44062550862630206,0.4544976552327474,17.87
2026-02-06,3.28,23.22,81.51,0.08,0.4347432454427083,0.4445393880208333,15.72
2026-02-07,22.02,22.01,90.5,0.33,0.45850372314453125,0.4492041269938151,15.21
2026-02-08,20.14,21.39,93.88,0.89,0.470126469930013,0.47643597920735675,7.75
2026-02-09,2.98,21.45,86.8,1.44,0.4675312042236328,0.46489206949869794,16.06
2026-02-10,3.2,21.57,84.13,1.62,0.4570929209391276,0.4561322530110677,19.39
2026-02-11,3.67,21.21,83.51,1.53,0.45496495564778644,0.4503498077392578,18.8
2026-02-12,5.05,22.27,83.1,1.04,0.45273462931315106,0.4475256601969401,20.9
2026-02-13,9.88,22.68,85.87,0.91,0.4709625244140625,0.4580071767171224,15.48
2026-02-14,23.3,22.72,86.98,0.74,0.46120262145996094,0.46873919169108075,12.61
2026-02-15,14.91,21.76,87.85,1.15,0.4564800262451172,0.45005035400390625,14.82
2026-02-16,34.71,21.79,90.38,0.73,0.46669451395670575,0.4581947326660156,12.58
2026-02-17,32.09,21.9,90.37,1.22,0.4708099365234375,0.46226946512858075,13.5
2026-02-18,11.23,21.8,87.96,1.34,0.47044944763183594,0.4747428894042969,15.33
2026-02-19,15.58,21.87,88.96,1.4,0.4611498514811198,0.4720102945963542,14.44
2026-02-20,5.63,22.24,85.12,1.25,0.4615275065104167,0.460446039835612,19.08
2026-02-21,4.55,22.36,85.27,1.3,0.46755345662434894,0.46665382385253906,19.84
2026-02-22,1.46,22.86,82.4,0.8,0.44850921630859375,0.45760027567545575,20.4
2026-02-23,24.69,22.2,89.75,0.58,0.4595177968343099,0.4608256022135417,12.58
2026-02-24,43.87,21.05,93.41,0.82,0.4605083465576172,0.4778753916422526,7.61
2026-02-25,7.89,21.33,86.04,1.32,0.47649510701497394,0.4768390655517578,14.33
2026-02-26,5.85,22.29,85.01,1.11,0.46673138936360675,0.46999867757161456,17.08
2026-02-27,3.98,23.45,81.77,0.76,0.46190452575683594,0.4672629038492839,20.63
2026-02-28,0.88,23.29,79.52,1.06,0.4543558756510417,0.4620685577392578,24.48
2026-03-01,1.12,23.12,79.49,1.34,0.43509546915690106,0.4511273701985677,23.74
2026-03-02,3.65,22.39,84.36,1.4,0.43480873107910156,0.4422721862792969,18.92
2026-03-03,5.8,22.13,83.24,1.55,0.4514319101969401,0.4430624643961589,19.0
2026-03-04,2.49,22.01,81.99,1.45,0.4435494740804036,0.44361305236816406,21.38
2026-03-05,4.75,22.48,83.61,1.5,0.4446837107340495,0.4412841796875,21.15
2026-03-06,6.63,22.16,85.45,1.58,0.4502423604329427,0.44250233968098956,18.19
2026-03-07,5.16,22.21,83.1,1.54,0.4530893961588542,0.4485645294189453,21.75
2026-03-08,5.25,22.28,83.0,0.96,0.4465185801188151,0.44463857014973956,16.77
2026-03-09,32.78,22.28,88.02,0.94,0.4365183512369792,0.4537639617919922,14.51
2026-03-10,17.88,22.17,85.26,1.31,0.43933677673339844,0.4614206949869792,19.34
2026-03-11,4.55,21.78,81.52,1.37,0.4533824920654297,0.4650866190592448,20.65
2026-03-12,15.86,22.26,80.47,0.92,0.45763715108235675,0.4591350555419922,23.81
2026-03-13,12.95,22.52,83.12,0.99,0.4712778727213542,0.46582794189453125,20.52
2026-03-14,5.67,22.02,83.49,1.26,0.4694023132324219,0.46744855244954425,18.23
2026-03-15,3.26,22.11,80.01,1.45,0.4598236083984375,0.4611937204996745,22.1
2026-03-16,0.82,22.95,75.45,0.79,0.442074457804362,0.4506581624348958,23.4
2026-03-17,5.43,23.94,78.73,0.59,0.4444783528645833,0.44292577107747394,18.29
2026-03-18,23.55,22.8,89.35,0.26,0.4552574157714844,0.44794654846191406,14.66
2026-03-19,18.24,22.58,89.18,0.44,0.4626140594482422,0.4665966033935547,19.48
2026-03-20,13.39,22.56,82.05,0.44,0.4505469004313151,0.4597574869791667,23.35
2026-03-21,20.89,22.37,84.4,0.38,0.4622230529785156,0.456790288289388,21.03
2026-03-22,23.15,22.38,90.12,0.36,0.4742005666097005,0.4779059092203776,16.41
2026-03-23,3.57,22.31,87.41,0.51,0.4680461883544922,0.4667549133300781,16.65
2026-03-24,5.72,22.8,87.38,0.63,0.46531422932942706,0.45988909403483075,18.13
2026-03-25,7.48,23.41,82.14,0.8,0.4683310190836589,0.46149253845214844,19.84
2026-03-26,5.94,22.9,84.51,1.05,0.47033055623372394,0.4686787923177083,16.84
2026-03-27,9.05,23.22,83.75,1.11,0.4678484598795573,0.4668954213460286,19.55
2026-03-28,3.4,23.12,82.43,0.78,0.4629681905110677,0.4675617218017578,18.61
2026-03-29,18.3,22.64,86.0,1.16,0.4625403086344401,0.46337254842122394,19.62
2026-03-30,33.35,22.39,87.34,1.35,0.4555339813232422,0.4515876770019531,18.18
2026-03-31,17.52,21.9,89.65,1.12,0.4683698018391927,0.47571055094401044,13.13
2026-04-01,24.85,21.78,89.72,1.15,0.4702739715576172,0.4679985046386719,14.43
2026-04-02,15.05,22.37,86.68,0.9,0.47615623474121094,0.4554920196533203,18.91
2026-04-03,10.79,22.88,84.71,0.93,0.4765199025472005,0.4751625061035156,19.33
2026-04-04,9.26,22.96,85.87,0.94,0.44962437947591144,0.4613634745279948,15.99
2026-04-05,22.24,23.87,84.64,0.73,0.44665082295735675,0.4676685333251953,20.37
2026-04-06,3.04,24.31,82.85,0.09,0.4613653818766276,0.4608453114827474,21.21
2026-04-07,20.17,24.15,83.91,0.04,0.47289276123046875,0.4746774037679036,19.92
2026-04-08,22.37,24.79,79.35,0.11,0.4396514892578125,0.4688269297281901,18.16
2026-04-09,3.43,24.85,82.44,0.54,0.4543902079264323,0.457366943359375,19.79
2026-04-10,2.4,24.18,82.53,0.86,0.45136578877766925,0.45275243123372394,18.57
2026-04-11,0.7,23.98,79.97,1.16,0.44054285685221356,0.44735081990559894,21.27
2026-04-12,4.28,23.87,81.48,1.37,0.42964744567871094,0.43952051798502606,20.86
2026-04-13,16.11,22.77,89.21,1.19,0.4527568817138672,0.4465827941894531,14.32
2026-04-14,24.08,22.58,90.39,0.95,0.465054194132487,0.46419525146484375,15.72
2026-04-15,12.14,22.92,83.81,1.02,0.4707927703857422,0.4710216522216797,23.83
2026-04-16,42.7,22.67,89.0,0.77,0.44414329528808594,0.46729405721028644,19.38
2026-04-17,28.71,22.62,87.72,0.48,0.4472490946451823,0.45300928751627606,20.08
2026-04-18,25.46,22.58,85.97,0.21,0.4381491343180339,0.4498392740885417,18.84
2026-04-19,24.26,22.94,87.75,0.33,0.4772300720214844,0.4575277964274089,17.57
2026-04-20,11.17,22.56,87.61,0.38,0.4518076578776042,0.46984608968098956,17.99
2026-04-21,9.29,22.88,84.88,0.54,0.4769999186197917,0.47025108337402344,17.89
2026-04-22,7.34,22.82,86.44,0.67,0.4752464294433594,0.47167078653971356,17.14
2026-04-23,12.28,22.31,88.8,0.41,0.4815082550048828,0.4770119984944661,11.16
2026-04-24,16.99,22.59,90.66,0.41,0.44294166564941406,0.4687671661376953,15.25
2026-04-25,6.22,22.57,86.04,0.25,0.474609375,0.47990163167317706,20.29
2026-04-26,22.71,22.85,82.58,0.15,0.45430628458658856,0.4716351826985677,20.19
2026-04-27,30.52,23.31,87.14,0.45,0.45349566141764325,0.47063573201497394,16.07
2026-04-28,21.27,23.07,88.14,0.58,0.4488709767659505,0.4556592305501302,14.3
2026-04-29,12.06,23.11,89.89,0.75,0.46711285909016925,0.45051320393880206,13.65
2026-04-30,5.59,23.25,86.67,0.81,0.46282704671223956,0.4711265563964844,14.2
2026-05-01,1.56,24.22,82.59,0.86,0.4604371388753255,0.4648138682047526,21.91
2026-05-02,2.15,24.38,84.57,0.46,0.4459381103515625,0.4548473358154297,16.6
2026-05-03,3.53,24.05,85.3,0.68,0.4473730723063151,0.4482606252034505,18.78
2026-05-04,0.18,23.92,83.39,0.89,0.4413795471191406,0.4441827138264974,21.74
2026-05-05,0.77,24.9,78.87,0.55,0.420199712117513,0.43572998046875,23.58
2026-05-06,0.14,25.33,75.37,0.67,0.40574391682942706,0.4265708923339844,24.95
2026-05-07,0.13,25.04,76.6,0.71,0.38833872477213544,0.41691017150878906,24.21
2026-05-08,0.03,25.2,75.07,1.17,0.3715674082438151,0.40737152099609375,25.8
2026-05-09,0.13,24.07,77.01,1.45,0.35474586486816406,0.3978036244710286,23.86
2026-05-10,0.97,23.23,80.59,1.23,0.34392865498860675,0.38945960998535156,21.09
2026-05-11,11.53,24.39,84.11,0.93,0.39475123087565106,0.3849042256673177,20.22
2026-05-12,16.09,24.28,87.0,0.49,0.4545968373616536,0.41420237223307294,16.6
2026-05-13,9.66,24.56,84.45,0.41,0.4545135498046875,0.44635772705078125,17.71
2026-05-14,12.01,25.08,81.41,0.2,0.4555047353108724,0.44697125752766925,17.82
2026-05-15,3.84,25.23,80.0,0.48,0.4266153971354167,0.4378897349039714,21.13
2026-05-16,0.24,24.89,76.87,1.07,0.4210122426350911,0.4304186503092448,23.53
2026-05-17,8.57,24.41,84.56,0.92,0.418667475382487,0.42278162638346356,20.16
2026-05-18,20.36,24.0,85.34,0.76,0.4346942901611328,0.4440593719482422,18.66
2026-05-19,0.5,24.37,75.01,0.91,0.434353510538737,0.43746503194173175,23.77
2026-05-20,3.15,24.66,81.34,0.81,0.4219169616699219,0.4295654296875,21.54
2026-05-21,27.99,25.11,81.28,0.25,0.4452991485595703,0.4503053029378255,16.81
2026-05-22,6.92,24.82,86.05,0.57,0.45241355895996094,0.4478136698404948,16.18
2026-05-23,0.52,24.83,79.89,0.92,0.4504324595133464,0.4515844980875651,20.6
2026-05-24,1.14,24.3,82.79,0.91,0.43072954813639325,0.44191932678222656,18.32
2026-05-25,1.34,24.27,75.69,1.08,0.4216779073079427,0.4336706797281901,22.29
2026-05-26,8.55,24.41,84.65,0.86,0.42706298828125,0.4276549021402995,15.87
2026-05-27,5.8,23.95,87.16,1.02,0.4496472676595052,0.4405314127604167,13.1
2026-05-28,2.15,24.55,80.96,0.69,0.4424508412679036,0.44164403279622394,17.81
2026-05-29,1.86,25.2,78.97,0.39,0.435635248819987,0.43668874104817706,21.16
2026-05-30,5.65,25.04,84.08,0.49,0.430389404296875,0.43070030212402344,17.74
2026-05-31,0.53,25.56,76.21,0.4,0.4313742319742839,0.4320831298828125,21.91
2026-06-01,0.79,26.29,70.73,0.75,0.4080149332682292,0.4238395690917969,23.55
2026-06-02,0.58,25.61,73.3,0.51,0.39332834879557294,0.41456349690755206,22.62
2026-06-03,2.13,24.73,82.39,0.19,0.38624127705891925,0.4067039489746094,17.77
2026-06-04,6.73,23.86,87.81,0.43,0.4185771942138672,0.40490086873372394,9.26
2026-06-05,10.16,23.88,86.81,0.09,0.44464683532714844,0.41836992899576825,11.13
2026-06-06,4.62,23.53,86.46,0.16,0.4453264872233073,0.43505859375,8.51
2026-06-07,7.58,23.14,84.88,0.21,0.46444129943847656,0.4418481190999349,9.25
2026-06-08,1.4,23.31,83.4,0.34,0.4519081115722656,0.44367090861002606,12.32
2026-06-09,9.15,23.11,87.92,0.2,0.46493085225423175,0.44552866617838544,10.69
2026-06-10,1.96,24.04,78.13,0.65,0.45750172932942706,0.45091692606608075,20.82
2026-06-11,0.4,24.41,75.33,0.72,0.4301109313964844,0.440646489461263,24.25
2026-06-12,0.66,24.96,76.61,0.73,0.4144554138183594,0.4299437204996745,21.94
2026-06-13,4.12,25.05,81.68,0.57,0.40589014689127606,0.4209912618001302,18.64
2026-06-14,1.13,24.57,77.52,0.72,0.42366472880045575,0.4187628428141276,22.34
2026-06-15,0.38,24.58,71.28,0.57,0.3980325063069661,0.41287803649902344,22.08
2026-06-16,0.01,24.29,75.85,0.63,0.381191889444987,0.4048906962076823,22.28
2026-06-17,0.74,24.96,73.97,0.24,0.3659229278564453,0.39652379353841144,19.74
2026-06-18,1.56,24.15,84.27,0.8,0.36501820882161456,0.39021046956380206,15.1
2026-06-19,5.97,23.11,87.24,0.93,0.3827679951985677,0.38672320048014325,12.95
2026-06-20,6.38,23.8,84.15,0.78,0.4148400624593099,0.38909912109375,16.35
2026-06-21,2.75,23.46,83.58,0.97,0.4207661946614583,0.39908727010091144,19.81
2026-06-22,2.05,24.55,77.68,1.08,0.4066505432128906,0.39905865987141925,22.73
2026-06-23,0.42,24.13,69.82,1.45,0.39418284098307294,0.3950055440266927,23.56
2026-06-24,1.75,23.29,79.28,1.4,0.3753541310628255,0.38877296447753906,22.86
2026-06-25,6.19,23.89,81.22,0.85,0.376553217569987,0.38344383239746094,20.2
2026-06-26,0.79,24.84,69.3,1.22,0.39888572692871094,0.3858591715494792,22.59
2026-06-27,0,24.26,63.84,1.43,0.3700071970621745,0.3818918863932292,21.22
2026-06-28,1.72,23.85,74.77,1.06,0.3525848388671875,0.37539227803548175,24.01
2026-06-29,0.28,25.37,71.77,0.76,0.34853045145670575,0.36953290303548175,20.73
2026-06-30,1.24,25.11,72.17,1.18,0.33436012268066406,0.3635565439860026,23.76
2026-07-01,0.49,24.92,76.72,1.15,0.32732582092285156,0.35755475362141925,17.66
2026-07-02,1.2,24.93,74.72,1.05,0.32056236267089844,0.3527304331461589,20.26
2026-07-03,5.51,24.12,84.6,0.93,0.3405799865722656,0.3491249084472656,8.45
2026-07-04,2.01,24.47,74.24,0.5,0.3699239095052083,0.34989039103190106,12.86
2026-07-05,0.42,24.69,73.79,1.12,0.3615379333496094,0.3495171864827474,19.87
2026-07-06,1.01,24.7,70.77,1.01,0.3419049580891927,0.3462034861246745,19.59
2026-07-07,6.74,25.01,78.57,1.09,0.37794748942057294,0.3456885019938151,19.37
2026-07-08,2.25,24.9,78.43,1.16,0.37106895446777344,0.3476111094156901,18.78
2026-07-09,6.65,24.61,79.96,0.97,0.3963705698649089,0.35316721598307294,15.41
2026-07-10,1.16,25.02,73.18,1.04,0.38345972696940106,0.3591467539469401,15.97
2026-07-11,0.04,24.41,68.69,1.43,0.3660240173339844,0.3580004374186198,16.8
2026-07-12,6.62,23.36,84.27,1.24,0.3692792256673177,0.3555609385172526,15.3
2026-07-13,5.49,23.88,82.06,0.97,0.404574712117513,0.3655039469401042,13.41
2026-07-14,2.77,24.36,77.75,1.22,0.3962726593017578,0.3718376159667969,19.87
2026-07-15,0.61,24.31,74.86,1.42,0.3809210459391276,0.3711229960123698,17.87
2026-07-16,0.86,24.27,76.12,1.43,0.36487579345703125,0.3670450846354167,22.66
2026-07-17,0.1,24.34,72.41,1.42,0.34850184122721356,0.3614012400309245,25.09
2026-07-18,2.53,24.08,73.53,1.43,0.3306560516357422,0.35471471150716144,21.96
2026-07-19,5.84,23.51,83.82,1.43,0.37203725179036456,0.3516623179117839,15.44
2026-07-20,6.19,23.37,85.41,0.93,0.3942991892496745,0.3558972676595052,12.4
2026-07-21,7.79,23.06,85.62,0.9,0.4241841634114583,0.37317657470703125,10.91
2026-07-22,1.06,23.08,82.24,0.95,0.40875816345214844,0.38085683186848956,13.63
2026-07-23,2.02,24.08,78.86,0.21,0.396786371866862,0.378753662109375,15.23
2026-07-24,2.36,25.13,71.31,0.58,0.4029305775960286,0.3782501220703125,16.23
2026-07-25,0.72,24.3,75.69,1.23,0.3823553721110026,0.3753662109375,20.44
